-173,-177,0
-188,-175,0
-178,180,1
-160,-183,0
-196,-176,0
-179,180,1
-8,200,5
-181,183,1
-7,202,5
-7,-8,4
175,197,2
-186,180,1
176,-184,3
175,-182,3
181,-178,3
-2,2,4
184,170,2
-175,-180,0
-176,180,1
-163,-178,0
174,174,2
5,0,4
-180,175,1
-188,-174,0
10,202,5
-3,199,5
181,165,2
-3,-1,4
177,184,2
-169,174,1
-9,202,5
185,181,2
-2,2,4
-183,-179,0
0,3,4
7,1,4
-178,-173,0
178,186,2
1,4,4
-186,182,1
-161,-179,0
-205,-180,0
187,-166,3
2,2,4
-181,180,1
-167,-174,0
173,-177,3
185,-170,3
-175,178,1
-179,176,1
-183,182,1
4,3,4
-181,181,1
-7,198,5
-1,205,5
177,188,2
186,193,2
-176,-175,0
-184,176,1
0,198,5
2,3,4
-4,-10,4
-185,178,1
180,-185,3
6,205,5
-175,179,1
-169,181,1
175,-164,3
-177,-177,0
180,-193,3
187,183,2
-7,-1,4
182,-181,3
1,0,4
184,182,2
184,-187,3
0,5,4
-182,178,1
-192,182,1
-191,-179,0
-170,-180,0
181,191,2
183,189,2
15,5,4
183,185,2
174,-194,3
-183,181,1
178,189,2
174,183,2
-4,-2,4
-178,-177,0
-184,-171,0
-7,6,4
180,-168,3
186,179,2
-179,183,1
177,-178,3
4,198,5
183,-182,3
-2,198,5
-177,173,1
181,183,2
-1,196,5
-190,-182,0
-179,177,1
-184,181,1
-170,181,1
4,194,5
1,202,5
179,185,2
169,-174,3
1,210,5
-163,-182,0
4,194,5
-2,2,4
179,-185,3
-193,-178,0
177,176,2
2,198,5
-170,-176,0
179,176,2
3,3,4
1,198,5
182,186,2
190,173,2
-163,-177,0
-6,-4,4
-9,1,4
-1,2,4
4,0,4
-9,1,4
-2,198,5
-192,-176,0
-188,-190,0
-187,192,1
188,175,2
184,174,2
2,206,5
181,169,2
3,-3,4
9,198,5
-183,-187,0
-183,-185,0
0,202,5
-1,7,4
-3,1,4
-181,177,1
3,205,5
-191,-176,0
-176,-182,0
-186,-183,0
-3,-2,4
184,-178,3
181,-168,3
-6,4,4
-8,209,5
184,188,2
-1,211,5
0,5,4
176,192,2
-7,199,5
-190,185,1
5,204,5
1,4,4
182,-151,3
4,-5,4
0,9,4
181,-183,3
-7,207,5
8,204,5
-192,-186,0
-172,-180,0
-186,-182,0
-176,181,1
176,180,2
177,-183,3
5,199,5
-171,-183,0
1,201,5
179,189,2
187,175,2
0,-2,4
6,-7,4
-212,-179,0
179,-187,3
-173,176,1
4,6,4
-182,184,1
177,-189,3
5,191,5
-6,7,4
-185,-174,0
-190,-187,0
-185,-174,0
-181,182,1
-1,0,4
179,-185,3
8,-11,4
176,-203,3
-202,-174,0
-182,182,1
-176,-173,0
0,201,5
180,-179,3
184,172,2
176,188,2
182,-178,3
180,-195,3
1,11,4
1,188,5
-184,183,1
183,163,2
181,-189,3
191,173,2
-182,174,1
-188,179,1
176,174,2
-181,-178,0
178,-180,3
178,-153,3
179,171,2
-173,181,1
-184,-171,0
-180,176,1
-189,-176,0
9,0,4
182,-186,3
1,202,5
3,-3,4
-184,185,1
182,-199,3
-3,-1,4
183,191,2
178,183,2
-4,4,4
4,198,5
-179,-186,0
-185,-190,0
-190,-179,0
186,170,2
187,166,2
-4,-1,4
176,-183,3
3,-2,4
-174,183,1
-175,-179,0
182,178,2
12,203,5
182,-176,3
4,0,4
-173,-180,0
179,-193,3
-177,179,1
176,167,2
178,188,2
172,-171,3
176,-184,3
177,-171,3
3,202,5
185,167,2
0,10,4
170,193,2
-9,-2,4
180,171,2
-168,181,1
179,-173,3
0,12,4
7,-5,4
185,-184,3
174,-166,3
183,-171,3
-2,-2,4
-164,178,1
177,185,2
-176,-179,0
-183,175,1
179,198,2
-172,172,1
-5,6,4
175,-156,3
181,169,2
180,-181,3
169,179,2
180,-174,3
185,-171,3
181,171,2
-6,4,4
-7,197,5
-191,-176,0
-188,-186,0
2,199,5
182,-180,3
-162,-180,0
-3,200,5
183,-187,3
-176,179,1
8,-2,4
-2,205,5
183,175,2
1,5,4
-184,-173,0
186,-191,3
188,-186,3
-177,177,1
-5,200,5
-178,185,1
12,208,5
-186,-186,0
-6,-1,4
-9,2,4
-2,205,5
185,194,2
-8,202,5
-175,-177,0
179,-180,3
1,-9,4
7,207,5
-179,182,1
-175,-182,0
182,178,2
-6,0,4
-3,9,4
-186,182,1
-7,195,5
-7,201,5
2,215,5
187,191,2
177,189,2
1,194,5
-179,180,1
-5,199,5
185,192,2
-192,-181,0
-14,-2,4
-7,201,5
2,3,4
182,185,2
10,206,5
-5,0,4
-4,197,5
-170,-184,0
177,179,2
182,-168,3
1,-1,4
-1,195,5
-202,-180,0
5,198,5
-10,4,4
183,-172,3
2,203,5
-184,188,1
0,-6,4
0,197,5
2,201,5
176,-203,3
-172,185,1
-176,173,1
-183,181,1
183,181,2
1,193,5
-192,-188,0
184,-181,3
4,195,5
183,172,2
186,-177,3
-6,208,5
-2,204,5
-7,202,5
3,-7,4
-177,-182,0
183,183,2
-1,196,5
-179,-186,0
190,191,2
171,-169,3
174,-183,3
4,200,5
180,-198,3
-1,200,5
185,-187,3
-181,182,1
-168,-168,0
176,-178,3
182,-180,3
-187,174,1
174,-156,3
-174,179,1
-187,173,1
-203,-181,0
181,170,2
187,186,2
178,188,2
-1,-5,4
178,-185,3
-179,-183,0
181,-191,3
-182,183,1
-7,-3,4
5,192,5
-182,-177,0
-190,185,1
172,-195,3
-2,203,5
174,174,2
177,177,2
188,-176,3
1,198,5
180,-174,3
1,203,5
-4,196,5
3,-6,4
-4,199,5
185,207,2
185,-174,3
186,168,2
-178,-182,0
176,-185,3
182,-193,3
181,-188,3
181,173,2
-190,-178,0
173,188,2
-176,182,1
3,200,5
-187,177,1
-185,178,1
172,-179,3
173,184,2
176,174,2
177,180,2
-9,195,5
-4,-6,4
189,166,2
-3,4,4
181,-168,3
183,160,2
1,0,4
195,186,2
176,183,2
0,199,5
-179,-180,0
-179,176,1
177,202,2
179,189,2
-183,-181,0
-199,-178,0
177,186,2
-176,-183,0
-178,-178,0
-176,-175,0
4,1,4
-173,171,1
1,191,5
-181,181,1
-181,172,1
187,-188,3
-178,179,1
-7,197,5
-191,-179,0
-4,197,5
185,-207,3
-185,-175,0
181,173,2
182,-184,3
-188,-182,0
-1,201,5
-177,-185,0
7,204,5
-203,-173,0
181,196,2
6,-2,4
-176,-171,0
4,208,5
184,-185,3
-175,-174,0
179,168,2
0,-1,4
183,179,2
-181,182,1
-179,-175,0
-192,-180,0
177,-195,3
-202,-178,0
-181,178,1
0,194,5
-199,-187,0
-186,179,1
-186,186,1
-182,182,1
180,-181,3
-176,175,1
1,1,4
-179,178,1
-183,176,1
5,1,4
-178,180,1
172,-177,3
184,183,2
-180,178,1
-5,0,4
-187,-177,0
180,-199,3
188,178,2
-187,-178,0
4,3,4
-178,178,1
181,187,2
-1,205,5
4,204,5
184,-174,3
186,177,2
179,-193,3
-1,3,4
-7,203,5
1,197,5
182,153,2
-189,-178,0
-13,5,4
180,176,2
-2,203,5
-189,-184,0
179,173,2
-1,1,4
171,-189,3
180,-187,3
-168,-177,0
-185,184,1
176,168,2
-187,183,1
185,190,2
0,5,4
-4,11,4
-2,-3,4
-4,-7,4
-182,-189,0
179,157,2
-16,198,5
-191,-176,0
179,-196,3
-186,184,1
-3,-1,4
-184,181,1
-5,200,5
-189,-177,0
187,187,2
-181,181,1
181,180,2
0,201,5
-181,178,1
-5,200,5
-182,176,1
2,-8,4
183,-181,3
-175,177,1
174,184,2
-181,178,1
7,198,5
171,-192,3
170,187,2
176,160,2
6,-3,4
-7,192,5
6,205,5
181,-184,3
183,-182,3
-177,185,1
-172,-187,0
172,194,2
-197,-184,0
179,-183,3
175,181,2
180,166,2
182,176,2
-3,5,4
1,199,5
-182,173,1
3,3,4
186,-169,3
1,197,5
-188,-185,0
-184,-185,0
10,188,5
176,191,2
-4,201,5
-5,5,4
174,-193,3
-1,191,5
174,180,2
-173,185,1
-175,180,1
175,-168,3
179,-185,3
-185,176,1
-173,-183,0
-1,192,5
183,-166,3
179,-184,3
-178,-183,0
179,-154,3
-182,175,1
-4,9,4
-182,180,1
-6,-9,4
-179,177,1
-173,178,1
-180,181,1
173,175,2
177,184,2
-173,-184,0
-178,-182,0
174,198,2
-4,208,5
-185,179,1
-184,183,1
-180,186,1
-1,204,5
-176,177,1
180,-186,3
173,200,2
-180,180,1
-175,-178,0
173,186,2
-172,-171,0
-190,180,1
-11,194,5
177,181,2
-178,182,1
2,-8,4
-173,174,1
-176,177,1
0,196,5
-6,1,4
178,-180,3
-188,-185,0
182,-172,3
175,184,2
179,-208,3
182,-197,3
-2,201,5
-188,-182,0
179,169,2
-174,186,1
3,-1,4
-177,-183,0
-185,181,1
4,-5,4
-179,177,1
173,-180,3
-6,198,5
-2,197,5
188,182,2
-181,-179,0
177,186,2
-1,3,4
-2,197,5
5,199,5
176,-173,3
174,-192,3
-172,176,1
3,199,5
-1,3,4
-5,8,4
4,200,5
-198,-184,0
181,-167,3
-199,-186,0
-190,-177,0
174,183,2
-176,182,1
1,199,5
-186,-186,0
180,184,2
-4,195,5
-41,188,2
-185,-175,0
-181,-191,0
-175,-179,0
-2,-1,4
0,200,5
-172,-185,0
-1,203,5
-170,176,1
-2,197,5
177,179,2
5,199,5
-6,-4,4
-7,202,5
0,3,4
194,173,2
-185,-183,0
-180,-175,0
-172,-179,0
-179,176,1
181,169,2
175,-189,3
1,199,5
-1,202,5
-197,-182,0
-179,181,1
-182,-180,0
-179,-176,0
-9,-9,4
-3,205,5
-192,-181,0
-188,-178,0
177,195,2
179,-186,3
-189,-190,0
-190,-179,0
-178,-179,0
-167,-176,0
186,-190,3
-176,182,1
-165,-176,0
183,-159,3
1,-1,4
-180,172,1
180,178,2
183,188,2
-178,175,1
-184,188,1
-182,-184,0
-200,-179,0
-3,-4,4
-174,-181,0
-1,-3,4
-180,-187,0
186,-180,3
-171,-184,0
184,-183,3
178,179,2
176,175,2
188,174,2
178,-190,3
174,-210,3
182,-155,3
-178,-180,0
0,9,4
-191,-173,0
177,-175,3
-4,206,5
-165,-171,0
-180,175,1
179,-179,3
177,-189,3
183,-178,3
181,195,2
174,-168,3
-3,4,4
182,-182,3
0,-4,4
4,197,5
4,204,5
183,-171,3
-1,-2,4
175,-158,3
-184,-180,0
-186,-180,0
-184,176,1
191,179,2
172,184,2
184,-175,3
-177,-176,0
-8,197,5
177,198,2
2,-3,4
-188,186,1
185,182,2
-6,202,5
180,188,2
-194,-174,0
-189,-176,0
179,-195,3
-5,199,5
-177,-182,0
173,179,2
-177,-181,0
-8,197,5
-186,186,1
179,197,2
0,-10,4
-173,-185,0
-189,-181,0
-8,201,5
4,203,5
-3,197,5
174,202,2
175,162,2
-3,-3,4
-177,-179,0
175,-189,3
-182,182,1
-180,180,1
179,-198,3
-179,183,1
176,189,2
5,197,5
-2,6,4
-5,202,5
-4,202,5
-180,179,1
-170,-185,0
-179,-173,0
2,-5,4
0,2,4
180,-166,3
-172,-178,0
-176,-171,0
179,-165,3
179,-190,3
175,-180,3
-175,185,1
3,198,5
-190,-183,0
-183,178,1
181,-180,3
185,185,2
10,1,4
183,-173,3
5,199,5
7,205,5
185,-179,3
-169,-184,0
180,164,2
178,184,2
5,-1,4
-10,-2,4
-3,2,4
179,198,2
-1,2,4
6,193,5
-178,180,1
-5,6,4
-3,197,5
-179,183,1
-178,180,1
-186,173,1
-11,-6,4
4,-3,4
-170,-176,0
-193,-172,0
-9,192,5
187,194,2
-4,201,5
-182,191,1
179,172,2
176,-188,3
182,-168,3
-181,173,1
-180,-181,0
8,203,5
-188,175,1
-2,-5,4
176,180,2
-185,-177,0
-4,206,5
-181,184,1
179,178,2
-184,-185,0
-5,199,5
-7,205,5
-183,180,1
3,195,5
185,-188,3
176,185,2
-177,182,1
-4,2,4
-172,183,1
186,168,2
-173,-180,0
-169,-185,0
181,179,2
-168,178,1
-11,197,5
-176,180,1
5,197,5
184,-177,3
-181,176,1
1,-5,4
-10,3,4
-174,-180,0
-165,-181,0
-182,182,1
9,-4,4
-179,176,1
-3,201,5
-4,7,4
-5,197,5
-166,179,1
179,-198,3
3,206,5
-184,-174,0
-1,198,5
189,-183,3
-178,181,1
-180,180,1
-191,-186,0
-5,190,5
180,-179,3
178,195,2
5,10,4
-178,-180,0
2,194,5
-184,180,1
175,-163,3
181,-169,3
185,-182,3
-179,-186,0
-177,183,1
178,-189,3
5,1,4
181,-193,3
-181,-178,0
12,192,5
-175,182,1
-189,-173,0
-176,-172,0
-7,193,5
-162,-178,0
184,177,2
-5,193,5
-172,-176,0
0,-4,4
-182,-184,0
-1,-5,4
176,-188,3
9,206,5
-180,179,1
-181,183,1
-177,-182,0
-184,-171,0
2,203,5
180,-179,3
177,192,2
-181,182,1
-172,178,1
-1,194,5
-2,194,5
5,-3,4
7,-1,4
-1,-1,4
3,206,5
-7,195,5
-177,174,1
-1,-6,4
-8,-1,4
177,180,2
3,201,5
189,173,2
6,204,5
-184,184,1
-180,182,1
183,-204,3
-11,9,4
-190,-178,0
180,-193,3
1,-5,4
178,-180,3
183,180,2
1,-5,4
-181,-174,0
-172,179,1
178,168,2
-4,209,5
183,-189,3
181,-185,3
-9,200,5
183,-180,3
-184,185,1
-172,176,1
183,-177,3
-173,-181,0
174,175,2
-1,195,5
1,5,4
-2,205,5
0,195,5
-174,-181,0
-180,181,1
-6,-4,4
-181,-187,0
182,161,2
-193,-184,0
174,-192,3
-174,182,1
181,171,2
1,-6,4
-3,2,4
-183,177,1
3,205,5
-182,177,1
183,-170,3
184,175,2
-180,180,1
0,203,5
-178,179,1
-183,-179,0
181,168,2
182,168,2
179,-192,3
182,193,2
-2,-1,4
1,3,4
179,176,2
-187,-180,0
10,2,4
-175,181,1
-162,-176,0
177,-172,3
-175,177,1
181,-179,3
2,-10,4
181,175,2
-185,-178,0
-179,178,1
-1,206,5
178,-178,3
182,-184,3
7,-4,4
173,169,2
177,-183,3
181,180,2
169,171,2
-178,181,1
183,-191,3
181,-180,3
186,179,2
-1,-1,4
184,-168,3
182,-169,3
-3,203,5
-187,179,1
181,-173,3
-7,7,4
184,-190,3
176,173,2
-177,180,1
181,196,2
186,193,2
6,6,4
-186,180,1
179,-177,3
-3,198,5
2,198,5
-165,-176,0
-188,183,1
-181,178,1
-187,-184,0
-181,182,1
-183,185,1
-176,185,1
3,-9,4
-181,174,1
4,0,4
-165,-179,0
-2,4,4
-174,171,1
178,209,2
3,6,4
-188,172,1
-160,-175,0
-181,179,1
183,-166,3
177,-175,3
-182,-180,0
7,201,5
-175,185,1
-177,-186,0
8,199,5
174,189,2
0,6,4
178,-184,3
-185,-189,0
0,207,5
-181,174,1
4,6,4
178,-175,3
0,-3,4
175,184,2
178,-182,3
0,192,5
-187,-182,0
7,-2,4
-176,187,1
-180,174,1
-172,-178,0
185,178,2
189,187,2
-182,-180,0
-181,178,1
-182,183,1
4,192,5
-181,183,1
185,-155,3
3,200,5
-2,6,4
-1,208,5
-188,-179,0
-179,176,1
-5,200,5
5,-8,4
194,176,2
181,173,2
-2,206,5
-184,-184,0
185,-191,3
178,-161,3
-172,-180,0
-7,-4,4
-182,-176,0
-175,-182,0
-6,193,5
1,5,4
-192,177,1
180,-186,3
-176,182,1
-184,184,1
-175,-182,0
2,-1,4
10,10,4
183,-182,3
-183,177,1
-2,208,5
-1,12,4
174,182,2
187,181,2
-2,6,4
-1,186,5
188,179,2
174,167,2
4,199,5
183,191,2
-180,174,1
180,173,2
-178,180,1
-4,204,5
185,178,2
-187,-181,0
-168,-184,0
-186,175,1
-179,183,1
12,190,5
181,176,2
-185,185,1
180,-186,3
1,200,5
-2,204,5
0,207,5
182,-165,3
179,173,2
-172,-180,0
10,199,5
182,200,2
-1,196,5
181,175,2
-190,181,1
177,188,2
-183,-178,0
179,185,2
186,-171,3
6,1,4
-3,200,5
189,-181,3
6,194,5
172,-174,3
-171,-178,0
-176,-181,0
-182,185,1
-183,178,1
-184,-169,0
-190,-186,0
-169,-178,0
-179,173,1
-8,2,4
-181,-181,0
-178,171,1
-184,-189,0
-3,199,5
181,-184,3
181,176,2
-180,183,1
-9,0,4
-177,180,1
-1,3,4
-171,-181,0
9,0,4
-4,-8,4
-183,180,1
-179,-181,0
-1,199,5
-180,-181,0
-174,-181,0
179,-176,3
5,197,5
-1,200,5
-180,-180,0
3,-5,4
-181,-178,0
0,3,4
-189,-188,0
180,175,2
185,-195,3
1,218,5
-5,-3,4
-6,4,4
180,183,2
-1,199,5
183,-188,3
14,5,4
-176,183,1
-5,197,5
-172,188,1
173,210,2
-2,198,5
177,196,2
8,198,5
2,-8,4
-184,182,1
-3,5,4
174,182,2
179,-183,3
-192,-184,0
-179,179,1
3,201,5
-181,180,1
-168,-179,0
0,204,5
1,-1,4
-185,180,1
9,2,4
176,-188,3
182,186,2
-170,-179,0
6,204,5
-185,-179,0
179,190,2
181,-178,3
-4,5,4
2,-3,4
-168,-177,0
-6,197,5
4,195,5
2,207,5
5,198,5
-164,-184,0
1,5,4
7,5,4
-187,184,1
-185,-179,0
181,-186,3
-178,180,1
-192,178,1
-184,175,1
4,201,5
-2,201,5
-171,-180,0
-191,-178,0
4,4,4
-2,197,5
-167,-187,0
-184,183,1
-194,-172,0
-183,177,1
184,182,2
-5,202,5
176,168,2
172,193,2
175,211,2
6,203,5
181,-169,3
-8,7,4
-180,-180,0
-186,-173,0
174,182,2
178,-170,3
176,199,2
182,173,2
-181,178,1
6,-2,4
189,183,2
-181,-181,0
177,188,2
5,210,5
-5,200,5
-180,181,1
2,3,4
187,-174,3
178,182,2
5,-4,4
-172,175,1
-185,184,1
5,-2,4
182,-189,3
175,170,2
-3,6,4
-2,206,5
-186,178,1
-182,174,1
-8,5,4
-179,180,1
-182,176,1
180,169,2
-177,180,1
177,187,2
7,206,5
185,184,2
-196,-177,0
-183,-183,0
184,169,2
-187,174,1
-158,-180,0
181,171,2
175,196,2
4,1,4
187,186,2
13,199,5
-180,176,1
185,-181,3
180,-189,3
-7,2,4
-6,-4,4
172,-182,3
-181,180,1
-198,-176,0
5,193,5
7,6,4
-4,201,5
5,206,5
-8,200,5
-180,-179,0
-179,181,1
182,-173,3
-170,185,1
2,0,4
169,177,2
180,-189,3
-181,-180,0
3,-2,4
1,198,5
2,203,5
-185,-172,0
2,-1,4
181,178,2
-2,-9,4
179,-190,3
-1,-4,4
-178,188,1
-7,-2,4
-186,182,1
187,-184,3
180,-169,3
179,-197,3
-182,182,1
9,197,5
-7,1,4
10,200,5
4,16,4
-176,-176,0
179,-177,3
180,187,2
3,0,4
-173,185,1
182,174,2
186,-176,3
-182,-182,0
184,-180,3
-180,-179,0
179,-206,3
-7,206,5
-7,201,5
185,184,2
-197,-177,0
182,-183,3
186,-202,3
-178,-180,0
185,173,2
180,170,2
-181,182,1
183,-182,3
188,177,2
176,-164,3
182,169,2
-184,182,1
-175,-198,0
-171,-183,0
188,184,2
8,2,4
176,-181,3
-186,-178,0
-3,-8,4
3,198,5
-184,-187,0
-184,-177,0
-170,181,1
176,-200,3
-171,186,1
-170,-179,0
181,-184,3
187,180,2
-177,181,1
175,-200,3
179,183,2
-181,-177,0
-5,5,4
3,200,5
-5,201,5
182,195,2
-195,-177,0
187,184,2
177,181,2
3,194,5
-5,0,4
-185,181,1
-188,-178,0
178,-180,3
180,-174,3
185,209,2
185,185,2
-174,182,1
-182,179,1
3,205,5
-175,174,1
4,203,5
-185,178,1
-4,206,5
175,179,2
-3,-4,4
9,204,5
5,-1,4
9,206,5
184,-180,3
185,188,2
1,10,4
3,201,5
-185,174,1
-168,180,1
180,188,2
175,-191,3
185,-168,3
1,7,4
182,-182,3
181,-174,3
-7,202,5
0,200,5
0,203,5
-2,-2,4
-2,-1,4
174,-167,3
-184,180,1
-192,180,1
-3,200,5
183,-174,3
-172,-192,0
182,180,2
-180,174,1
-169,185,1
-173,-186,0
-198,-178,0
-3,3,4
-183,-182,0
181,161,2
-7,-4,4
177,193,2
-191,-186,0
3,192,5
-171,-176,0
6,-9,4
180,176,2
-5,1,4
166,170,2
182,-193,3
-176,-186,0
186,-175,3
-187,-180,0
-171,-182,0
-7,-7,4
1,194,5
-179,-187,0
-185,182,1
186,-175,3
-181,180,1
-189,-176,0
180,185,2
-161,-184,0
-9,202,5
3,200,5
7,204,5
1,192,5
-184,-184,0
-182,187,1
170,165,2
176,-176,3
1,196,5
177,-175,3
184,180,2
-178,186,1
-175,-182,0
186,-168,3
-1,7,4
-183,178,1
5,200,5
-182,173,1
182,185,2
176,191,2
180,196,2
191,187,2
-186,-181,0
-184,178,1
-175,-188,0
-182,-179,0
182,176,2
6,-2,4
-3,197,5
-188,175,1
-180,187,1
-7,192,5
-181,182,1
-2,205,5
-3,193,5
184,-182,3
-177,186,1
177,173,2
178,157,2
182,-158,3
-184,178,1
1,195,5
180,185,2
-186,-185,0
-4,192,5
-182,180,1
178,190,2
186,-179,3
177,178,2
187,196,2
-157,-176,0
-192,-172,0
-4,-2,4
-1,-3,4
175,-163,3
-3,-1,4
-3,205,5
1,205,5
176,190,2
10,194,5
-185,183,1
173,166,2
-185,-185,0
179,-176,3
183,-190,3
-180,-184,0
-187,-176,0
177,178,2
1,1,4
-173,179,1
-180,175,1
-181,-183,0
-12,5,4
1,199,5
185,177,2
-2,2,4
179,-179,3
7,-1,4
183,188,2
180,-191,3
-165,-193,0
184,172,2
174,-171,3
-177,116,1
-2,-1,4
184,-184,3
-179,179,1
177,-169,3
-189,-178,0
-183,173,1
-178,-176,0
1,5,4
3,198,5
-1,3,4
-3,-6,4
-6,198,5
-178,178,1
3,0,4
7,194,5
-175,-169,0
-169,-184,0
-1,195,5
-181,187,1
-176,183,1
-179,-181,0
-176,170,1
-185,-183,0
177,168,2
178,188,2
2,198,5
178,-186,3
-177,181,1
182,169,2
-172,-178,0
-184,176,1
-182,-183,0
182,-168,3
175,-186,3
-196,-186,0
2,205,5
186,-177,3
-166,-180,0
177,181,2
179,167,2
183,137,3
177,-166,3
-6,3,4
179,186,2
181,-191,3
-16,191,5
-8,208,5
177,179,2
-182,179,1
179,-173,3
191,162,2
-169,182,1
-188,-183,0
179,-182,3
-171,184,1
4,-7,4
-177,183,1
-2,199,5
9,-2,4
-177,179,1
-171,179,1
-10,-1,4
173,-184,3
-180,186,1
185,185,2
2,200,5
-190,178,1
9,200,5
-176,176,1
4,-1,4
-189,-181,0
2,199,5
-177,181,1
187,175,2
-175,178,1
-177,181,1
181,177,2
-169,-179,0
-11,189,5
1,-6,4
0,201,5
180,184,2
0,0,4
4,-1,4
1,1,4
-177,183,1
177,181,2
185,184,2
-1,-12,4
-183,-182,0
1,197,5
-177,187,1
0,200,5
177,182,2
10,4,4
182,181,2
-179,-172,0
174,187,2
-2,-1,4
-2,9,4
186,183,2
-8,3,4
-190,170,1
181,-162,3
6,-1,4
-190,-180,0
-184,184,1
-3,0,4
-172,-182,0
185,183,2
-1,198,5
6,-4,4
174,180,2
180,172,2
186,164,2
-3,192,5
-183,174,1
-169,-181,0
-199,-177,0
177,171,2
-4,204,5
185,-171,3
-180,183,1
-160,-183,0
-184,-187,0
177,177,2
180,-190,3
173,188,2
-180,185,1
-3,200,5
176,-164,3
177,183,2
2,4,4
180,-195,3
182,182,2
-178,182,1
-175,174,1
179,-172,3
-3,-4,4
-189,182,1
-184,-186,0
-179,180,1
0,1,4
-178,182,1
-183,-185,0
-172,-182,0
180,-185,3
-184,177,1
186,-190,3
179,176,2
-184,-181,0
-1,209,5
-171,-178,0
-170,-183,0
186,178,2
-178,188,1
-181,183,1
-8,201,5
-179,177,1
183,-178,3
181,-159,3
188,186,2
-7,5,4
-188,181,1
175,-179,3
-169,-175,0
-179,180,1
-191,-184,0
179,164,2
-172,-182,0
184,179,2
1,-3,4
-189,-176,0
-6,-2,4
-1,-1,4
-173,-183,0
170,175,2
-3,197,5
-182,-172,0
-175,179,1
1,198,5
3,194,5
180,-170,3
-179,179,1
-174,173,1
-5,193,5
6,-2,4
-189,186,1
6,-5,4
4,196,5
-196,-179,0
-1,3,4
187,-179,3
183,190,2
174,-188,3
182,-183,3
-168,-177,0
-183,184,1
7,206,5
176,-176,3
-2,-6,4
0,5,4
-197,-179,0
-184,185,1
0,0,4
1,201,5
1,203,5
-2,206,5
-4,-5,4
2,2,4
-2,0,4
179,184,2
-182,-173,0
182,-198,3
-185,-177,0
-1,203,5
-176,185,1
9,202,5
1,203,5
-6,2,4
-183,-182,0
-179,180,1
-185,183,1
-175,-183,0
-189,181,1
-3,-2,4
180,-175,3
0,0,4
-177,179,1
180,-186,3
188,186,2
-181,178,1
0,-1,4
182,199,2
179,-172,3
181,-180,3
189,191,2
177,-172,3
-183,-176,0
1,204,5
177,-187,3
186,-170,3
-167,-180,0
183,201,2
0,-4,4
179,-180,3
9,-5,4
-187,-172,0
-1,-1,4
-7,12,4
-182,180,1
182,-178,3
1,203,5
177,-192,3
-181,178,1
176,-180,3
0,-3,4
-172,189,1
-5,199,5
6,208,5
5,189,5
-178,-176,0
3,198,5
170,177,2
0,-3,4
173,191,2
183,191,2
-181,179,1
183,168,2
177,-178,3
181,162,2
-178,171,1
182,201,2
-1,9,4
-191,179,1
182,207,2
170,-166,3
-184,-185,0
-192,-190,0
-194,-174,0
179,-187,3
-3,202,5
177,198,2
-172,181,1
182,175,2
5,204,5
180,180,2
3,199,5
183,-183,3
179,-185,3
-1,215,5
-181,-188,0
-176,-185,0
4,0,4
-179,183,1
-182,-180,0
5,12,4
179,-176,3
178,179,2
1,-1,4
-9,11,4
3,192,5
-158,-178,0
179,189,2
192,189,2
-191,180,1
177,176,2
-173,182,1
4,195,5
1,0,4
-176,178,1
-181,184,1
-5,189,5
3,2,4
0,2,4
-8,204,5
177,171,2
0,204,5
-184,-184,0
-188,187,1
-1,1,4
-177,-176,0
186,199,2
-184,178,1
12,199,5
3,199,5
2,203,5
184,-209,3
5,-10,4
0,204,5
-181,-177,0
-178,179,1
-171,-177,0
-182,178,1
-5,195,5
4,188,5
-181,-183,0
-5,1,4
-171,175,1
6,0,4
4,-7,4
5,-1,4
183,-185,3
185,203,2
-170,-184,0
8,201,5
-174,179,1
179,176,2
176,-173,3
-177,-182,0
186,167,2
182,183,2
-178,181,1
187,177,2
172,169,2
180,182,2
-189,-175,0
-179,179,1
177,181,2
-184,-185,0
10,5,4
-8,194,5
12,203,5
2,206,5
177,204,2
176,-175,3
-191,-178,0
181,187,2
-191,-186,0
-185,182,1
-166,-180,0
180,184,2
176,-181,3
180,202,2
184,182,2
-184,174,1
-14,206,5
-184,-173,0
173,-182,3
0,-2,4
-177,179,1
-6,2,4
-201,-171,0
-2,-6,4
179,-193,3
1,-2,4
-179,184,1
-175,187,1
-4,-6,4
-184,-180,0
171,186,2
-4,198,5
175,184,2
181,-181,3
5,194,5
-182,180,1
8,3,4
174,193,2
5,201,5
3,207,5
-3,6,4
-182,180,1
186,176,2
179,174,2
172,-182,3
1,9,4
173,175,2
-5,4,4
0,-2,4
-180,184,1
-174,176,1
183,-170,3
-181,176,1
-175,-178,0
0,-3,4
171,-187,3
-6,-5,4
181,200,2
181,-182,3
5,13,4
-198,-176,0
2,199,5
-1,0,4
5,0,4
-2,-5,4
-178,172,1
-6,205,5
2,201,5
-2,200,5
-178,-175,0
31,-178,3
183,-175,3
173,194,2
-174,-185,0
179,168,2
172,181,2
-3,208,5
-173,180,1
-182,180,1
-169,-191,0
175,-177,3
-174,183,1
0,0,4
174,178,2
7,201,5
181,163,2
-6,11,4
-175,-193,0
-185,179,1
-172,-182,0
-2,193,5
8,0,4
6,198,5
1,199,5
-181,-181,0
176,177,2
4,195,5
-177,181,1
-9,-6,4
180,-189,3
-3,8,4
178,-161,3
1,-2,4
-2,0,4
188,-178,3
183,168,2
-3,190,5
-8,-7,4
183,185,2
-176,-181,0
174,183,2
-1,0,4
-187,187,1
-182,177,1
1,200,5
1,5,4
-168,-180,0
-184,186,1
6,202,5
-177,-173,0
186,177,2
-196,-183,0
1,200,5
-3,-4,4
176,190,2
-185,181,1
-183,-185,0
-203,-183,0
180,-179,3
-4,-1,4
179,194,2
6,195,5
-182,183,1
187,189,2
-173,176,1
-3,-4,4
186,171,2
-181,180,1
184,-180,3
-177,-182,0
-178,175,1
181,206,2
-9,-3,4
11,-2,4
171,184,2
-167,-184,0
-181,172,1
-187,-176,0
-7,-10,4
-182,-186,0
-186,-182,0
177,-179,3
7,187,5
-8,-2,4
-181,174,1
-178,190,1
176,166,2
-184,181,1
174,-187,3
-4,-4,4
-180,178,1
-173,179,1
177,181,2
-1,6,4
-177,177,1
-189,-181,0
-172,-179,0
175,-168,3
-183,176,1
-178,-184,0
-3,-1,4
-178,177,1
0,-6,4
187,174,2
-183,-176,0
-193,-168,0
176,-180,3
4,-4,4
184,167,2
-3,201,5
3,202,5
11,199,5
184,182,2
12,1,4
176,173,2
-170,-176,0
182,-188,3
180,-186,3
8,197,5
-176,174,1
184,-179,3
4,206,5
-182,179,1
-4,6,4
0,-2,4
176,-179,3
0,202,5
185,166,2
-5,198,5
3,1,4
181,-166,3
177,-189,3
178,185,2
-184,-182,0
182,181,2
6,-3,4
-180,-178,0
-172,178,1
-4,8,4
-180,177,1
-181,181,1
-3,203,5
188,178,2
178,197,2
184,-176,3
179,-184,3
181,-178,3
187,179,2
-176,-178,0
190,-193,3
-190,186,1
179,-200,3
175,178,2
4,195,5
186,173,2
-175,-178,0
177,-181,3
189,188,2
11,2,4
1,205,5
-181,177,1
183,-167,3
-182,182,1
175,184,2
-182,181,1
175,-182,3
5,207,5
-182,-176,0
187,-160,3
-11,1,4
-6,1,4
6,198,5
-174,178,1
183,-175,3
179,-178,3
-170,-181,0
-180,184,1
-190,-175,0
178,-198,3
189,199,2
-192,180,1
174,177,2
-1,3,4
-195,-174,0
-2,1,4
1,9,4
-189,172,1
-162,-177,0
-162,-181,0
184,-165,3
181,173,2
-187,177,1
177,178,2
-187,175,1
4,1,4
1,193,5
180,-175,3
0,205,5
180,183,2
178,178,2
177,189,2
6,199,5
-184,188,1
177,170,2
-183,181,1
-179,-175,0
-181,186,1
-5,196,5
180,-189,3
183,-195,3
183,-184,3
181,-174,3
-157,-177,0
-6,3,4
179,-187,3
-176,-178,0
-178,-172,0
174,168,2
-186,-178,0
-178,-170,0
2,1,4
180,175,2
188,186,2
-12,2,4
-5,5,4
-197,-185,0
188,-191,3
180,186,2
-187,180,1
180,-177,3
-195,-177,0
2,205,5
3,207,5
180,188,2
-180,185,1
-181,186,1
179,174,2
-3,-8,4
-175,184,1
-4,-3,4
-164,-183,0
181,186,2
182,-176,3
-184,182,1
180,-174,3
177,-167,3
-166,-183,0
4,1,4
177,-171,3
-173,174,1
179,-168,3
-5,-6,4
1,-4,4
179,-173,3
-181,181,1
177,185,2
-180,178,1
179,-194,3
6,202,5
7,194,5
-1,4,4
6,2,4
7,-9,4
-4,190,5
173,169,2
179,-182,3
6,-1,4
179,180,2
-188,-180,0
-3,5,4
179,-206,3
-2,201,5
-1,203,5
-173,-178,0
-172,-179,0
176,194,2
179,172,2
-170,-185,0
0,197,5
188,-174,3
185,-165,3
182,166,2
184,-188,3
187,176,2
178,-183,3
4,1,4
-184,176,1
177,-188,3
175,-185,3
-4,-2,4
10,-1,4
-186,175,1
-183,-188,0
-173,-186,0
177,176,2
174,190,2
-183,-183,0
-189,178,1
-179,-183,0
8,-5,4
-4,197,5
-173,-174,0
1,195,5
-178,-176,0
2,198,5
-179,172,1
-7,9,4
3,12,4
-180,171,1
6,3,4
-175,182,1
-1,205,5
-208,-176,0
181,-166,3
-7,2,4
-184,178,1
-184,181,1
-4,196,5
-175,186,1
-164,-175,0
-173,-182,0
178,-192,3
-180,177,1
180,-183,3
179,179,2
-171,182,1
3,-3,4
-181,180,1
-2,4,4
-177,186,1
5,4,4
175,-163,3
187,-194,3
-171,-189,0
-3,1,4
-175,180,1
-183,-176,0
-4,-2,4
-188,183,1
6,-9,4
1,189,5
-185,182,1
174,177,2
-182,175,1
182,-184,3
-179,183,1
3,190,5
5,194,5
-173,-184,0
-5,209,5
181,188,2
180,194,2
180,-191,3
189,-171,3
-9,-2,4
4,-3,4
179,-174,3
-177,180,1
-191,185,1
186,173,2
178,183,2
-182,-174,0
-181,184,1
182,-169,3
181,-183,3
-2,200,5
0,200,5
5,-6,4
-170,180,1
181,-179,3
-173,175,1
177,194,2
182,180,2
179,-158,3
184,-178,3
-166,-183,0
-5,3,4
-179,-184,0
183,183,2
-188,-180,0
180,183,2
-8,200,5
-170,-170,0
179,175,2
-176,-196,0
173,-178,3
-2,195,5
-190,-176,0
-5,207,5
173,-192,3
-176,179,1
185,-168,3
7,200,5
173,185,2
-172,183,1
177,170,2
4,-2,4
-182,175,1
-172,-178,0
-181,-187,0
1,201,5
1,-4,4
-4,200,5
-178,-185,0
184,169,2
1,0,4
180,-179,3
179,-191,3
3,203,5
-1,205,5
-166,178,1
181,187,2
-178,-191,0
-176,172,1
184,178,2
-185,178,1
-179,-189,0
-185,182,1
4,200,5
179,-185,3
181,181,2
181,-177,3
-173,-182,0
178,173,2
1,-5,4
181,-196,3
-188,179,1
-183,181,1
-184,181,1
183,-183,3
-181,-180,0
-9,-6,4
174,176,2
-184,-179,0
-1,-2,4
-2,202,5
-192,176,1
2,-7,4
-179,181,1
-174,175,1
-172,175,1
-7,188,5
2,2,4
-3,198,5
184,-189,3
5,1,4
-2,0,4
178,-183,3
176,-178,3
-182,184,1
-182,-172,0
183,-182,3
183,-176,3
-183,-179,0
-3,205,5
-2,202,5
6,1,4
-178,177,1
-4,14,4
8,-4,4
-171,177,1
0,4,4
-179,173,1
-180,175,1
-176,-176,0
-1,-4,4
1,200,5
179,175,2
-178,181,1
-15,-1,4
-184,177,1
-10,0,4
182,-191,3
175,180,2
-188,-186,0
179,-179,3
181,169,2
183,176,2
175,190,2
-174,181,1
179,-191,3
-173,-180,0
-1,194,5
3,-2,4
-180,-179,0
-180,180,1
180,-172,3
6,195,5
-5,212,5
-172,-186,0
185,-192,3
187,-180,3
-7,202,5
-170,-177,0
2,-5,4
5,2,4
-157,-183,0
-4,197,5
180,-167,3
180,191,2
-173,180,1
3,3,4
181,192,2
-173,181,1
174,188,2
-193,-170,0
-169,174,1
-175,-184,0
179,177,2
8,201,5
-187,-172,0
6,213,5
2,-5,4
6,204,5
174,183,2
-174,-187,0
183,184,2
-180,176,1
176,172,2
181,187,2
184,186,2
3,-4,4
170,160,2
-2,196,5
1,9,4
-176,180,1
171,-160,3
-180,-184,0
181,-169,3
-3,201,5
179,174,2
-171,-178,0
-182,189,1
182,181,2
8,-1,4
-177,180,1
2,200,5
181,167,2
181,-182,3
-5,3,4
1,5,4
0,11,4
0,194,5
181,178,2
183,-185,3
10,203,5
-178,-184,0
-175,185,1
-6,-4,4
0,-4,4
184,179,2
-169,-174,0
-189,-168,0
180,-178,3
177,-184,3
181,-188,3
-178,-179,0
182,167,2
-8,193,5
-1,-7,4
-174,-174,0
-170,185,1
-1,-9,4
-180,185,1
188,183,2
-176,177,1
-7,1,4
0,-4,4
1,-1,4
-174,187,1
-188,177,1
-183,178,1
5,-3,4
6,-2,4
-177,-173,0
178,-173,3
-188,178,1
-2,0,4
6,199,5
-185,174,1
7,-2,4
5,196,5
-3,200,5
-185,-183,0
-189,-182,0
180,-170,3
-177,-187,0
-4,0,4
177,181,2
186,-172,3
-13,195,5
-181,173,1
180,166,2
0,-4,4
177,-164,3
-2,1,4
-176,182,1
-173,177,1
-5,195,5
-179,177,1
-2,7,4
-2,197,5
-183,-178,0
-186,177,1
2,202,5
2,204,5
180,-160,3
183,-173,3
-166,-184,0
183,173,2
-182,-183,0
189,-183,3
0,203,5
175,-177,3
0,2,4
1,199,5
181,-191,3
-2,3,4
176,163,2
-185,-180,0
181,-190,3
184,-180,3
-179,177,1
-169,186,1
-180,-186,0
-171,-181,0
9,202,5
181,-187,3
2,207,5
175,185,2
181,181,2
181,156,2
-4,200,5
-182,181,1
3,205,5
186,183,2
-203,-173,0
182,183,2
-3,6,4
182,187,2
175,-191,3
-6,194,5
178,-181,3
176,-186,3
181,170,2
189,178,2
-196,179,1
178,-163,3
181,-164,3
-183,179,1
-187,181,1
-5,5,4
178,-178,3
3,-1,4
-7,205,5
180,-179,3
-7,196,5
-183,-187,0
0,203,5
185,-174,3
1,197,5
-182,-181,0
-1,2,4
-178,-182,0
-1,-5,4
3,203,5
-181,186,1
-180,178,1
-180,-176,0
181,179,2
-182,179,1
183,-194,3
2,200,5
172,-172,3
-4,2,4
-2,-5,4
181,-188,3
-175,-169,0
189,-186,3
6,1,4
183,-188,3
-167,-173,0
-175,174,1
178,180,2
184,185,2
-180,-182,0
-2,2,4
179,-188,3
169,171,2
183,185,2
3,-7,4
-175,-176,0
-2,-1,4
2,202,5
-7,5,4
-189,-176,0
-198,-175,0
-184,-181,0
0,0,4
-170,-176,0
175,197,2
-184,176,1
183,183,2
180,-166,3
-184,178,1
-13,196,5
180,-172,3
-181,168,1
177,-172,3
-3,3,4
181,-183,3
-201,-175,0
1,193,5
-179,177,1
-176,-184,0
-5,206,5
-167,-182,0
184,-196,3
181,-184,3
179,-180,3
-176,174,1
7,-7,4
-176,-172,0
1,-4,4
-177,182,1
-173,-181,0
-174,181,1
184,-170,3
173,194,2
-179,-171,0
187,154,2
2,4,4
187,195,2
-180,185,1
-180,180,1
189,182,2
3,4,4
-169,-180,0
0,195,5
175,189,2
-6,-4,4
-6,208,5
186,-166,3
185,190,2
183,-185,3
-200,-181,0
-4,196,5
176,171,2
2,197,5
-179,173,1
-195,-187,0
-177,-190,0
-179,176,1
1,196,5
171,-179,3
-3,208,5
-180,-184,0
175,-169,3
-176,-181,0
-4,-5,4
-174,-178,0
-9,4,4
174,193,2
181,-197,3
-183,180,1
-6,202,5
3,196,5
-177,-171,0
180,-183,3
-3,-2,4
-2,-8,4
-2,1,4
180,-178,3
-1,192,5
177,-190,3
181,-163,3
-184,-182,0
-190,176,1
184,-158,3
0,-2,4
3,6,4
-6,196,5
175,-173,3
179,164,2
-3,-4,4
6,199,5
1,-2,4
-1,202,5
-181,189,1
181,-180,3
-2,196,5
182,-188,3
171,182,2
178,-200,3
-5,204,5
-183,176,1
-7,4,4
181,-198,3
-176,-184,0
-2,-4,4
0,205,5
177,152,2
188,195,2
167,196,2
-2,-1,4
176,184,2
-178,174,1
-190,-180,0
6,199,5
181,-186,3
177,158,2
-192,-185,0
-200,-180,0
4,198,5
179,-175,3
185,-185,3
-193,-185,0
-184,170,1
7,-5,4
-186,177,1
2,-2,4
-186,-184,0
-185,-180,0
-7,0,4
180,200,2
174,-167,3
-187,-183,0
180,-178,3
180,167,2
181,190,2
-179,-185,0
180,180,2
185,189,2
-175,-179,0
184,200,2
-181,-185,0
-187,185,1
-8,213,5
-175,190,1
178,181,2
181,-181,3
181,184,2
182,-166,3
180,-185,3
-1,201,5
-184,181,1
170,181,2
181,-169,3
-180,181,1
-180,184,1
-184,178,1
183,176,2
180,172,2
-4,-2,4
-180,180,1
-184,179,1
13,-3,4
-199,-174,0
2,1,4
180,-182,3
184,191,2
-186,-182,0
-194,-175,0
4,191,5
187,175,2
-6,205,5
176,181,2
-184,-185,0
-6,-4,4
-3,199,5
-172,183,1
-183,181,1
-170,-178,0
182,-178,3
181,-177,3
180,-171,3
176,-180,3
182,-187,3
174,176,2
-188,-178,0
4,3,4
-173,-181,0
-181,172,1
9,1,4
188,-177,3
7,202,5
0,17,4
184,-178,3
9,196,5
184,-186,3
177,176,2
-182,183,1
177,180,2
-193,-170,0
-6,204,5
-171,177,1
189,164,2
-181,175,1
1,196,5
174,-169,3
184,176,2
4,196,5
-176,183,1
177,-198,3
-179,-178,0
180,-184,3
-179,-177,0
-2,-5,4
184,-180,3
180,-184,3
-2,197,5
-3,2,4
-179,188,1
-9,203,5
182,174,2
-181,179,1
-194,-173,0
-179,184,1
-192,-178,0
-185,-181,0
8,196,5
191,180,2
-182,178,1
181,-156,3
5,-6,4
-181,-177,0
182,-163,3
3,-2,4
-175,-184,0
186,180,2
178,-180,3
175,169,2
2,0,4
179,-176,3
176,-185,3
184,184,2
-176,-185,0
8,13,4
2,197,5
-180,-179,0
-3,10,4
3,0,4
-181,180,1
-179,185,1
-188,177,1
5,202,5
182,-188,3
183,-168,3
184,-166,3
10,-2,4
181,165,2
177,-179,3
4,203,5
1,2,4
180,170,2
-188,185,1
-186,177,1
8,-1,4
-187,-172,0
-5,197,5
-4,1,4
-204,-177,0
179,-161,3
-187,180,1
-5,203,5
178,-175,3
-180,183,1
4,1,4
176,193,2
3,5,4
-177,183,1
179,-181,3
176,189,2
184,170,2
7,-2,4
-183,-179,0
177,186,2
178,189,2
-4,194,5
3,7,4
-184,177,1
170,-171,3
-167,-179,0
-200,-183,0
-177,184,1
184,-179,3
-5,0,4
-2,203,5
-180,186,1
178,-174,3
181,-183,3
180,166,2
-8,205,5
-10,200,5
169,-200,3
-176,-174,0
181,-176,3
182,183,2
-168,-182,0
177,168,2
11,-4,4
2,2,4
-178,187,1
-1,1,4
2,208,5
-180,-179,0
186,-185,3
-183,182,1
-187,-180,0
-7,198,5
-182,176,1
186,177,2
-1,198,5
0,5,4
-170,-190,0
-171,176,1
-181,-175,0
175,-186,3
-182,-178,0
183,-193,3
4,200,5
-180,-189,0
-191,-173,0
-177,183,1
-182,186,1
-7,198,5
176,184,2
181,-186,3
2,195,5
185,189,2
16,0,4
184,-187,3
182,-178,3
174,-179,3
182,-172,3
179,160,2
-183,-184,0
178,-180,3
190,181,2
180,-174,3
4,5,4
-10,203,5
-4,2,4
0,-6,4
8,208,5
-182,174,1
-186,178,1
-178,179,1
-174,-181,0
175,177,2
0,1,4
-7,206,5
1,-2,4
-9,201,5
-177,-180,0
178,-176,3
-6,-2,4
5,-2,4
4,13,4
187,165,2
175,175,2
-2,206,5
9,7,4
-185,180,1
-3,196,5
-182,176,1
-188,180,1
3,195,5
179,-183,3
-7,3,4
7,204,5
182,-196,3
-2,-7,4
-181,187,1
0,0,4
-1,196,5
5,178,1
-176,182,1
0,5,4
-6,5,4
-1,206,5
12,196,5
-168,182,1
178,-177,3
3,201,5
-195,-186,0
-176,176,1
-176,181,1
-1,200,5
-2,197,5
8,205,5
183,-194,3
6,-2,4
1,198,5
180,-177,3
-177,-189,0
-1,209,5
175,-174,3
177,192,2
-181,-186,0
176,-160,3
-6,7,4
-181,-181,0
-186,174,1
178,-182,3
184,-177,3
-179,182,1
176,203,2
-174,183,1
184,172,2
-178,-168,0
2,202,5
181,175,2
-184,-181,0
-202,-180,0
-168,-196,0
-179,188,1
184,179,2
180,197,2
180,177,2
6,6,4
192,176,2
179,-190,3
-176,184,1
-178,179,1
189,187,2
176,-177,3
-193,-185,0
179,171,2
176,190,2
181,181,2
175,-172,3
191,189,2
-188,178,1
-2,6,4
-178,180,1
182,-184,3
-191,187,1
4,197,5
-182,-183,0
-177,-182,0
-4,191,5
181,170,2
-175,175,1
8,196,5
-183,178,1
-5,4,4
182,-191,3
4,6,4
176,194,2
171,186,2
176,-190,3
182,187,2
-1,202,5
-178,173,1
-175,177,1
-6,-6,4
5,-15,4
178,188,2
-175,-176,0
-191,177,1
1,9,4
180,166,2
-182,178,1
-168,-183,0
-6,-3,4
-180,-176,0
-8,1,4
181,176,2
-186,-185,0
-4,208,5
-176,-179,0
3,-2,4
177,-172,3
-2,-2,4
175,-176,3
-179,182,1
12,208,5
182,-168,3
169,192,2
170,-176,3
173,-180,3
2,0,4
179,-169,3
179,-180,3
-4,198,5
2,9,4
184,-189,3
-177,175,1
-186,173,1
1,203,5
182,192,2
-4,193,5
180,-185,3
175,-183,3
-2,193,5
1,199,5
-191,-179,0
-186,180,1
3,5,4
-180,-176,0
1,-5,4
3,190,5
172,-188,3
3,205,5
191,181,2
-10,1,4
1,2,4
188,176,2
181,169,2
-177,183,1
-2,1,4
181,180,2
181,-187,3
0,195,5
-182,-179,0
-177,181,1
181,183,2
-189,176,1
-161,-179,0
2,7,4
-188,182,1
179,-183,3
-13,5,4
-160,-182,0
-180,-185,0
180,190,2
-186,179,1
184,176,2
-171,-181,0
182,183,2
-1,200,5
4,199,5
2,-8,4
183,179,2
-177,180,1
181,167,2
-178,-180,0
-9,201,5
189,-184,3
173,184,2
0,198,5
-174,186,1
184,163,2
182,165,2
-179,-175,0
-178,178,1
-4,11,4
-184,-186,0
186,-188,3
182,183,2
185,-178,3
175,167,2
-176,-183,0
-176,180,1
180,-176,3
-174,-184,0
-1,198,5
-176,179,1
176,-183,3
-4,2,4
-188,-189,0
2,-1,4
187,185,2
171,-183,3
-178,-180,0
-179,176,1
-176,179,1
-3,203,5
178,183,2
-164,-177,0
-188,-184,0
-5,-1,4
181,-185,3
-183,187,1
177,175,2
175,-178,3
177,180,2
185,-168,3
-181,-183,0
1,200,5
184,175,2
-169,180,1
174,172,2
-1,199,5
-1,198,5
-2,-6,4
179,-195,3
-2,4,4
2,12,4
-176,177,1
-184,179,1
0,-2,4
-191,-176,0
180,184,2
180,-173,3
-1,-2,4
7,202,5
-181,172,1
183,186,2
-183,183,1
-1,2,4
179,-175,3
1,209,5
189,176,2
182,158,2
4,-8,4
-174,182,1
-175,186,1
190,183,2
-5,9,4
-181,-189,0
-191,-179,0
-2,204,5
-178,-174,0
-179,174,1
177,-184,3
187,167,2
-9,0,4
-180,-185,0
176,179,2
-182,180,1
-186,-180,0
-181,179,1
186,-181,3
-180,183,1
182,181,2
181,174,2
-178,-189,0
179,-171,3
-190,180,1
174,-197,3
175,-173,3
176,183,2
180,174,2
-184,176,1
182,-177,3
7,194,5
-173,184,1
184,-177,3
185,-192,3
178,178,2
184,-186,3
184,183,2
-190,170,1
-4,197,5
182,161,2
172,-172,3
182,-192,3
-10,8,4
-185,-182,0
-1,201,5
-2,195,5
7,199,5
2,208,5
0,4,4
182,-170,3
181,192,2
175,186,2
-181,182,1
185,-187,3
-3,8,4
186,-190,3
181,-193,3
182,-192,3
-4,194,5
176,-173,3
0,2,4
-3,8,4
180,-172,3
181,176,2
178,-180,3
-183,-186,0
9,-4,4
177,181,2
178,-189,3
-179,178,1
2,-1,4
182,185,2
185,-173,3
-177,186,1
-180,170,1
185,-193,3
173,-176,3
1,3,4
-182,178,1
-181,188,1
2,204,5
-185,-185,0
-188,180,1
180,173,2
-171,-178,0
-3,199,5
0,1,4
-4,201,5
182,-180,3
-181,175,1
11,-1,4
-184,-182,0
-176,172,1
9,200,5
186,166,2
175,183,2
182,-178,3
-181,172,1
177,170,2
180,-168,3
-181,177,1
181,180,2
-154,-177,0
-167,-180,0
1,200,5
-169,-175,0
189,178,2
185,-161,3
4,191,5
187,181,2
185,172,2
-176,183,1
7,2,4
175,185,2
173,184,2
-5,205,5
184,-185,3
175,-181,3
-181,185,1
-152,-177,0
-187,-178,0
182,179,2
-5,-3,4
186,181,2
7,1,4
-1,208,5
-4,-5,4
-185,-181,0
0,204,5
3,202,5
0,1,4
184,185,2
183,179,2
2,195,5
-188,-182,0
-1,191,5
-179,-185,0
-2,4,4
182,195,2
-3,-1,4
179,-175,3
-171,-180,0
184,-205,3
-179,183,1
-191,183,1
180,-192,3
-165,-182,0
-7,8,4
184,-166,3
-3,6,4
174,-192,3
179,-181,3
188,186,2
174,165,2
187,164,2
173,-187,3
-180,-180,0
-180,181,1
1,9,4
-203,-186,0
1,196,5
-185,-179,0
188,179,2
8,198,5
175,194,2
-6,199,5
-5,-10,4
1,196,5
178,-166,3
-190,-183,0
2,205,5
-176,175,1
181,-167,3
-167,-186,0
-181,-181,0
182,180,2
3,196,5
-7,202,5
179,-181,3
185,-182,3
-5,-3,4
185,-181,3
-174,178,1
-187,-178,0
177,-184,3
1,-3,4
9,197,5
176,-172,3
-8,207,5
-2,8,4
185,-182,3
-4,205,5
-4,-9,4
181,-177,3
-191,-173,0
175,-184,3
-3,202,5
174,-160,3
177,187,2
176,-169,3
0,205,5
-186,177,1
2,203,5
-4,-2,4
7,6,4
-180,-177,0
-179,180,1
-179,183,1
6,201,5
-180,-185,0
-176,-193,0
180,174,2
-179,-183,0
183,-173,3
179,-163,3
182,179,2
-179,187,1
174,161,2
0,2,4
-175,182,1
176,-171,3
176,179,2
-183,-180,0
173,179,2
-181,-178,0
182,-185,3
-196,-184,0
-182,183,1
3,201,5
170,190,2
185,-173,3
-4,2,4
-184,-178,0
-187,174,1
187,-174,3
175,-190,3
5,202,5
183,-185,3
-177,-178,0
7,0,4
1,-5,4
3,6,4
178,-179,3
184,192,2
-179,177,1
-186,-182,0
179,-172,3
181,176,2
-197,-180,0
-186,-184,0
-199,-184,0
-176,181,1
-1,6,4
-179,-183,0
-187,-174,0
-171,-179,0
-193,-172,0
-191,-189,0
187,200,2
-13,-7,4
-189,184,1
173,176,2
-166,-178,0
-188,177,1
0,209,5
-193,179,1
-4,208,5
176,-165,3
178,-177,3
8,3,4
-1,-4,4
-183,186,1
-7,201,5
183,-184,3
-182,183,1
-181,179,1
-6,-7,4
-180,-179,0
-178,-175,0
182,-187,3
-188,-172,0
-190,-182,0
-182,177,1
-176,185,1
181,-186,3
-191,-178,0
2,206,5
-7,1,4
-200,-174,0
177,184,2
-183,177,1
180,186,2
183,-170,3
0,199,5
-190,-181,0
-172,176,1
5,208,5
10,-10,4
-174,-175,0
-188,-183,0
179,192,2
-175,178,1
-169,-178,0
-188,180,1
187,165,2
183,-184,3
181,-178,3
174,184,2
1,205,5
183,162,2
8,-4,4
3,-10,4
181,-181,3
-180,176,1
177,-169,3
180,-174,3
180,161,2
-181,187,1
10,196,5
170,-189,3
175,171,2
175,-164,3
-187,-182,0
-206,-185,0
2,206,5
178,-194,3
-170,-175,0
-174,-180,0
179,183,2
3,188,5
172,-197,3
4,195,5
-193,-180,0
0,206,5
-170,-184,0
-179,182,1
-4,207,5
-1,3,4
-179,181,1
188,199,2
-1,205,5
-172,179,1
-6,202,5
181,169,2
-178,-183,0
6,200,5
0,6,4
184,176,2
-181,183,1
-1,206,5
180,-185,3
-173,180,1
5,207,5
-192,176,1
188,150,2
-170,-179,0
178,178,2
177,194,2
7,199,5
-178,-175,0
184,-170,3
0,1,4
185,178,2
-178,-176,0
184,180,2
182,-194,3
188,187,2
176,-180,3
-174,184,1
184,-191,3
-178,175,1
-175,182,1
190,182,2
174,-179,3
0,7,4
187,-184,3
-178,169,1
-176,-187,0
0,5,4
2,2,4
-4,3,4
-6,204,5
180,-183,3
-159,-183,0
169,170,2
6,10,4
7,6,4
-183,179,1
1,0,4
0,200,5
179,184,2
180,177,2
-5,204,5
178,192,2
0,2,4
-181,-176,0
188,-176,3
-174,177,1
173,174,2
180,-191,3
177,184,2
-171,194,1
183,193,2
180,178,2
181,-185,3
-3,198,5
-5,2,4
-173,179,1
177,173,2
-164,-186,0
-171,-179,0
1,0,4
-180,173,1
14,-1,4
0,206,5
179,197,2
185,169,2
-1,-5,4
178,188,2
-187,-175,0
-7,0,4
-3,3,4
-175,174,1
2,-2,4
174,-178,3
-176,-178,0
182,-186,3
172,-205,3
181,-188,3
-9,196,5
-1,201,5
4,-4,4
-2,195,5
4,201,5
-152,-178,0
175,177,2
-193,-185,0
177,173,2
-183,175,1
-183,184,1
-8,0,4
-177,-177,0
188,201,2
180,-169,3
4,10,4
-190,-185,0
-179,178,1
171,182,2
177,-165,3
-7,-4,4
190,-178,3
-175,171,1
178,188,2
187,161,2
176,158,2
-178,-189,0
-171,-180,0
11,4,4
3,15,4
183,-181,3
183,173,2
-182,178,1
-177,182,1
184,-170,3
5,195,5
182,-172,3
-175,-180,0
4,9,4
-184,-173,0
5,1,4
-176,183,1
-184,-174,0
-179,183,1
181,-167,3
185,-169,3
2,1,4
-176,183,1
-192,-180,0
10,199,5
181,198,2
-177,-183,0
176,176,2
184,187,2
178,-171,3
-176,175,1
-176,178,1
-182,180,1
8,193,5
182,189,2
-184,180,1
-183,172,1
2,201,5
7,1,4
182,-193,3
185,189,2
-178,-183,0
186,-179,3
177,186,2
191,188,2
4,201,5
-177,-182,0
-187,179,1
178,-177,3
-178,183,1
-182,181,1
6,201,5
171,177,2
-9,200,5
-182,-181,0
-174,-180,0
0,208,5
6,-1,4
-9,197,5
-178,184,1
-2,204,5
176,-169,3
177,-181,3
182,181,2
-180,178,1
2,195,5
180,-185,3
4,-2,4
180,-176,3
-189,183,1
-179,183,1
177,-170,3
-173,-181,0
179,-182,3
-171,-184,0
181,-197,3
-181,-185,0
-173,-188,0
10,-5,4
-5,189,5
183,166,2
-4,205,5
1,1,4
-4,204,5
1,4,4
-1,202,5
-3,203,5
182,-191,3
-2,200,5
-1,206,5
8,198,5
-12,-2,4
-178,182,1
170,195,2
-182,182,1
181,176,2
-3,-5,4
-5,-3,4
-186,177,1
10,1,4
-1,206,5
-9,200,5
174,195,2
-8,10,4
-5,198,5
-2,205,5
175,-182,3
176,-175,3
-184,188,1
3,205,5
-7,6,4
-186,-181,0
186,-185,3
185,174,2
-181,166,1
5,205,5
179,-192,3
183,192,2
2,202,5
-183,180,1
-2,196,5
181,175,2
186,190,2
175,172,2
-163,-179,0
187,181,2
-184,178,1
-187,-181,0
-177,184,1
8,201,5
-189,-174,0
-182,-180,0
-1,-3,4
181,162,2
-194,-175,0
178,-179,3
181,-176,3
176,175,2
180,-184,3
-170,-185,0
-181,177,1
181,-167,3
2,202,5
187,-171,3
175,-179,3
181,-195,3
-190,-180,0
181,169,2
9,203,5
-180,175,1
178,-181,3
-3,4,4
-3,-2,4
-164,-173,0
183,188,2
8,-3,4
-3,1,4
-175,-187,0
-1,-3,4
175,-180,3
-1,0,4
-186,187,1
-180,186,1
7,-2,4
-3,6,4
-182,182,1
183,-167,3
-194,-182,0
-175,179,1
7,-3,4
180,-182,3
-191,-173,0
11,-4,4
7,17,4
-2,2,4
-5,202,5
-188,179,1
-183,175,1
-185,174,1
179,172,2
-188,-178,0
-5,-2,4
8,205,5
10,2,4
186,182,2
4,5,4
-175,179,1
-167,-179,0
181,165,2
-5,201,5
2,-3,4
1,204,5
-1,-6,4
1,202,5
178,-186,3
-180,181,1
-180,174,1
-172,-177,0
180,-187,3
-4,203,5
-164,-179,0
181,178,2
-2,6,4
181,-172,3
-1,202,5
-168,184,1
-179,178,1
1,205,5
-6,1,4
182,-185,3
-180,180,1
-173,-186,0
0,3,4
4,203,5
-176,181,1
-181,183,1
178,-158,3
180,-179,3
-175,-178,0
181,184,2
-1,2,4
2,5,4
-1,-3,4
-181,-179,0
-177,175,1
180,-183,3
-188,-186,0
4,205,5
-166,-181,0
184,-174,3
4,-4,4
-173,-181,0
0,197,5
-1,-2,4
-3,-3,4
7,199,5
-177,180,1
184,191,2
186,181,2
-2,1,4
-182,179,1
180,-169,3
-179,176,1
-3,-2,4
-4,0,4
183,178,2
1,-4,4
-172,-175,0
182,195,2
-192,-182,0
-177,-184,0
180,184,2
179,-188,3
175,176,2
-179,179,1
180,-176,3
1,-5,4
-12,193,5
180,-174,3
-4,203,5
-184,181,1
-7,4,4
-178,-183,0
-180,185,1
179,-176,3
11,204,5
-194,-176,0
180,168,2
183,-170,3
-161,-181,0
3,197,5
178,-178,3
176,185,2
175,182,2
5,1,4
-191,-182,0
-185,-180,0
2,-12,4
1,201,5
183,184,2
-193,-185,0
182,186,2
177,-186,3
-179,-180,0
-3,205,5
182,196,2
178,-182,3
-180,183,1
-183,-183,0
-5,195,5
175,184,2
-170,-173,0
183,162,2
190,-178,3
176,-179,3
1,202,5
-170,175,1
-2,7,4
186,188,2
-181,-180,0
185,163,2
10,1,4
179,181,2
186,177,2
175,174,2
-2,3,4
-182,179,1
-10,-4,4
0,208,5
177,182,2
183,175,2
179,-174,3
178,-199,3
-181,183,1
179,173,2
182,194,2
180,-181,3
4,195,5
-184,-181,0
5,209,5
183,173,2
-183,184,1
-185,-178,0
-173,185,1
-8,0,4
-2,-2,4
188,-154,3
-5,210,5
-162,-185,0
5,5,4
-199,-180,0
170,187,2
-1,-6,4
-181,179,1
179,162,2
183,-169,3
-173,181,1
-182,172,1
181,-195,3
174,-184,3
-1,198,5
184,177,2
-1,0,4
-180,-184,0
-176,175,1
186,-179,3
-180,175,1
172,176,2
179,179,2
175,-185,3
8,0,4
176,173,2
179,-175,3
-2,195,5
-8,195,5
-191,-179,0
178,174,2
-169,-184,0
184,-191,3
180,179,2
-178,-180,0
188,-185,3
176,-198,3
-184,-178,0
-7,-2,4
182,-171,3
2,-3,4
181,185,2
178,-189,3
6,0,4
-197,-179,0
177,198,2
3,-2,4
-173,173,1
2,7,4
175,-165,3
0,1,4
11,201,5
4,199,5
-176,183,1
-179,180,1
3,200,5
-184,175,1
-182,-186,0
188,186,2
6,198,5
177,-185,3
-4,195,5
-1,195,5
-194,-181,0
185,-194,3
-183,-190,0
3,-2,4
-199,-181,0
3,204,5
-191,193,1
-180,185,1
3,2,4
-4,-7,4
3,3,4
178,-178,3
5,198,5
-166,-180,0
184,-179,3
-176,-176,0
-2,203,5
178,174,2
-165,-179,0
-175,176,1
179,-195,3
2,3,4
-175,180,1
-1,201,5
-174,-174,0
175,175,2
-164,-175,0
-179,177,1
178,182,2
2,207,5
-1,191,5
175,-194,3
179,-163,3
178,-178,3
178,175,2
5,206,5
-180,178,1
175,186,2
-170,175,1
-190,178,1
-178,180,1
2,1,4
-178,-174,0
180,-202,3
-7,193,5
184,187,2
180,169,2
-188,179,1
3,208,5
-169,174,1
-182,-174,0
180,193,2
185,175,2
7,-7,4
4,-5,4
184,165,2
6,5,4
2,195,5
-187,-184,0
2,199,5
183,-185,3
-183,-173,0
-175,184,1
-180,-180,0
2,204,5
2,196,5
2,-13,4
-182,182,1
-1,200,5
179,-173,3
-3,203,5
7,197,5
-5,3,4
0,4,4
-194,-183,0
-5,193,5
-1,-5,4
-179,184,1
-3,210,5
-184,181,1
180,-182,3
-7,201,5
178,179,2
183,174,2
-1,202,5
-184,-182,0
182,-171,3
-180,187,1
1,-5,4
-181,179,1
173,167,2
-185,-187,0
181,166,2
0,196,5
-179,-189,0
172,182,2
-193,-176,0
-7,210,5
182,-185,3
-180,-186,0
-2,199,5
-174,-174,0
-175,-188,0
187,-194,3
-3,201,5
185,-197,3
-4,15,4
179,203,2
181,-173,3
-1,202,5
5,-3,4
182,-180,3
-168,177,1
0,-6,4
4,5,4
188,-169,3
3,213,5
2,198,5
-4,-4,4
182,-167,3
-175,182,1
-179,181,1
-183,-174,0
-176,-185,0
2,197,5
5,8,4
178,-182,3
-189,-177,0
175,163,2
-182,177,1
7,205,5
-184,181,1
170,166,2
-181,177,1
-178,178,1
167,-175,3
-176,182,1
-183,186,1
-181,187,1
-2,199,5
4,204,5
175,187,2
7,194,5
185,173,2
-178,182,1
182,177,2
1,-7,4
180,173,2
177,170,2
179,-177,3
-177,180,1
-174,178,1
-184,184,1
-174,179,1
1,-1,4
-199,-174,0
-194,-187,0
176,181,2
1,203,5
1,6,4
1,199,5
173,175,2
-6,-2,4
-181,180,1
-4,1,4
5,4,4
-173,-182,0
-1,195,5
-172,174,1
180,-177,3
-199,-174,0
-172,181,1
-195,-180,0
-1,213,5
-4,196,5
-174,-174,0
-181,187,1
180,-170,3
-183,-182,0
3,-4,4
176,185,2
184,191,2
178,194,2
181,-170,3
-1,0,4
185,-172,3
-175,-177,0
-185,-176,0
-177,184,1
-183,-178,0
-7,198,5
185,-187,3
183,-170,3
-185,181,1
181,-181,3
182,165,2
-3,2,4
-169,179,1
-179,-183,0
181,164,2
182,-183,3
185,183,2
-177,180,1
176,177,2
3,4,4
0,2,4
5,200,5
2,202,5
-178,188,1
-187,-177,0
-184,-182,0
189,178,2
-197,-182,0
174,182,2
179,188,2
-198,-178,0
-1,1,4
-190,187,1
180,181,2
181,-192,3
-183,-183,0
181,174,2
-185,186,1
-7,-1,4
-180,-184,0
-6,10,4
-188,185,1
182,-176,3
181,-185,3
-185,176,1
4,202,5
-5,5,4
174,173,2
185,-183,3
-190,-182,0
-199,-181,0
177,175,2
0,209,5
-187,-180,0
-189,-187,0
3,195,5
-1,194,5
177,-195,3
-5,-4,4
180,187,2
-172,182,1
11,-2,4
-189,178,1
-6,5,4
4,199,5
-3,203,5
179,182,2
-200,-170,0
-176,184,1
2,205,5
-2,202,5
-175,-176,0
-6,-1,4
175,166,2
-184,176,1
-3,191,5
-189,181,1
186,178,2
184,-187,3
5,194,5
9,213,5
-1,9,4
185,-184,3
1,199,5
-3,198,5
-189,-188,0
0,8,4
-178,-178,0
178,186,2
-168,-178,0
179,-184,3
180,-170,3
-7,1,4
-170,-181,0
-179,182,1
-176,186,1
-6,0,4
-180,-180,0
-176,174,1
181,-192,3
-179,-173,0
180,171,2
-187,-183,0
3,0,4
182,-172,3
186,-181,3
3,201,5
2,190,5
-3,4,4
-179,188,1
5,2,4
182,-180,3
0,207,5
-192,187,1
-184,-179,0
177,186,2
180,175,2
183,-192,3
-183,-181,0
179,171,2
-167,-178,0
183,-182,3
184,175,2
178,191,2
-178,-179,0
-185,175,1
178,-182,3
180,-176,3
-181,180,1
-2,196,5
-9,5,4
178,186,2
179,174,2
-187,177,1
175,187,2
-4,193,5
-182,-182,0
177,197,2
4,204,5
-2,-3,4
17,4,4
180,-194,3
-171,-174,0
-10,200,5
2,194,5
181,-177,3
-1,195,5
179,-179,3
-180,176,1
-177,173,1
6,0,4
-185,181,1
-2,1,4
-179,-183,0
179,-179,3
169,168,2
5,-1,4
181,190,2
7,196,5
177,-194,3
-182,-175,0
182,-183,3
-173,-171,0
-180,178,1
183,199,2
-197,174,1
-7,206,5
180,-189,3
-180,189,1
181,181,2
-2,-2,4
6,4,4
-2,204,5
180,186,2
-6,4,4
5,206,5
-189,-183,0
-183,179,1
-166,-188,0
184,187,2
-179,180,1
-191,-175,0
-181,171,1
183,-174,3
-176,180,1
174,171,2
-189,184,1
1,201,5
-197,-178,0
3,3,4
171,-179,3
-5,4,4
-185,-182,0
8,209,5
-168,-181,0
7,205,5
-169,-180,0
4,203,5
181,185,2
181,-197,3
-4,-8,4
-170,-183,0
1,195,5
4,206,5
-165,-177,0
-178,175,1
178,164,2
3,7,4
187,175,2
9,4,4
178,192,2
8,6,4
-179,-173,0
-202,-191,0
-185,178,1
-7,195,5
177,-170,3
4,195,5
184,-185,3
183,169,2
-185,180,1
-188,-175,0
3,-8,4
-180,-178,0
-12,-3,4
-3,-1,4
-6,198,5
8,0,4
171,-184,3
183,-186,3
183,196,2
0,5,4
-184,180,1
-3,12,4
181,-184,3
-179,-173,0
-197,-172,0
-1,-2,4
179,168,2
185,195,2
180,-186,3
-174,184,1
181,193,2
-184,179,1
179,196,2
15,202,5
186,174,2
181,-201,3
-4,194,5
178,-190,3
-163,184,1
1,6,4
10,200,5
-176,-172,0
182,-178,3
-9,3,4
-1,196,5
2,198,5
177,193,2
179,193,2
-178,178,1
179,-184,3
-178,-179,0
-177,186,1
180,-190,3
-8,204,5
176,-191,3
184,-195,3
-186,-173,0
1,-5,4
-189,-174,0
186,176,2
0,209,5
-183,181,1
189,-187,3
174,206,2
-175,180,1
171,178,2
-183,169,1
-183,181,1
176,-160,3
182,-172,3
-179,180,1
-187,-183,0
184,-205,3
8,194,5
188,176,2
-183,-173,0
-176,184,1
-178,182,1
-189,181,1
-195,-180,0
-174,180,1
-167,-176,0
183,184,2
190,-182,3
-180,178,1
8,-3,4
1,7,4
172,-167,3
-7,196,5
-2,-6,4
-181,186,1
-178,-182,0
181,173,2
169,-157,3
-185,-181,0
-177,-177,0
176,-185,3
176,-180,3
-184,-186,0
-178,178,1
177,-165,3
-177,-174,0
-189,180,1
-184,186,1
-183,-181,0
-2,195,5
177,176,2
-177,-185,0
-6,4,4
-2,193,5
-179,178,1
9,-4,4
-185,176,1
177,-185,3
-170,-187,0
-4,196,5
-1,1,4
-179,-175,0
3,6,4
-202,-177,0
179,-185,3
-4,-3,4
169,-175,3
-182,180,1
-3,197,5
5,4,4
5,-2,4
179,-193,3
-186,-184,0
181,-179,3
-188,184,1
178,177,2
175,178,2
2,202,5
179,-175,3
-186,-182,0
-175,180,1
-181,-181,0
-6,200,5
-182,179,1
188,190,2
-2,196,5
-14,-3,4
174,166,2
179,172,2
-192,176,1
174,162,2
-185,181,1
-3,7,4
-1,207,5
181,190,2
12,3,4
-181,-177,0
-9,4,4
171,-192,3
177,-191,3
-184,175,1
-4,196,5
-178,177,1
-184,186,1
181,187,2
-186,190,1
188,-178,3
6,-4,4
-180,176,1
177,-207,3
3,197,5
-2,3,4
5,4,4
177,179,2
179,-186,3
183,182,2
-189,-184,0
-177,-174,0
-173,-181,0
176,180,2
-4,-3,4
-184,-176,0
-182,180,1
-5,7,4
-3,198,5
-2,9,4
183,-164,3
185,188,2
-8,201,5
-163,-169,0
-1,209,5
-178,-181,0
1,3,4
170,177,2
180,-194,3
172,-169,3
183,180,2
-174,178,1
-171,176,1
-202,-175,0
-174,-178,0
182,-191,3
-175,176,1
-173,179,1
-185,182,1
-4,2,4
192,177,2
187,-169,3
0,5,4
180,194,2
0,-2,4
-178,179,1
180,184,2
-4,194,5
181,-181,3
-202,-181,0
-188,180,1
4,5,4
-191,-178,0
182,-169,3
-188,-180,0
186,-198,3
-193,-183,0
2,0,4
1,203,5
-186,183,1
-176,-190,0
-8,-3,4
1,-3,4
-4,201,5
12,194,5
174,193,2
182,192,2
183,171,2
-186,178,1
180,158,2
-177,-180,0
173,-172,3
-177,179,1
-2,200,5
0,202,5
-160,-170,0
-162,-194,0
-181,-174,0
-165,-180,0
183,179,2
180,-182,3
186,155,2
181,168,2
-175,183,1
-171,-188,0
181,181,2
189,-172,3
2,-1,4
170,183,2
174,-177,3
-169,-183,0
5,-1,4
180,169,2
177,179,2
-181,182,1
-1,203,5
1,-5,4
0,195,5
-192,179,1
-179,-178,0
-184,172,1
185,-161,3
181,181,2
179,-164,3
179,185,2
-176,172,1
-176,182,1
180,-195,3
-181,186,1
-6,8,4
182,-189,3
-180,171,1
172,168,2
-184,-177,0
9,-8,4
-6,201,5
-178,-181,0
-187,-174,0
-179,-181,0
182,-181,3
185,178,2
-175,179,1
178,185,2
-5,-5,4
-181,-191,0
180,187,2
181,-182,3
-185,-181,0
1,204,5
5,202,5
3,7,4
183,-170,3
180,187,2
-180,180,1
1,6,4
177,177,2
176,200,2
-5,-6,4
1,4,4
-173,180,1
-185,-181,0
-190,-180,0
-175,179,1
-188,-188,0
-176,181,1
189,-181,3
-178,186,1
171,184,2
-9,0,4
181,-185,3
-180,-178,0
175,-152,3
185,-188,3
-188,-182,0
3,199,5
7,-8,4
-173,177,1
184,-183,3
177,183,2
175,-180,3
179,180,2
183,-175,3
174,-187,3
-182,-169,0
1,9,4
183,169,2
-190,-181,0
-4,1,4
175,185,2
-1,8,4
-183,-186,0
-179,-183,0
184,162,2
-196,-178,0
176,160,2
-175,173,1
179,160,2
178,185,2
-175,-183,0
-179,-183,0
-201,-191,0
178,194,2
-187,-187,0
-5,6,4
181,180,2
-169,-183,0
-7,206,5
178,-184,3
0,-4,4
-159,-176,0
182,-181,3
-179,187,1
-178,183,1
179,-188,3
177,173,2
-186,-180,0
180,165,2
-4,198,5
2,-13,4
184,-174,3
182,188,2
-174,176,1
179,-193,3
-176,178,1
-166,-183,0
183,169,2
179,-171,3
-175,-177,0
12,-3,4
4,1,4
-180,-188,0
184,175,2
-186,-186,0
-4,-14,4
177,-195,3
188,178,2
4,3,4
1,199,5
-202,-176,0
-1,2,4
-189,180,1
176,194,2
188,166,2
177,-174,3
-175,183,1
178,191,2
179,-177,3
2,-2,4
-200,-169,0
0,-8,4
0,-3,4
-175,-178,0
1,1,4
9,195,5
-178,169,1
-179,177,1
189,172,2
-176,-184,0
-181,180,1
-176,186,1
177,201,2
178,176,2
176,193,2
-2,-1,4
-3,3,4
179,164,2
175,-173,3
178,-179,3
184,178,2
-184,-181,0
180,-192,3
-5,194,5
-2,-2,4
182,183,2
179,-182,3
-178,-183,0
-184,184,1
-1,200,5
-164,181,1
1,216,5
192,188,2
175,-181,3
182,182,2
-181,-182,0
180,192,2
-179,-176,0
171,193,2
182,192,2
5,201,5
-179,-181,0
179,181,2
-4,195,5
0,-4,4
8,-7,4
181,-188,3
0,-3,4
-179,179,1
-175,184,1
6,4,4
-2,-6,4
-181,-182,0
-1,206,5
-176,185,1
1,192,5
4,3,4
-163,-185,0
-185,-184,0
-175,-177,0
180,176,2
-174,177,1
177,-180,3
180,-168,3
-176,176,1
-1,192,5
-182,-190,0
0,0,4
-182,-184,0
-175,177,1
-190,-179,0
170,175,2
179,-179,3
-8,201,5
184,-174,3
180,189,2
-183,178,1
-3,1,4
176,-191,3
180,-178,3
2,207,5
180,170,2
177,-182,3
-178,-172,0
-182,-173,0
1,199,5
183,-178,3
1,204,5
0,1,4
176,180,2
4,-3,4
174,-167,3
6,-1,4
-185,179,1
181,170,2
172,165,2
10,205,5
8,-2,4
-5,-1,4
184,172,2
-2,2,4
-184,174,1
-196,-174,0
-179,-181,0
3,7,4
-182,188,1
186,-180,3
-193,-185,0
-177,182,1
-187,182,1
5,10,4
187,-170,3
-172,185,1
-193,-184,0
-187,180,1
178,-192,3
-184,-184,0
-169,-182,0
-171,182,1
174,-191,3
2,4,4
181,-163,3
184,-181,3
0,203,5
-209,-177,0
-185,-178,0
-185,182,1
-7,203,5
176,189,2
181,163,2
186,189,2
-185,182,1
177,190,2
-181,179,1
175,-183,3
183,-185,3
-182,-174,0
-3,-7,4
-179,-180,0
-172,175,1
6,202,5
174,-177,3
186,168,2
-167,181,1
-4,203,5
174,186,2
-178,-176,0
182,-170,3
7,205,5
10,4,4
183,-184,3
186,-177,3
-3,1,4
-4,198,5
174,164,2
-3,196,5
-192,-183,0
-173,-175,0
182,-179,3
7,198,5
-4,203,5
176,-193,3
186,177,2
-178,182,1
-177,180,1
183,184,2
-5,195,5
175,178,2
-174,187,1
-183,176,1
-6,198,5
-2,206,5
6,-3,4
176,174,2
-179,171,1
179,-176,3
4,3,4
5,3,4
176,-172,3
181,-194,3
-185,190,1
-185,-180,0
181,182,2
-1,-3,4
5,201,5
178,181,2
180,204,2
-187,-183,0
176,167,2
-3,9,4
186,-182,3
179,-173,3
187,-179,3
180,-161,3
181,-172,3
7,197,5
-6,-4,4
182,-182,3
-179,179,1
183,173,2
183,-163,3
-185,181,1
-1,208,5
-185,-182,0
2,213,5
182,-173,3
183,186,2
-7,-5,4
-181,177,1
-175,-181,0
3,3,4
187,180,2
-6,2,4
178,-174,3
-1,198,5
2,202,5
-180,178,1
177,183,2
-170,-184,0
188,169,2
3,202,5
190,-176,3
-1,-7,4
-192,-172,0
180,174,2
185,-179,3
178,-183,3
-1,-4,4
-2,206,5
-8,198,5
-182,179,1
-178,-181,0
177,-186,3
-3,205,5
187,191,2
-3,202,5
-180,177,1
5,4,4
-2,202,5
177,170,2
-183,-185,0
-176,182,1
1,0,4
7,201,5
3,-2,4
-175,177,1
176,-192,3
-172,182,1
-1,204,5
-190,-183,0
174,-172,3
-7,9,4
5,5,4
177,-180,3
-174,-190,0
3,198,5
171,-186,3
-180,-186,0
-171,-174,0
186,193,2
175,183,2
181,-188,3
-182,-171,0
-179,176,1
184,170,2
3,196,5
178,-191,3
-179,174,1
-8,9,4
-5,-3,4
-180,184,1
-177,183,1
-186,179,1
5,1,4
11,3,4
-173,-173,0
183,182,2
-166,-182,0
-182,184,1
-186,187,1
-6,-7,4
7,195,5
-179,177,1
174,-180,3
0,200,5
-4,-1,4
-176,176,1
-3,204,5
177,-187,3
-1,214,5
-4,202,5
181,187,2
-180,179,1
172,185,2
-189,-190,0
-4,5,4
176,-176,3
185,-183,3
7,-5,4
-155,-188,0
3,3,4
-182,179,1
183,174,2
-190,-174,0
-4,207,5
-187,-181,0
-174,-176,0
-2,2,4
-3,8,4
-199,-182,0
184,171,2
182,165,2
174,-180,3
190,173,2
-173,177,1
184,190,2
-1,7,4
-183,178,1
174,186,2
187,-176,3
-5,3,4
-173,-180,0
-4,195,5
176,-183,3
184,187,2
5,-2,4
-174,-178,0
-178,-176,0
6,193,5
1,193,5
-164,-183,0
-2,210,5
2,192,5
-175,-175,0
178,165,2
-188,177,1
2,203,5
179,175,2
183,171,2
0,207,5
-175,-171,0
-173,-183,0
175,196,2
-184,179,1
175,-177,3
-188,-187,0
0,192,5
-179,177,1
-184,-180,0
180,168,2
-180,186,1
173,175,2
-5,200,5
188,-180,3
-182,187,1
-166,-177,0
178,178,2
182,-181,3
179,-173,3
185,200,2
-8,4,4
167,193,2
-6,0,4
180,-179,3
184,171,2
176,-181,3
-182,177,1
174,-168,3
181,188,2
-2,199,5
178,-191,3
7,200,5
6,1,4
-179,-178,0
182,-167,3
0,193,5
186,-177,3
1,202,5
185,-176,3
-3,-2,4
13,210,5
-2,203,5
181,-166,3
177,-177,3
-174,-181,0
184,177,2
-172,-177,0
-1,201,5
186,162,2
-179,184,1
-14,205,5
179,-181,3
0,-6,4
-179,181,1
3,5,4
-12,-1,4
175,183,2
4,-1,4
0,198,5
-5,0,4
-8,4,4
-166,172,1
-13,210,5
10,10,4
178,174,2
-4,6,4
174,178,2
-192,-178,0
-178,-181,0
-183,182,1
-6,203,5
-1,-6,4
-3,205,5
-184,179,1
177,182,2
183,177,2
-188,-174,0
181,187,2
-178,181,1
-184,181,1
-7,211,5
0,-2,4
193,-162,3
-11,201,5
184,-176,3
178,-191,3
3,7,4
182,-197,3
8,2,4
187,-175,3
174,195,2
-4,210,5
178,-177,3
-181,183,1
-8,0,4
-14,-2,4
1,200,5
-2,-7,4
-174,178,1
-7,-2,4
-157,-183,0
-175,174,1
-177,-187,0
4,206,5
4,4,4
3,-5,4
-175,-186,0
6,-2,4
-194,-181,0
177,182,2
-3,-10,4
1,201,5
177,-193,3
0,0,4
-185,177,1
-3,-1,4
2,193,5
6,202,5
187,-184,3
-160,-184,0
181,-194,3
-174,173,1
-176,-172,0
-1,-1,4
180,-194,3
183,180,2
178,-166,3
-183,183,1
-185,185,1
-4,206,5
6,1,4
-180,182,1
186,201,2
1,196,5
188,182,2
-171,-183,0
2,199,5
-183,184,1
1,204,5
175,-173,3
-177,176,1
-173,-185,0
12,205,5
-181,186,1
-188,181,1
189,-162,3
5,3,4
183,-179,3
174,-161,3
-3,198,5
6,-2,4
1,199,5
-183,179,1
-174,175,1
0,211,5
172,-164,3
-176,173,1
180,-178,3
-165,-184,0
177,-174,3
178,-180,3
-178,-177,0
172,187,2
-4,-5,4
-163,-181,0
-173,176,1
187,164,2
176,169,2
-182,183,1
188,176,2
187,181,2
-3,15,4
184,182,2
2,-2,4
-184,184,1
5,198,5
177,178,2
176,188,2
-165,-185,0
-182,185,1
-169,-178,0
186,178,2
-165,-179,0
177,181,2
186,-173,3
-2,202,5
173,164,2
2,-7,4
-186,188,1
4,210,5
-3,191,5
187,-194,3
6,208,5
177,-173,3
-176,-180,0
-174,179,1
-183,-173,0
189,182,2
182,-172,3
171,-177,3
7,194,5
3,206,5
3,204,5
-187,179,1
-173,-177,0
179,194,2
-192,-180,0
182,-188,3
181,-171,3
189,179,2
-184,181,1
177,165,2
-179,177,1
10,199,5
180,195,2
-182,178,1
-14,191,5
-2,205,5
-2,4,4
-178,185,1
3,-6,4
169,178,2
-175,-186,0
-2,1,4
-178,178,1
-183,178,1
181,-185,3
2,212,5
186,176,2
-184,179,1
176,-188,3
-185,-182,0
177,-176,3
-189,-182,0
183,183,2
-183,176,1
3,-4,4
181,166,2
-181,186,1
181,-175,3
-11,-7,4
189,187,2
-183,-177,0
189,-169,3
177,-187,3
176,186,2
-179,-186,0
12,199,5
-1,4,4
0,-2,4
169,183,2
184,-181,3
179,-177,3
3,206,5
-5,203,5
3,0,4
179,-182,3
-177,173,1
-183,183,1
182,-179,3
-180,-181,0
2,-1,4
-189,184,1
177,-189,3
0,211,5
7,206,5
-197,182,1
-3,8,4
177,173,2
173,-184,3
-3,199,5
185,179,2
179,-164,3
186,186,2
176,170,2
-183,-176,0
-2,200,5
177,-171,3
-187,182,1
180,176,2
-180,178,1
-178,180,1
174,164,2
-186,-184,0
183,-177,3
185,-184,3
-186,185,1
-175,177,1
-181,174,1
179,-184,3
177,176,2
184,-177,3
4,4,4
0,1,4
-9,207,5
182,181,2
0,202,5
-169,-179,0
182,171,2
181,-167,3
-186,180,1
-191,-178,0
-203,-179,0
3,198,5
-177,189,1
3,202,5
-180,-176,0
10,-8,4
180,-192,3
11,8,4
1,-3,4
-185,172,1
-182,-174,0
-176,183,1
-167,-180,0
-188,-184,0
6,-3,4
5,196,5
-4,205,5
183,-185,3
-9,2,4
-179,179,1
-187,185,1
-160,-181,0
1,204,5
-177,182,1
-9,198,5
-180,-189,0
179,-177,3
-184,184,1
-1,197,5
-180,179,1
-185,-176,0
-186,-182,0
-1,-2,4
1,205,5
4,202,5
-174,-180,0
-175,178,1
189,187,2
-189,182,1
177,161,2
-8,190,5
2,211,5
-175,-175,0
-174,-178,0
177,181,2
-179,-178,0
185,168,2
-3,203,5
-178,-186,0
191,186,2
-189,-180,0
179,184,2
179,-182,3
173,-187,3
-184,-183,0
-4,0,4
185,185,2
184,-186,3
-3,198,5
-3,1,4
175,-188,3
176,-181,3
6,200,5
-183,-179,0
-178,181,1
7,-4,4
-181,182,1
-174,179,1
-175,179,1
-2,0,4
-181,173,1
-173,179,1
179,-184,3
-180,-181,0
-179,-181,0
-181,182,1
1,-4,4
180,-172,3
186,-188,3
-177,-188,0
-1,200,5
173,156,2
181,-164,3
-163,-181,0
-178,181,1
175,-206,3
170,186,2
-191,-176,0
190,-165,3
-183,188,1
180,-172,3
181,-182,3
6,-5,4
-171,-178,0
182,174,2
-175,172,1
180,-190,3
-171,-182,0
-1,2,4
-183,-172,0
180,-166,3
178,-185,3
-176,174,1
178,-173,3
-184,181,1
179,200,2
-1,-7,4
179,170,2
-179,177,1
-1,-5,4
177,-174,3
-4,-5,4
-1,194,5
4,197,5
1,-9,4
-175,-185,0
178,-194,3
4,208,5
-174,-180,0
-187,180,1
177,173,2
-4,200,5
-5,197,5
178,166,2
-177,-181,0
-3,-8,4
172,183,2
-195,-185,0
-174,176,1
-184,178,1
-183,-181,0
-185,-183,0
0,200,5
-170,181,1
0,206,5
-177,175,1
0,2,4
-183,-179,0
-182,180,1
176,-152,3
-171,-181,0
5,201,5
182,-188,3
179,-187,3
-183,-174,0
-183,-177,0
-176,181,1
174,-195,3
182,177,2
-182,177,1
-190,-184,0
171,-190,3
-186,-184,0
178,184,2
-1,-14,4
183,174,2
-188,-189,0
190,183,2
2,4,4
-182,-179,0
7,198,5
-179,182,1
-175,184,1
-181,178,1
2,199,5
-176,-181,0
3,-5,4
0,197,5
-188,181,1
-185,-181,0
-182,-180,0
-185,180,1
-179,185,1
182,-178,3
2,199,5
170,163,2
186,-172,3
-4,201,5
-188,172,1
-175,179,1
-181,188,1
-9,5,4
1,195,5
-191,178,1
172,159,2
172,167,2
5,4,4
-179,182,1
176,-183,3
174,-184,3
181,-179,3
-166,-184,0
-176,180,1
-183,178,1
2,202,5
-8,-5,4
-5,200,5
-1,0,4
-195,-185,0
-6,-2,4
0,2,4
-191,-191,0
-191,-179,0
-194,-178,0
176,-189,3
183,-182,3
186,176,2
3,-2,4
178,-182,3
-186,177,1
-177,-183,0
-174,185,1
-199,-172,0
180,-173,3
188,-194,3
-6,-6,4
183,175,2
-1,-6,4
-2,200,5
177,175,2
-12,-1,4
-182,-195,0
-8,-3,4
-185,178,1
176,181,2
-177,182,1
3,202,5
-179,-189,0
-184,188,1
178,-195,3
188,167,2
183,-180,3
179,-180,3
4,198,5
7,194,5
187,185,2
183,198,2
-1,206,5
181,-171,3
-182,-182,0
0,4,4
-2,198,5
-2,0,4
179,-153,3
-188,-174,0
180,-194,3
-184,177,1
0,-6,4
-2,-1,4
2,209,5
-186,180,1
-4,1,4
-180,183,1
180,-172,3
180,156,2
-5,209,5
186,-183,3
180,206,2
-3,195,5
6,2,4
-189,177,1
183,184,2
184,180,2
-1,199,5
174,-171,3
-177,181,1
-3,208,5
6,-5,4
172,190,2
173,-170,3
180,190,2
-183,-186,0
4,-4,4
184,174,2
-5,202,5
15,7,4
180,188,2
2,-2,4
-177,178,1
-185,185,1
-185,-183,0
184,-182,3
-183,-182,0
179,176,2
-3,-5,4
184,175,2
1,1,4
4,201,5
181,184,2
189,165,2
5,197,5
3,197,5
185,182,2
1,-5,4
-161,-182,0
-1,0,4
-11,202,5
-6,-3,4
-185,-178,0
185,187,2
-186,-184,0
-180,182,1
-172,-174,0
182,179,2
5,0,4
6,0,4
-177,175,1
-184,181,1
-182,176,1
178,189,2
-188,-180,0
178,-170,3
-185,-180,0
-175,182,1
5,9,4
4,189,5
180,-176,3
-166,175,1
5,197,5
184,192,2
-180,175,1
-6,201,5
187,192,2
-177,-182,0
182,176,2
179,-172,3
2,4,4
181,198,2
-181,182,1
173,177,2
-187,183,1
-1,-3,4
-4,4,4
-168,178,1
-168,-181,0
174,197,2
-3,217,5
176,-171,3
-1,207,5
186,191,2
189,-168,3
182,-191,3
179,205,2
-188,-180,0
183,181,2
-178,179,1
-175,-182,0
175,-190,3
177,-180,3
180,-177,3
-181,-180,0
-3,197,5
172,185,2
-6,-6,4
185,188,2
180,-172,3
172,191,2
-184,176,1
-10,8,4
179,-179,3
-181,184,1
177,-190,3
-191,-179,0
5,-2,4
-195,-183,0
-6,205,5
178,171,2
-175,181,1
-183,178,1
-183,-173,0
-167,-181,0
174,-187,3
177,-165,3
175,-174,3
-1,200,5
-204,-192,0
2,5,4
-1,-4,4
-184,180,1
-1,-4,4
-182,185,1
-192,-176,0
1,4,4
178,-195,3
182,170,2
185,191,2
-1,3,4
-8,199,5
188,-184,3
190,172,2
1,-5,4
-180,-179,0
175,167,2
12,5,4
182,165,2
5,-7,4
4,3,4
7,201,5
-175,-177,0
184,-183,3
-190,-175,0
-10,197,5
-187,-178,0
-7,195,5
-181,178,1
-184,183,1
-170,181,1
-1,1,4
191,186,2
-178,-179,0
-179,-173,0
-168,179,1
180,178,2
187,-190,3
-182,176,1
183,181,2
9,5,4
-185,-179,0
174,187,2
181,173,2
-170,175,1
-186,-188,0
0,0,4
185,174,2
0,-6,4
-2,1,4
8,204,5
-182,-191,0
1,192,5
-8,-10,4
7,3,4
-3,205,5
-3,206,5
183,-183,3
-1,195,5
179,195,2
-185,180,1
174,-190,3
-184,181,1
-185,-178,0
182,177,2
-186,-175,0
-161,-177,0
-185,177,1
-198,-181,0
182,183,2
2,5,4
5,2,4
5,8,4
8,-5,4
-6,207,5
183,176,2
-188,-175,0
-2,-1,4
180,173,2
3,202,5
-190,182,1
-4,-4,4
180,-178,3
-184,-172,0
176,-197,3
-169,-178,0
-7,-5,4
1,195,5
6,-2,4
5,-6,4
2,197,5
184,-183,3
-189,-180,0
175,-193,3
179,-187,3
174,-197,3
-183,185,1
175,168,2
-3,196,5
0,-2,4
0,198,5
183,183,2
179,-186,3
-189,-180,0
4,-2,4
174,-183,3
4,2,4
-163,-182,0
-193,-177,0
7,200,5
-6,199,5
1,201,5
184,-171,3
-168,181,1
4,-3,4
187,186,2
1,202,5
-170,-180,0
-156,-179,0
-206,-172,0
183,-176,3
179,185,2
3,205,5
-176,-175,0
3,-9,4
182,-170,3
4,7,4
-172,-177,0
-4,4,4
184,-194,3
3,-3,4
183,188,2
179,-179,3
179,169,2
172,171,2
185,186,2
177,-165,3
2,0,4
-182,-187,0
182,-179,3
-182,180,1
182,-188,3
-188,-180,0
-177,-175,0
-5,-9,4
-187,181,1
-4,199,5
8,198,5
0,209,5
5,203,5
169,181,2
-191,-179,0
173,-198,3
-188,-185,0
180,167,2
-177,185,1
0,-2,4
-4,194,5
-169,180,1
-7,198,5
180,-192,3
-2,206,5
186,181,2
1,-6,4
-155,-173,0
-2,202,5
-4,-1,4
180,-184,3
1,6,4
181,184,2
-1,200,5
181,-174,3
182,-191,3
-182,181,1
173,-176,3
-181,181,1
176,186,2
-4,7,4
-173,-183,0
-178,180,1
190,-172,3
171,-167,3
181,-188,3
178,-166,3
3,200,5
-6,193,5
-177,174,1
2,198,5
185,-174,3
0,202,5
-178,184,1
-179,176,1
5,-2,4
178,164,2
2,-4,4
182,172,2
-178,185,1
-1,197,5
172,189,2
-3,204,5
185,-193,3
-151,-177,0
181,-186,3
177,-185,3
5,1,4
183,192,2
182,183,2
-179,-183,0
-3,201,5
-190,-182,0
-173,-183,0
190,-200,3
184,161,2
186,-182,3
-184,-174,0
-4,3,4
-178,176,1
3,3,4
178,-186,3
2,202,5
177,216,2
182,191,2
-175,181,1
175,-188,3
-164,-182,0
-3,-8,4
174,161,2
174,185,2
2,-62,5
177,-192,3
1,193,5
179,187,2
-184,181,1
178,181,2
6,2,4
176,-199,3
0,210,5
-2,201,5
-180,177,1
172,194,2
-193,-178,0
4,198,5
179,181,2
2,202,5
-6,9,4
-181,-179,0
177,-173,3
-174,-177,0
173,-184,3
5,-1,4
190,169,2
1,203,5
180,-174,3
-3,195,5
185,171,2
-187,-185,0
4,3,4
-5,205,5
-184,176,1
-183,173,1
-161,-188,0
-185,184,1
181,-193,3
1,195,5
-181,-182,0
172,204,2
-183,182,1
182,-174,3
-164,-182,0
9,199,5
186,187,2
-3,0,4
175,-165,3
-192,-186,0
182,-180,3
-2,-2,4
-194,-182,0
183,-181,3
-187,177,1
-1,2,4
-188,-183,0
-177,184,1
-188,-182,0
179,173,2
176,-199,3
175,-165,3
182,-169,3
183,172,2
8,-3,4
-187,-184,0
-194,181,1
183,-175,3
-7,2,4
-7,197,5
-186,-181,0
180,-176,3
-10,-3,4
-6,205,5
187,175,2
-183,-176,0
-2,209,5
175,-177,3
-175,179,1
1,205,5
182,-185,3
179,-181,3
-9,201,5
-186,180,1
-186,174,1
-187,-171,0
-184,-177,0
186,-194,3
2,0,4
0,-5,4
184,-178,3
-9,-1,4
-184,182,1
193,185,2
-177,-174,0
-190,-188,0
180,185,2
-181,-177,0
4,-3,4
183,-199,3
7,192,5
180,180,2
2,191,5
184,-180,3
3,-3,4
-188,179,1
1,2,4
-176,180,1
-181,180,1
179,-189,3
182,-170,3
-160,-181,0
183,-185,3
-9,207,5
182,173,2
8,1,4
-1,199,5
-173,171,1
4,6,4
-179,178,1
-171,-179,0
191,165,2
-174,185,1
181,175,2
186,-186,3
176,181,2
-181,-184,0
181,182,2
179,-178,3
174,185,2
4,-7,4
7,194,5
-1,198,5
-7,205,5
-185,-181,0
-170,-182,0
177,187,2
-3,204,5
4,209,5
-2,193,5
182,161,2
184,-177,3
-202,-183,0
-188,169,1
176,-189,3
179,183,2
2,0,4
182,162,2
-2,195,5
177,197,2
182,-154,3
-6,204,5
-193,-185,0
-173,-195,0
179,-198,3
178,-162,3
187,194,2
4,-1,4
-175,180,1
-2,-1,4
1,-3,4
-200,-179,0
179,-186,3
5,5,4
-181,-183,0
1,190,5
183,-163,3
183,188,2
-8,-3,4
188,-175,3
181,-160,3
-2,193,5
2,205,5
-168,-184,0
-186,185,1
-5,6,4
-182,186,1
186,167,2
179,-187,3
12,201,5
174,177,2
181,-167,3
182,191,2
-5,-3,4
-5,204,5
175,-197,3
-5,188,5
3,0,4
5,-7,4
186,169,2
177,-179,3
-168,181,1
178,-188,3
182,-173,3
182,174,2
-3,5,4
-183,-177,0
183,-180,3
-182,181,1
-11,0,4
-184,174,1
5,193,5
-189,-175,0
-181,-180,0
175,168,2
184,-168,3
-180,178,1
181,-173,3
1,0,4
-7,202,5
177,-193,3
-171,180,1
5,196,5
180,173,2
6,-3,4
183,-187,3
1,10,4
180,-174,3
-182,-171,0
-10,212,5
177,-186,3
-178,183,1
181,-163,3
-1,205,5
-188,178,1
-183,184,1
-165,-180,0
-2,1,4
1,-2,4
4,203,5
171,166,2
-7,196,5
-167,-183,0
2,3,4
182,-172,3
-1,202,5
7,-2,4
-8,197,5
-175,-181,0
-180,178,1
177,182,2
1,-5,4
183,183,2
4,1,4
-167,-179,0
-3,-1,4
-182,183,1
176,193,2
-185,175,1
-178,-187,0
178,-200,3
-181,178,1
3,-3,4
-7,-9,4
-186,178,1
-182,181,1
180,178,2
-4,200,5
182,-186,3
4,0,4
-174,-181,0
0,5,4
-177,-180,0
1,203,5
-10,0,4
-175,-183,0
-188,-186,0
-174,177,1
-182,-178,0
181,177,2
-182,-187,0
-1,8,4
6,200,5
183,188,2
-185,-179,0
-174,176,1
176,171,2
178,-200,3
181,181,2
-186,-183,0
-180,180,1
182,176,2
-169,183,1
-158,-188,0
-5,208,5
184,-174,3
1,199,5
-173,177,1
178,-186,3
7,202,5
186,-180,3
182,-161,3
173,-163,3
181,-199,3
182,-189,3
183,-174,3
176,-183,3
-179,-185,0
-176,179,1
177,-204,3
-181,-181,0
180,-167,3
2,211,5
1,197,5
180,-180,3
177,-181,3
-165,-180,0
174,-166,3
179,176,2
180,173,2
-3,206,5
-180,181,1
-189,176,1
181,196,2
183,-196,3
-178,-186,0
181,169,2
-184,189,1
177,177,2
-172,-178,0
-174,181,1
-181,180,1
179,176,2
-7,196,5
-3,5,4
182,182,2
166,187,2
187,183,2
5,202,5
191,161,2
187,-168,3
6,188,5
-183,182,1
-187,-183,0
178,175,2
6,-1,4
189,-178,3
185,199,2
184,191,2
-173,-181,0
2,201,5
-185,177,1
181,191,2
184,176,2
13,-7,4
1,191,5
185,-176,3
181,-174,3
174,179,2
0,-3,4
4,197,5
-190,-178,0
9,3,4
177,183,2
-167,-180,0
-181,178,1
-182,-185,0
-183,-182,0
182,-171,3
-169,-176,0
5,5,4
0,-4,4
1,-1,4
181,-185,3
-195,-180,0
-3,200,5
176,-187,3
-1,0,4
182,179,2
2,205,5
-169,-180,0
179,-187,3
-175,187,1
-3,5,4
-169,183,1
-2,3,4
-180,176,1
-176,178,1
6,199,5
182,155,2
0,2,4
-181,179,1
-181,-179,0
175,-175,3
178,175,2
5,4,4
192,187,2
-182,-183,0
-1,202,5
2,198,5
5,201,5
-181,176,1
4,207,5
178,-190,3
-177,176,1
-177,180,1
-1,10,4
-1,200,5
-184,-182,0
1,9,4
-3,204,5
184,-183,3
-181,178,1
0,-5,4
1,198,5
-175,-176,0
-173,-175,0
-169,177,1
178,187,2
-6,-2,4
176,182,2
179,184,2
175,173,2
0,1,4
-175,-185,0
178,-182,3
-178,184,1
298,175,1
172,191,2
-173,182,1
-182,181,1
-1,-1,4
-6,201,5
-3,200,5
173,183,2
2,1,4
3,-8,4
1,-5,4
-180,-185,0
-10,196,5
-168,-181,0
-169,176,1
-2,11,4
-182,-185,0
190,177,2
7,8,4
8,4,4
-181,184,1
-178,181,1
-14,1,4
-2,-5,4
175,-188,3
8,193,5
184,-172,3
-1,206,5
-171,-172,0
3,198,5
-3,204,5
180,-172,3
183,-183,3
174,201,2
-183,183,1
-179,180,1
-176,184,1
187,-183,3
177,173,2
-2,1,4
169,-169,3
-190,-175,0
183,-184,3
-182,176,1
2,205,5
-1,204,5
182,192,2
-167,184,1
181,-202,3
176,181,2
0,198,5
-2,-9,4
185,190,2
-184,179,1
184,-171,3
-4,-6,4
178,-179,3
-5,11,4
178,172,2
-5,191,5
-186,-184,0
182,-181,3
-185,177,1
2,200,5
188,187,2
4,4,4
178,-161,3
0,1,4
0,2,4
-185,180,1
176,-173,3
-199,-180,0
-1,0,4
-175,180,1
6,-15,4
3,194,5
186,-171,3
0,4,4
170,158,2
-5,0,4
182,-186,3
-180,184,1
186,191,2
-171,-183,0
-186,187,1
175,191,2
-177,185,1
-181,-175,0
172,-175,3
181,-189,3
184,-184,3
-180,181,1
184,-162,3
183,181,2
178,-183,3
-176,179,1
-5,-3,4
179,169,2
-172,-192,0
-3,0,4
-182,177,1
-1,210,5
179,-179,3
-2,-3,4
-188,185,1
182,-172,3
189,169,2
-2,1,4
-3,198,5
-172,-183,0
0,-4,4
8,193,5
5,206,5
-181,-190,0
-180,179,1
175,175,2
-187,184,1
-10,202,5
1,199,5
180,183,2
-178,179,1
183,-178,3
175,174,2
-11,0,4
-178,171,1
-1,-9,4
178,198,2
188,177,2
-190,178,1
2,-2,4
-3,2,4
-185,183,1
-173,185,1
4,-3,4
5,-5,4
-182,177,1
-181,179,1
-178,184,1
-185,186,1
-2,4,4
-171,-182,0
-182,-175,0
-182,182,1
-3,193,5
3,198,5
1,-4,4
-6,3,4
-160,-180,0
-198,-181,0
3,206,5
181,187,2
-172,-178,0
190,185,2
4,3,4
10,195,5
181,-185,3
4,6,4
176,172,2
-183,175,1
-187,-174,0
-2,204,5
-173,-175,0
-178,178,1
-192,-186,0
-178,-177,0
-175,185,1
-179,176,1
174,-184,3
181,-179,3
-4,204,5
-187,-180,0
-5,204,5
183,-186,3
2,-9,4
-3,196,5
181,197,2
0,-1,4
-190,-182,0
-185,-179,0
182,190,2
180,-180,3
182,-183,3
-4,9,4
0,200,5
-185,-177,0
2,198,5
181,178,2
176,-187,3
10,0,4
-3,-2,4
-180,-181,0
-179,-177,0
4,5,4
179,171,2
3,204,5
-180,180,1
186,-181,3
190,-167,3
-199,-182,0
-8,209,5
184,-164,3
1,0,4
0,-2,4
-3,1,4
7,6,4
-174,-183,0
4,199,5
182,-185,3
180,186,2
-2,192,5
-183,181,1
179,182,2
-1,201,5
179,181,2
0,-1,4
178,-183,3
-184,-180,0
-178,176,1
179,-178,3
180,188,2
180,-180,3
-6,202,5
-189,185,1
-178,-173,0
-2,210,5
-166,-186,0
4,199,5
3,200,5
-2,0,4
-9,5,4
0,204,5
-175,178,1
2,0,4
-5,12,4
-3,-2,4
179,188,2
181,181,2
182,-193,3
175,177,2
177,178,2
181,167,2
4,2,4
-1,8,4
-185,177,1
183,183,2
181,-192,3
-188,-179,0
6,-4,4
185,-198,3
179,188,2
0,-2,4
-177,-177,0
185,-169,3
-200,-181,0
174,186,2
10,202,5
-178,178,1
177,-176,3
-3,4,4
-1,-5,4
177,173,2
13,4,4
177,178,2
185,-190,3
179,-175,3
-173,191,1
170,176,2
6,193,5
186,186,2
0,197,5
175,181,2
-183,175,1
174,166,2
-6,-6,4
-171,-175,0
-185,181,1
176,190,2
187,167,2
180,182,2
181,-196,3
-181,189,1
-3,-2,4
174,179,2
1,199,5
185,-177,3
-177,187,1
178,167,2
175,194,2
-1,2,4
184,-178,3
-2,3,4
-162,-183,0
5,-8,4
179,-180,3
7,193,5
179,189,2
178,-170,3
-170,-184,0
182,-185,3
177,-195,3
-194,-184,0
-184,178,1
-11,2,4
0,6,4
-1,191,5
-10,195,5
176,-180,3
-187,183,1
181,179,2
175,-192,3
-179,-188,0
1,3,4
-189,-187,0
182,-180,3
180,-189,3
3,-4,4
-180,-181,0
2,204,5
183,-180,3
-183,178,1
-182,-182,0
179,-173,3
0,-13,4
-187,182,1
1,3,4
175,191,2
5,197,5
185,169,2
5,208,5
-180,181,1
180,173,2
5,-9,4
179,-177,3
13,205,5
182,189,2
0,-5,4
178,168,2
4,202,5
176,-186,3
3,194,5
180,-188,3
186,-210,3
5,199,5
-2,-3,4
178,184,2
176,-174,3
-188,183,1
-1,6,4
-170,-176,0
-180,180,1
-197,-183,0
-171,180,1
180,-199,3
-175,185,1
3,200,5
-1,2,4
3,-11,4
184,-185,3
188,177,2
3,1,4
181,-179,3
-3,-3,4
176,177,2
-5,3,4
-181,177,1
181,-184,3
-179,177,1
187,187,2
-182,179,1
-188,176,1
4,209,5
165,186,2
180,-176,3
180,189,2
185,168,2
-177,183,1
-183,-189,0
-181,-179,0
182,-184,3
-174,181,1
166,181,2
172,171,2
-178,-181,0
184,-185,3
-173,-185,0
-165,-177,0
182,-174,3
5,201,5
174,-173,3
-171,-176,0
-183,186,1
175,175,2
-1,199,5
176,-192,3
182,-172,3
3,3,4
178,186,2
182,-192,3
7,194,5
-179,182,1
183,-191,3
181,-177,3
184,-188,3
174,171,2
5,197,5
1,203,5
173,-179,3
-7,5,4
-2,5,4
-1,9,4
-180,174,1
-4,0,4
-200,-176,0
176,169,2
178,-192,3
-183,176,1
179,-164,3
181,185,2
172,195,2
-176,181,1
-4,11,4
180,-191,3
-191,-188,0
-174,186,1
184,-178,3
-7,203,5
-170,-178,0
180,-191,3
-188,-181,0
-181,-186,0
-182,179,1
-174,-172,0
178,-176,3
179,-173,3
-2,193,5
-177,-173,0
184,-193,3
177,-178,3
-183,-180,0
185,-163,3
3,207,5
-4,204,5
189,175,2
183,177,2
184,178,2
174,181,2
-176,180,1
-8,193,5
-190,-178,0
179,167,2
-185,-184,0
6,-5,4
-177,184,1
181,-186,3
-4,196,5
-7,205,5
8,188,5
-195,-174,0
-193,-181,0
-3,198,5
184,171,2
182,-166,3
183,-165,3
179,-170,3
-3,-4,4
7,0,4
180,-173,3
-5,0,4
4,0,4
4,3,4
-177,178,1
-179,190,1
183,194,2
190,186,2
5,-2,4
180,-176,3
-171,-185,0
-184,-188,0
176,174,2
180,-163,3
3,199,5
176,175,2
2,-1,4
-171,-186,0
0,-6,4
166,190,2
-158,-183,0
-5,200,5
-165,-180,0
-3,212,5
180,-192,3
178,168,2
-181,179,1
177,-181,3
179,166,2
183,175,2
-177,-185,0
-180,176,1
181,-184,3
-180,173,1
-190,-178,0
174,-183,3
-158,-183,0
171,182,2
-179,174,1
175,182,2
-177,-180,0
-179,-178,0
-193,-184,0
-191,-179,0
-10,202,5
-177,177,1
-170,-178,0
-176,186,1
1,198,5
185,-170,3
-181,-184,0
0,203,5
1,198,5
178,163,2
-174,183,1
178,174,2
2,-7,4
-164,-188,0
-179,-180,0
-3,-7,4
5,7,4
3,1,4
3,205,5
0,195,5
177,-182,3
174,180,2
179,-193,3
180,-183,3
185,206,2
0,202,5
-5,7,4
-298,6,4
-182,186,1
-6,198,5
181,176,2
-5,199,5
-152,-184,0
176,-173,3
175,-190,3
182,-196,3
182,-185,3
-6,190,5
-172,-183,0
-1,2,4
1,200,5
-13,198,5
-3,-8,4
-180,183,1
-1,8,4
188,-194,3
172,-181,3
-180,-181,0
8,-11,4
182,171,2
-7,200,5
1,200,5
-177,180,1
184,175,2
1,-3,4
171,176,2
177,181,2
-190,-175,0
-12,0,4
0,1,4
-7,3,4
-187,176,1
-178,182,1
-3,203,5
0,199,5
3,4,4
180,-179,3
-163,-174,0
-190,-183,0
-179,-182,0
-174,-176,0
185,176,2
-179,181,1
-190,-176,0
170,-180,3
7,-2,4
-6,2,4
-192,-173,0
-2,0,4
-191,181,1
-169,-188,0
1,5,4
1,3,4
171,-179,3
-177,176,1
184,-166,3
172,174,2
-178,-181,0
-183,180,1
3,208,5
178,-200,3
2,197,5
1,199,5
0,-11,4
2,197,5
-178,-179,0
175,-173,3
164,186,2
180,176,2
181,164,2
-173,-182,0
3,196,5
-191,175,1
185,171,2
-1,4,4
-185,180,1
-187,193,1
175,-185,3
1,201,5
-182,179,1
174,181,2
173,178,2
181,188,2
4,194,5
-177,-181,0
-2,1,4
6,195,5
-173,178,1
183,-188,3
182,173,2
-201,-187,0
179,-162,3
178,174,2
188,-197,3
3,199,5
-176,-190,0
180,172,2
-3,198,5
2,200,5
-181,179,1
-1,193,5
5,197,5
-176,176,1
2,-7,4
10,2,4
-181,173,1
2,0,4
-7,-6,4
174,-180,3
-193,175,1
179,186,2
-174,175,1
2,207,5
-176,187,1
-177,184,1
180,-169,3
175,-196,3
-182,179,1
4,8,4
-4,5,4
0,1,4
-181,-189,0
-179,181,1
187,-168,3
2,208,5
2,205,5
-174,-178,0
-173,-178,0
10,204,5
179,159,2
8,0,4
-178,176,1
173,192,2
-183,-184,0
-189,-184,0
6,2,4
-178,-187,0
-178,-175,0
174,-190,3
185,161,2
-174,178,1
3,199,5
-10,206,5
-166,-176,0
181,-185,3
-182,184,1
-10,201,5
-173,-186,0
181,-174,3
12,-5,4
-181,177,1
-176,-181,0
-189,174,1
187,171,2
-178,-178,0
-195,-180,0
1,198,5
4,0,4
-1,1,4
-5,192,5
0,-10,4
-2,198,5
2,-3,4
10,-3,4
181,175,2
-174,179,1
-181,177,1
6,203,5
177,-173,3
-183,183,1
184,191,2
188,190,2
-182,-195,0
-187,185,1
180,192,2
-1,2,4
-166,-183,0
177,-174,3
178,-172,3
179,184,2
3,-7,4
-177,181,1
176,-168,3
5,203,5
174,-183,3
195,179,2
174,186,2
-1,-3,4
-2,2,4
0,-3,4
6,199,5
2,-1,4
5,201,5
-172,-180,0
1,195,5
184,-178,3
-178,177,1
6,-3,4
174,-173,3
9,-2,4
-2,206,5
-3,205,5
-3,196,5
175,174,2
-5,-2,4
-3,10,4
-2,196,5
193,177,2
4,1,4
5,-15,4
183,-164,3
182,183,2
-180,179,1
-171,-173,0
-175,-175,0
-4,199,5
7,5,4
-3,198,5
174,173,2
175,-172,3
-183,172,1
176,-179,3
188,-197,3
7,-2,4
186,-162,3
177,185,2
-6,-2,4
4,206,5
-185,175,1
-1,5,4
-183,181,1
12,0,4
1,3,4
-174,-167,0
-186,-183,0
178,-197,3
-178,178,1
7,-5,4
-6,0,4
-176,177,1
8,203,5
0,202,5
180,-199,3
181,181,2
0,9,4
-4,202,5
-4,204,5
-183,-185,0
176,165,2
-178,172,1
176,-181,3
-2,199,5
181,-188,3
180,184,2
179,188,2
-181,184,1
-182,176,1
5,-3,4
178,171,2
-177,-172,0
-178,181,1
-173,-180,0
-6,-4,4
-181,181,1
-172,-185,0
-175,-180,0
8,197,5
-183,-186,0
-170,-178,0
-177,171,1
182,172,2
-168,-179,0
-3,195,5
178,-176,3
175,193,2
-6,0,4
-188,-171,0
179,182,2
4,205,5
6,207,5
182,-174,3
184,195,2
182,179,2
-4,0,4
-6,199,5
-5,3,4
-178,-182,0
184,-174,3
-184,-178,0
-2,3,4
171,-182,3
-182,-168,0
-180,-177,0
-6,4,4
179,176,2
179,204,2
-185,-190,0
-170,177,1
-1,2,4
-4,3,4
-185,183,1
181,177,2
3,4,4
-2,199,5
178,173,2
-182,181,1
-181,178,1
-175,182,1
-187,-180,0
188,182,2
-176,-180,0
-191,-184,0
-178,185,1
179,180,2
-176,181,1
3,205,5
180,-167,3
-179,173,1
178,167,2
5,1,4
175,160,2
3,3,4
-175,-183,0
-178,182,1
2,205,5
177,-179,3
-7,4,4
-189,-183,0
-170,-183,0
170,170,2
-176,-175,0
-2,4,4
-177,182,1
-179,-181,0
193,170,2
-180,-179,0
1,202,5
-181,185,1
-4,-2,4
168,186,2
0,-11,4
-3,201,5
-2,206,5
186,-181,3
168,186,2
-196,-177,0
-176,182,1
-178,182,1
-11,196,5
182,-182,3
-183,-178,0
180,180,2
-161,-176,0
-6,196,5
1,5,4
-7,195,5
-181,173,1
-167,-173,0
2,-8,4
-180,179,1
178,175,2
181,-186,3
8,198,5
177,-183,3
179,167,2
174,-185,3
187,-188,3
-190,178,1
-180,180,1
1,3,4
-4,7,4
-194,-175,0
181,-178,3
178,173,2
178,164,2
177,184,2
-6,2,4
182,-172,3
-181,182,1
-180,-175,0
-1,-4,4
186,179,2
178,-187,3
179,-186,3
-1,203,5
0,4,4
-183,178,1
1,198,5
-180,-178,0
-8,191,5
4,11,4
-181,183,1
-4,4,4
186,-188,3
1,-4,4
3,201,5
-188,-176,0
-163,-182,0
-6,200,5
-168,-180,0
181,171,2
3,-1,4
180,189,2
-4,212,5
-3,202,5
-175,187,1
-175,-182,0
-189,178,1
-181,-181,0
1,192,5
-178,-183,0
-177,-181,0
5,-3,4
-175,180,1
-185,183,1
183,186,2
175,167,2
-1,202,5
1,202,5
-149,-185,0
-187,-179,0
192,191,2
1,-4,4
172,185,2
185,-179,3
183,-169,3
6,192,5
176,189,2
-173,-184,0
185,-180,3
179,-171,3
-182,-179,0
-3,-7,4
3,196,5
179,-188,3
1,-3,4
1,-12,4
-172,180,1
11,202,5
3,194,5
2,5,4
-178,-184,0
4,200,5
174,195,2
176,180,2
176,-181,3
174,190,2
-183,181,1
-183,179,1
177,176,2
-175,188,1
-1,201,5
-206,175,2
183,159,2
-173,182,1
-2,11,4
-189,-175,0
4,207,5
-183,179,1
180,194,2
-185,182,1
174,182,2
-177,-181,0
171,184,2
180,174,2
174,177,2
182,170,2
171,-175,3
173,-174,3
-176,-181,0
184,-189,3
185,175,2
-8,198,5
5,209,5
-186,-166,0
-1,3,4
188,184,2
3,6,4
-172,-174,0
-9,-5,4
3,-1,4
-187,-182,0
177,-187,3
174,177,2
3,206,5
180,-178,3
-180,185,1
183,-183,3
-173,-182,0
-4,3,4
-186,174,1
-189,-183,0
178,-175,3
-169,176,1
181,-190,3
183,-170,3
172,166,2
-175,-180,0
-168,-183,0
-174,180,1
184,-197,3
178,186,2
0,-1,4
181,-188,3
-178,186,1
184,183,2
-179,-180,0
-8,-5,4
178,178,2
183,-157,3
3,2,4
-176,178,1
8,1,4
0,0,4
-182,187,1
-12,194,5
-173,-181,0
-1,-9,4
-185,-177,0
-2,203,5
-183,180,1
6,201,5
183,-183,3
-1,201,5
184,182,2
186,-185,3
-184,184,1
-171,-177,0
178,-186,3
-181,174,1
177,-179,3
-188,-177,0
-9,2,4
175,188,2
-8,1,4
-172,-180,0
9,199,5
183,-190,3
-183,-182,0
176,168,2
0,203,5
-173,180,1
182,-194,3
-175,170,1
-175,-186,0
-186,182,1
-10,-3,4
-7,204,5
184,-182,3
189,-163,3
-4,2,4
177,-158,3
174,-173,3
177,174,2
-182,183,1
183,176,2
-5,4,4
180,-181,3
4,2,4
-179,177,1
-174,175,1
-180,175,1
176,179,2
-184,186,1
180,-177,3
180,167,2
-177,179,1
183,-176,3
4,-1,4
-2,188,5
182,-180,3
-2,208,5
-182,-176,0
-1,7,4
177,174,2
178,190,2
-173,-182,0
6,1,4
-8,6,4
3,-5,4
188,175,2
186,186,2
-2,202,5
1,-2,4
-2,195,5
182,180,2
-174,-186,0
189,189,2
-175,172,1
-180,181,1
187,191,2
179,-183,3
-161,-183,0
-150,-181,0
-169,176,1
183,171,2
12,206,5
-172,-179,0
186,-186,3
-175,182,1
-1,-5,4
-173,185,1
-5,194,5
182,-192,3
-181,181,1
-181,178,1
175,-181,3
3,1,4
3,8,4
-10,12,4
3,204,5
-176,185,1
-5,-5,4
182,-174,3
180,-157,3
-182,177,1
-184,-184,0
-193,-186,0
6,201,5
176,-173,3
-182,176,1
-1,8,4
-175,-180,0
0,199,5
14,-1,4
178,175,2
-178,-180,0
184,164,2
187,177,2
5,6,4
181,190,2
9,204,5
178,193,2
-189,-181,0
11,-5,4
180,175,2
-179,-176,0
181,-183,3
184,-200,3
-5,198,5
180,-174,3
176,-183,3
-177,188,1
-186,184,1
178,-165,3
2,195,5
-180,-178,0
-4,195,5
184,177,2
-170,179,1
182,192,2
-172,182,1
-2,201,5
-181,-186,0
-176,180,1
-164,-179,0
183,-177,3
-1,210,5
3,196,5
2,200,5
-4,201,5
181,180,2
-5,0,4
176,-178,3
4,204,5
178,-180,3
-9,3,4
185,180,2
-4,-3,4
-190,-173,0
184,170,2
182,163,2
0,-2,4
-182,182,1
-178,-190,0
-165,-177,0
-180,186,1
-176,180,1
180,-190,3
-9,1,4
182,175,2
1,0,4
176,-187,3
-1,206,5
-186,-178,0
-177,178,1
174,185,2
179,178,2
-187,174,1
10,207,5
176,181,2
-174,175,1
7,6,4
-8,-2,4
-8,207,5
-7,204,5
182,-171,3
-190,-179,0
-3,-4,4
179,172,2
6,4,4
179,179,2
1,-8,4
175,174,2
-181,-170,0
-186,185,1
-3,201,5
-188,174,1
3,10,4
-11,-10,4
-180,-178,0
190,184,2
178,172,2
2,195,5
-8,202,5
-5,207,5
2,7,4
-6,-3,4
174,188,2
-8,6,4
-15,-11,4
-178,-173,0
6,198,5
-171,-179,0
-186,179,1
1,0,4
-187,-169,0
176,-190,3
-181,-184,0
182,184,2
1,200,5
-183,-182,0
1,200,5
6,4,4
-1,-8,4
-182,181,1
-170,-177,0
2,-4,4
179,-171,3
181,184,2
-178,-185,0
-175,181,1
176,-180,3
185,186,2
-4,199,5
-187,-182,0
177,183,2
0,5,4
172,-188,3
-175,-177,0
-189,183,1
6,208,5
-180,-182,0
4,-1,4
184,-186,3
-189,-185,0
-172,-164,0
173,-153,3
0,193,5
-199,-187,0
175,-192,3
-177,-174,0
-179,-175,0
180,177,2
-2,-3,4
-196,-182,0
-9,0,4
-183,182,1
186,-180,3
-3,6,4
-3,198,5
-190,181,1
-175,-182,0
-181,180,1
182,-176,3
175,178,2
185,-189,3
-185,-181,0
5,205,5
-184,-185,0
186,173,2
4,-13,4
10,8,4
-12,1,4
183,191,2
3,198,5
-1,-3,4
188,192,2
2,200,5
-5,207,5
-7,199,5
-176,182,1
191,184,2
4,205,5
1,203,5
-174,173,1
-174,-177,0
184,183,2
4,198,5
-179,181,1
-176,179,1
-180,184,1
-181,178,1
11,201,5
173,-203,3
-184,-190,0
-8,200,5
-1,8,4
-5,206,5
-177,180,1
181,182,2
175,-190,3
-170,182,1
185,199,2
183,-165,3
-177,184,1
176,-187,3
173,156,2
175,162,2
-182,-181,0
184,-178,3
-182,188,1
-186,-166,0
-3,196,5
-182,182,1
-10,-2,4
6,195,5
-4,-1,4
2,200,5
-5,-10,4
-188,-173,0
176,-174,3
-9,-5,4
166,187,2
10,5,4
187,186,2
185,183,2
185,-173,3
176,-170,3
-178,-176,0
3,1,4
183,-194,3
185,-193,3
180,-186,3
-181,-174,0
2,9,4
179,-186,3
-179,-179,0
-174,173,1
180,168,2
2,199,5
177,177,2
-4,189,5
-4,199,5
175,-175,3
-12,-9,4
-1,-3,4
183,181,2
175,184,2
177,174,2
173,176,2
6,201,5
4,203,5
181,-181,3
178,-170,3
4,200,5
-195,-175,0
0,4,4
-182,177,1
177,-177,3
1,199,5
186,170,2
182,-178,3
-184,183,1
5,206,5
174,181,2
191,-173,3
1,201,5
-183,-183,0
-182,179,1
-189,-184,0
176,-187,3
-179,177,1
14,0,4
1,210,5
-3,198,5
5,1,4
-178,178,1
-3,0,4
-181,186,1
-178,171,1
-10,198,5
-13,196,5
-181,-174,0
-175,184,1
8,3,4
182,-184,3
177,-174,3
182,181,2
-182,-177,0
-178,-184,0
-181,179,1
3,205,5
180,-156,3
-182,184,1
-177,185,1
15,4,4
-1,202,5
0,198,5
1,186,5
5,-3,4
-182,181,1
-6,-3,4
185,-184,3
-2,198,5
-178,-176,0
-1,203,5
-174,184,1
0,6,4
-9,206,5
-2,0,4
-187,-176,0
2,-4,4
-181,-176,0
180,160,2
180,207,2
177,-170,3
-178,178,1
-190,-183,0
-182,183,1
-182,-179,0
0,-1,4
-1,200,5
190,172,2
-4,198,5
2,198,5
183,176,2
0,206,5
190,178,2
180,187,2
-172,182,1
-175,-183,0
186,192,2
178,163,2
1,-6,4
180,-183,3
-2,197,5
-181,178,1
0,205,5
-175,-188,0
-188,176,1
5,6,4
-181,184,1
181,170,2
-178,177,1
178,-192,3
2,-2,4
174,-175,3
-5,9,4
-178,181,1
177,-201,3
175,168,2
-185,189,1
184,-185,3
176,190,2
-1,0,4
-175,183,1
181,-186,3
5,198,5
-172,-178,0
-10,10,4
-167,-176,0
-185,-173,0
-1,197,5
176,171,2
-189,-181,0
1,14,4
-179,174,1
2,196,5
-184,181,1
188,194,2
-1,-2,4
5,5,4
9,211,5
3,0,4
185,-185,3
-4,-3,4
-168,-173,0
8,-6,4
5,0,4
-1,8,4
192,181,2
-6,8,4
-5,196,5
-179,-182,0
5,206,5
-4,199,5
178,-187,3
182,182,2
-154,-177,0
0,195,5
183,-189,3
2,3,4
181,-155,3
-189,177,1
-182,181,1
180,-168,3
-6,201,5
7,-4,4
-179,176,1
-5,2,4
5,4,4
179,166,2
-188,182,1
0,198,5
1,203,5
178,186,2
11,196,5
-187,-187,0
-180,177,1
-182,-180,0
-176,-188,0
168,186,2
-187,-179,0
-178,173,1
181,-164,3
-178,-174,0
3,195,5
-170,-179,0
174,-150,3
0,-7,4
-9,7,4
-166,-168,0
-174,-175,0
-4,4,4
-168,-173,0
-177,180,1
173,195,2
184,-151,3
4,2,4
179,-173,3
0,-1,4
177,-189,3
183,189,2
184,184,2
178,-195,3
-1,-6,4
-180,181,1
4,195,5
177,-163,3
-178,180,1
-181,184,1
-180,178,1
2,198,5
-6,-4,4
174,-162,3
-179,179,1
-176,-188,0
172,-164,3
176,-196,3
-168,-177,0
-165,-172,0
1,197,5
4,0,4
180,-173,3
187,184,2
-182,175,1
2,3,4
180,-174,3
186,183,2
0,-5,4
-182,180,1
3,198,5
182,-194,3
178,-180,3
8,193,5
-179,176,1
-196,-175,0
186,-200,3
-184,-189,0
-168,185,1
186,-173,3
-191,-171,0
-185,185,1
0,6,4
-1,4,4
184,182,2
2,196,5
-166,-182,0
0,-2,4
-177,176,1
-187,177,1
-6,195,5
185,-181,3
188,-177,3
-7,-5,4
0,2,4
-190,179,1
4,204,5
-2,-9,4
188,-186,3
4,-4,4
168,-179,3
-173,-181,0
-177,169,1
-11,197,5
-192,-180,0
-3,208,5
-177,185,1
-3,202,5
2,206,5
181,-167,3
179,-175,3
-179,-171,0
-179,179,1
183,180,2
-1,197,5
188,180,2
182,176,2
2,-7,4
182,165,2
-13,-7,4
-182,181,1
182,181,2
2,192,5
-2,1,4
181,-162,3
-184,178,1
-178,-173,0
2,6,4
-181,178,1
178,-180,3
1,2,4
-183,180,1
-7,-2,4
2,204,5
169,-172,3
180,-205,3
1,8,4
-1,-6,4
7,196,5
-199,-178,0
-177,182,1
-8,5,4
188,189,2
-179,-176,0
-170,177,1
-182,178,1
2,2,4
172,179,2
180,-169,3
181,184,2
180,179,2
2,209,5
183,-184,3
182,-191,3
174,177,2
184,-173,3
180,174,2
-186,188,1
11,8,4
-197,-176,0
-183,-177,0
169,-187,3
174,170,2
6,136,5
1,198,5
2,14,4
191,177,2
176,-181,3
6,199,5
187,-172,3
7,2,4
-180,-177,0
-172,-181,0
187,-198,3
-193,-174,0
179,-188,3
167,176,2
183,-171,3
2,201,5
-9,205,5
2,-1,4
177,184,2
-182,190,1
-5,-1,4
-189,179,1
-1,-8,4
-185,181,1
-177,-172,0
-175,183,1
181,177,2
-177,187,1
-184,-188,0
2,1,4
0,4,4
-183,181,1
-188,-177,0
4,191,5
179,-190,3
-180,184,1
3,201,5
-6,1,4
181,189,2
176,193,2
-3,203,5
192,175,2
-183,187,1
-193,181,1
178,172,2
-184,-178,0
176,-178,3
179,164,2
-6,6,4
187,187,2
181,-184,3
177,-187,3
-189,185,1
181,-180,3
-178,176,1
0,193,5
-179,173,1
-3,199,5
-177,-180,0
186,-187,3
184,179,2
-184,186,1
-1,202,5
-184,-174,0
181,180,2
-173,-179,0
182,-149,3
-5,203,5
-176,-187,0
2,-6,4
184,-184,3
-7,-3,4
177,179,2
-169,178,1
4,201,5
-5,2,4
180,167,2
-183,-181,0
-184,185,1
185,-184,3
178,-197,3
183,193,2
187,182,2
1,200,5
0,1,4
4,201,5
176,169,2
178,-185,3
0,203,5
178,195,2
-179,176,1
-167,-174,0
184,178,2
180,181,2
-178,178,1
6,195,5
-186,188,1
-181,-181,0
-183,-172,0
-180,174,1
179,-193,3
0,202,5
184,157,2
181,-187,3
12,201,5
191,-181,3
168,180,2
-188,186,1
181,-176,3
-184,177,1
182,164,2
-188,174,1
176,-185,3
180,-182,3
-184,184,1
0,200,5
-2,4,4
-7,202,5
-174,181,1
177,185,2
184,-171,3
2,199,5
-4,-15,4
-181,178,1
5,0,4
-186,-176,0
183,-192,3
-177,-178,0
-181,172,1
3,8,4
3,204,5
-172,-172,0
183,-171,3
182,-181,3
-173,-182,0
184,-174,3
-176,187,1
179,166,2
-186,181,1
-186,-183,0
-192,178,1
-175,-175,0
183,-183,3
1,-2,4
-4,-5,4
184,-174,3
-5,3,4
5,7,4
-7,199,5
1,8,4
-178,-177,0
-174,-176,0
187,-166,3
176,-181,3
-9,197,5
-171,-179,0
178,184,2
-9,-5,4
-1,-1,4
-16,206,5
184,168,2
-5,204,5
9,198,5
-183,-187,0
0,7,4
181,-166,3
173,183,2
180,160,2
-162,-173,0
-177,-168,0
-184,179,1
7,212,5
-173,-181,0
-181,181,1
4,199,5
-2,202,5
-178,-178,0
1,-3,4
2,4,4
-178,-181,0
-172,-179,0
-180,-181,0
-165,-181,0
-178,-176,0
-176,183,1
-177,177,1
-184,-173,0
-199,-178,0
186,178,2
-174,-182,0
0,196,5
184,-167,3
-1,-1,4
175,191,2
176,-207,3
-1,200,5
178,177,2
-178,180,1
0,-4,4
6,-4,4
182,178,2
-2,200,5
183,178,2
5,210,5
179,174,2
175,184,2
-7,202,5
178,169,2
-167,-175,0
-181,184,1
188,182,2
-186,185,1
-1,202,5
1,200,5
-4,204,5
-1,1,4
-176,176,1
180,-183,3
-189,180,1
-3,4,4
181,-185,3
-168,-194,0
-187,-185,0
-181,183,1
181,-174,3
5,196,5
-178,177,1
185,186,2
-193,-183,0
1,203,5
-188,-186,0
173,-174,3
2,200,5
4,0,4
0,-7,4
1,-5,4
-186,-180,0
3,206,5
-177,-174,0
185,-181,3
-172,-181,0
2,197,5
180,168,2
5,199,5
-6,205,5
-15,-10,4
3,7,4
1,193,5
-179,177,1
-176,182,1
-185,-180,0
-177,-182,0
177,-186,3
-177,-179,0
-190,173,1
-172,188,1
180,187,2
180,175,2
-159,-186,0
2,197,5
-4,197,5
180,184,2
0,200,5
-171,-191,0
-186,-184,0
-10,205,5
179,-183,3
3,11,4
-179,180,1
-175,-184,0
-188,178,1
-4,4,4
177,172,2
6,4,4
-175,-184,0
-180,179,1
-176,175,1
-176,-181,0
174,181,2
-181,-186,0
184,195,2
-5,-1,4
-191,-181,0
-169,-175,0
-6,194,5
171,187,2
-172,177,1
-187,-172,0
179,-176,3
-174,-180,0
-183,-189,0
-189,183,1
-176,-179,0
185,177,2
-201,-180,0
188,181,2
-187,181,1
175,174,2
-193,-173,0
181,-160,3
-196,-178,0
-5,-6,4
-171,179,1
-4,199,5
183,182,2
181,177,2
185,-185,3
-185,-175,0
-183,184,1
5,4,4
0,211,5
179,-175,3
175,-195,3
-8,4,4
-4,211,5
178,181,2
-170,181,1
-1,199,5
-5,-2,4
0,2,4
-9,-5,4
4,196,5
1,-4,4
7,200,5
-4,202,5
182,178,2
-184,-185,0
177,165,2
-181,184,1
-165,-176,0
7,-7,4
-2,2,4
173,184,2
188,193,2
-167,-172,0
174,184,2
178,190,2
-183,-182,0
7,202,5
-188,181,1
10,192,5
-188,-178,0
-3,203,5
-9,4,4
182,161,2
1,192,5
-8,199,5
-176,180,1
181,-169,3
-181,-178,0
-169,186,1
-8,197,5
-178,179,1
0,9,4
184,-186,3
187,178,2
-174,-181,0
-183,178,1
-166,-177,0
173,191,2
181,185,2
-179,-184,0
181,-185,3
190,175,2
-197,-187,0
181,-174,3
175,-167,3
-5,-1,4
-14,-15,4
-180,179,1
-180,-182,0
189,-158,3
1,0,4
-1,207,5
177,-173,3
178,184,2
182,-189,3
-177,181,1
-7,-1,4
-8,200,5
181,181,2
173,-172,3
-4,11,4
-199,-179,0
-170,-178,0
183,-191,3
177,158,2
179,-175,3
-175,177,1
-1,-8,4
179,168,2
184,-193,3
-183,181,1
-180,-174,0
176,-186,3
179,-174,3
-190,183,1
-185,-177,0
-185,-180,0
-190,-182,0
5,2,4
184,184,2
-7,5,4
180,195,2
4,201,5
-177,184,1
171,193,2
-176,181,1
180,-183,3
-171,184,1
-3,205,5
185,-182,3
6,7,4
2,199,5
-1,198,5
187,-166,3
185,176,2
178,-193,3
190,174,2
2,210,5
-184,183,1
-4,1,4
180,182,2
-168,-179,0
6,202,5
3,0,4
-181,178,1
-178,-177,0
-181,172,1
-179,184,1
180,-195,3
-1,5,4
-180,183,1
5,195,5
179,178,2
-1,-1,4
-1,-3,4
-190,176,1
-1,-9,4
-2,-3,4
-167,-186,0
181,-175,3
180,176,2
179,-182,3
-1,0,4
181,-189,3
-157,-171,0
2,1,4
6,-4,4
1,203,5
170,-187,3
181,163,2
1,-6,4
-188,-167,0
6,0,4
0,-7,4
-182,181,1
180,-180,3
177,194,2
-178,178,1
-179,184,1
185,-157,3
-176,179,1
2,199,5
187,192,2
-3,200,5
-2,7,4
177,166,2
-153,-180,0
178,-190,3
-183,186,1
-1,203,5
176,191,2
-5,206,5
5,2,4
167,-181,3
-184,-179,0
-174,181,1
-187,-182,0
-187,178,1
176,-174,3
3,1,4
-172,171,1
178,185,2
2,-3,4
-164,-183,0
182,176,2
-176,186,1
176,-195,3
0,197,5
183,-192,3
-189,-190,0
-182,-174,0
176,169,2
7,-1,4
-164,-179,0
-171,-181,0
-4,200,5
-185,-183,0
-1,-1,4
-1,199,5
7,4,4
0,-9,4
-171,-174,0
-186,182,1
-187,179,1
-4,7,4
-3,202,5
-187,-181,0
-174,-189,0
-2,-2,4
-4,195,5
178,-187,3
-4,192,5
-181,180,1
-179,-178,0
179,-173,3
182,-172,3
183,159,2
177,-179,3
188,-167,3
181,188,2
11,199,5
-172,-181,0
-185,177,1
-169,182,1
181,-197,3
10,4,4
-5,202,5
178,-183,3
170,-190,3
181,-180,3
6,-1,4
-183,-182,0
2,200,5
-189,-180,0
4,195,5
-171,174,1
-174,183,1
-1,-4,4
5,203,5
-181,-182,0
0,-5,4
-5,201,5
-1,7,4
-189,186,1
-183,177,1
-191,178,1
177,184,2
0,-2,4
-176,180,1
2,0,4
4,195,5
184,181,2
-181,-168,0
-1,202,5
-183,-177,0
7,2,4
185,188,2
-199,-179,0
-184,180,1
-6,1,4
173,-192,3
179,-177,3
5,193,5
-163,-174,0
181,172,2
-10,197,5
-4,199,5
-170,-175,0
-200,-179,0
-178,187,1
-4,200,5
-164,-179,0
178,183,2
-192,-180,0
-179,-179,0
10,200,5
-183,173,1
-187,-178,0
-172,175,1
-183,-178,0
184,177,2
-175,175,1
-1,200,5
173,182,2
-181,-181,0
-2,210,5
178,-188,3
-9,198,5
-1,207,5
-184,179,1
183,183,2
-177,-184,0
-180,-182,0
-175,182,1
-3,-2,4
-180,-181,0
-4,209,5
183,-196,3
-187,184,1
0,0,4
177,-187,3
183,161,2
-5,197,5
-173,179,1
0,-10,4
6,5,4
189,-186,3
-2,200,5
-178,183,1
-176,184,1
-185,-174,0
180,-176,3
-175,186,1
-165,-175,0
-187,-178,0
175,200,2
-2,201,5
-5,6,4
-182,182,1
180,-167,3
184,186,2
-181,178,1
2,191,5
4,-1,4
5,197,5
-4,200,5
179,168,2
-5,-4,4
178,-159,3
-174,185,1
176,-195,3
-6,194,5
173,185,2
7,198,5
-2,201,5
-179,-177,0
-7,2,4
177,-189,3
-182,174,1
6,4,4
-199,-175,0
-181,174,1
-189,-175,0
-183,-179,0
0,194,5
-165,-180,0
178,175,2
-180,-182,0
-187,179,1
5,207,5
1,1,4
-183,-172,0
-175,178,1
2,202,5
-177,187,1
-1,201,5
-5,2,4
171,165,2
8,202,5
-185,180,1
0,5,4
2,1,4
-1,196,5
-3,2,4
-188,-181,0
185,-164,3
-179,178,1
179,191,2
-175,-182,0
1,-10,4
-181,182,1
179,182,2
178,-180,3
180,-192,3
-190,185,1
-4,-12,4
177,184,2
-186,178,1
-180,-176,0
-3,212,5
-188,184,1
-178,175,1
-182,183,1
-176,187,1
2,195,5
-182,183,1
-163,-181,0
1,7,4
6,10,4
0,-2,4
-7,-6,4
177,-174,3
-179,-174,0
1,196,5
180,-200,3
178,-199,3
183,-184,3
-178,-180,0
174,-183,3
-172,173,1
177,191,2
177,174,2
-176,180,1
184,-169,3
-2,1,4
184,179,2
-4,-5,4
-173,181,1
-188,183,1
177,-175,3
5,199,5
-3,-5,4
188,-193,3
3,4,4
-176,177,1
183,-185,3
-185,182,1
-170,174,1
-2,208,5
-177,178,1
-163,-176,0
-180,175,1
-166,-183,0
181,-180,3
-188,-175,0
177,-195,3
-11,0,4
-177,-183,0
-184,182,1
176,180,2
2,192,5
-175,176,1
-9,194,5
181,-194,3
-179,184,1
-181,183,1
183,-180,3
-181,-168,0
177,173,2
182,-175,3
182,-177,3
176,-195,3
1,-5,4
185,210,2
178,-191,3
-174,188,1
169,-171,3
-179,-181,0
-179,185,1
-184,178,1
182,-176,3
-188,181,1
-170,174,1
2,198,5
2,-9,4
1,194,5
-5,191,5
-5,197,5
0,205,5
-6,196,5
185,178,2
-183,186,1
2,-3,4
6,4,4
-164,-188,0
0,192,5
-178,179,1
181,184,2
-179,177,1
-200,-172,0
177,-173,3
-182,180,1
-179,-186,0
178,-169,3
5,194,5
180,195,2
174,167,2
182,-191,3
12,6,4
1,-4,4
-185,180,1
0,5,4
185,-189,3
176,-166,3
174,-169,3
-7,-6,4
181,-182,3
-6,0,4
178,-163,3
177,-181,3
171,180,2
-182,183,1
-194,-183,0
-162,-172,0
191,169,2
-5,-8,4
182,185,2
1,10,4
-186,-173,0
-200,-185,0
-172,182,1
2,202,5
-11,9,4
-5,208,5
184,178,2
175,-182,3
183,-172,3
-170,-183,0
-176,-178,0
5,203,5
174,-187,3
-7,190,5
190,-168,3
176,189,2
-178,-172,0
177,191,2
184,-169,3
-4,194,5
-1,-6,4
-7,6,4
187,184,2
-4,2,4
176,180,2
-179,180,1
185,165,2
5,202,5
-1,191,5
180,181,2
-170,193,1
-174,-177,0
2,-12,4
-181,183,1
2,-5,4
192,-177,3
-173,-177,0
-184,179,1
186,-160,3
1,197,5
2,3,4
3,4,4
1,202,5
1,1,4
179,182,2
182,182,2
-8,-4,4
1,213,5
-184,184,1
-186,179,1
178,-171,3
-175,-187,0
5,191,5
-180,-181,0
182,184,2
-182,-183,0
7,207,5
182,-182,3
-174,178,1
-169,-181,0
-166,-172,0
2,198,5
-9,1,4
178,-177,3
1,203,5
-178,181,1
-182,-180,0
180,179,2
188,-173,3
-188,-179,0
-160,-184,0
176,195,2
-187,-183,0
180,-183,3
3,194,5
4,197,5
-1,5,4
181,-178,3
-1,192,5
-168,184,1
2,203,5
-172,-190,0
0,2,4
-178,175,1
183,-174,3
-180,184,1
3,5,4
-2,207,5
-179,178,1
189,-177,3
184,179,2
183,-198,3
189,187,2
-192,-185,0
180,-172,3
175,168,2
2,200,5
6,190,5
4,-3,4
175,178,2
1,200,5
-182,182,1
8,9,4
-175,183,1
-176,-179,0
3,-7,4
177,-194,3
12,10,4
182,180,2
-179,178,1
-190,-179,0
-4,199,5
189,-183,3
-173,-180,0
184,-206,3
7,193,5
-2,5,4
-1,-6,4
-185,178,1
187,187,2
-192,-187,0
-177,180,1
182,175,2
4,195,5
1,198,5
-184,-185,0
-2,205,5
180,184,2
-188,171,1
179,-167,3
-180,174,1
175,-173,3
-1,203,5
-158,-181,0
179,184,2
-180,177,1
180,-191,3
178,-178,3
-175,-181,0
-176,-175,0
181,-180,3
-194,-179,0
-178,172,1
-186,181,1
9,7,4
0,1,4
-187,182,1
8,202,5
184,-176,3
-3,-5,4
-164,-168,0
-178,-182,0
180,184,2
-5,3,4
-8,190,5
-182,-176,0
-1,196,5
183,-179,3
-165,-185,0
-189,183,1
-180,-178,0
182,195,2
182,-187,3
-178,-189,0
6,4,4
178,-195,3
-179,180,1
-1,200,5
-181,173,1
180,168,2
4,3,4
178,-159,3
-180,182,1
-180,-188,0
6,194,5
0,198,5
-172,179,1
-193,-183,0
-180,171,1
-170,181,1
-177,179,1
171,171,2
7,199,5
178,-181,3
175,166,2
-194,-188,0
-7,7,4
-3,9,4
175,-190,3
182,-188,3
-189,174,1
2,4,4
-8,204,5
-181,190,1
-176,184,1
180,-185,3
-197,-180,0
-1,212,5
-174,-174,0
184,-180,3
182,-180,3
3,2,4
6,-8,4
178,199,2
174,-170,3
183,-162,3
2,194,5
168,168,2
-4,194,5
-174,-178,0
-6,197,5
171,164,2
185,171,2
181,-194,3
-171,179,1
187,166,2
173,-160,3
183,-191,3
-178,178,1
-2,-7,4
-176,-179,0
-181,179,1
175,175,2
2,7,4
-175,187,1
0,2,4
-4,-3,4
0,-5,4
181,-198,3
179,-175,3
-1,-5,4
179,-184,3
171,-182,3
-1,193,5
182,-172,3
5,200,5
1,4,4
187,-179,3
0,6,4
-4,-5,4
6,207,5
184,188,2
-197,-179,0
176,-180,3
-1,2,4
177,184,2
2,-5,4
184,168,2
-176,183,1
180,-172,3
177,182,2
183,-195,3
-180,179,1
179,188,2
-5,200,5
186,-189,3
5,200,5
185,-178,3
-179,174,1
185,173,2
6,-1,4
-178,-177,0
-164,-187,0
-183,177,1
-182,-175,0
6,6,4
-183,178,1
-162,-183,0
178,-181,3
183,-163,3
-172,181,1
-180,182,1
5,-5,4
-179,187,1
-190,-182,0
-177,181,1
-6,195,5
-174,178,1
-1,203,5
180,-170,3
183,-175,3
-9,201,5
3,213,5
179,174,2
185,195,2
187,-175,3
9,4,4
188,-178,3
-156,-186,0
-177,180,1
-184,174,1
179,-177,3
-179,183,1
-10,210,5
178,-190,3
186,167,2
183,-174,3
183,173,2
177,-198,3
179,-162,3
3,4,4
183,165,2
-176,-183,0
-183,-177,0
-198,-168,0
-7,202,5
187,168,2
184,-175,3
182,182,2
8,202,5
-170,183,1
194,171,2
-178,183,1
-168,171,1
190,190,2
-168,-180,0
12,203,5
-7,-6,4
11,7,4
-5,191,5
182,171,2
183,182,2
180,-167,3
-202,-176,0
183,181,2
180,175,2
-179,178,1
-173,173,1
176,-178,3
187,167,2
-3,-1,4
180,191,2
-7,2,4
184,-186,3
5,193,5
180,168,2
178,-165,3
2,1,4
175,-174,3
3,202,5
-5,212,5
4,200,5
0,3,4
-183,178,1
-173,-177,0
184,-189,3
182,-184,3
-5,201,5
-6,210,5
188,186,2
-193,-176,0
1,-3,4
176,-175,3
-169,179,1
-171,-222,1
-174,-182,0
176,-161,3
0,5,4
-171,181,1
189,-174,3
-184,175,1
176,-200,3
-182,185,1
178,176,2
-4,200,5
182,163,2
190,194,2
186,171,2
180,-191,3
-176,173,1
5,-6,4
182,-181,3
-191,-175,0
5,7,4
169,183,2
-169,-180,0
180,172,2
-12,201,5
178,174,2
178,174,2
-186,175,1
179,-178,3
-3,201,5
-175,179,1
-6,1,4
3,195,5
-178,178,1
-174,182,1
177,-187,3
176,-179,3
177,187,2
-178,-184,0
-11,1,4
-191,177,1
183,177,2
180,173,2
2,201,5
-197,-180,0
-178,179,1
5,8,4
3,201,5
0,205,5
178,-177,3
-174,184,1
181,169,2
-173,-174,0
-3,-5,4
-178,177,1
-176,-181,0
180,-165,3
181,-193,3
177,198,2
-180,179,1
178,172,2
178,183,2
180,-170,3
-174,-181,0
186,165,2
-169,178,1
-181,178,1
1,0,4
177,-190,3
-189,-176,0
1,197,5
-2,-11,4
-176,-180,0
177,185,2
-190,-190,0
-186,173,1
-1,207,5
-1,-3,4
177,-191,3
180,-168,3
178,186,2
-178,-177,0
7,-3,4
184,-185,3
175,-169,3
-189,-177,0
180,-203,3
7,200,5
173,188,2
172,150,2
-4,201,5
-9,203,5
190,-179,3
182,182,2
3,196,5
-168,-182,0
-180,-179,0
-4,201,5
173,192,2
188,-190,3
182,-174,3
-172,-186,0
-181,179,1
-2,203,5
-190,-178,0
-193,-179,0
3,9,4
186,-186,3
-177,-184,0
182,-177,3
-167,-180,0
-1,205,5
171,175,2
-158,-180,0
177,190,2
-168,174,1
10,-3,4
187,-186,3
-175,-181,0
-181,180,1
-173,-184,0
-3,198,5
-7,-8,4
-6,208,5
180,188,2
-179,176,1
176,-180,3
-184,177,1
177,-187,3
5,9,4
172,-189,3
180,-177,3
177,-170,3
178,174,2
175,-176,3
-183,176,1
-171,186,1
-179,180,1
179,180,2
-178,-182,0
-4,202,5
-183,180,1
-177,182,1
-1,7,4
-3,2,4
2,196,5
186,-175,3
-181,173,1
-181,-173,0
179,185,2
-184,183,1
5,-1,4
-1,203,5
186,181,2
2,-4,4
-5,-10,4
178,166,2
-7,-6,4
178,179,2
-185,-179,0
-4,12,4
3,11,4
2,192,5
-5,192,5
180,190,2
186,174,2
0,5,4
-9,-6,4
0,-5,4
2,-3,4
0,4,4
-184,-178,0
178,177,2
-172,-178,0
-159,-175,0
-189,172,1
-175,181,1
184,178,2
-2,-5,4
173,182,2
177,-184,3
-185,-180,0
-186,180,1
-5,190,5
-199,-181,0
178,175,2
6,1,4
186,172,2
4,203,5
-3,197,5
4,1,4
-3,-2,4
0,200,5
-5,1,4
-184,177,1
-190,-180,0
181,177,2
-2,4,4
7,-3,4
193,177,2
-4,2,4
-3,205,5
182,-179,3
-1,198,5
12,194,5
180,-167,3
-177,189,1
3,2,4
13,-2,4
-174,-177,0
175,176,2
185,183,2
1,203,5
-190,182,1
-6,-7,4
-173,180,1
8,195,5
1,199,5
176,-171,3
182,-175,3
180,-190,3
-2,3,4
-202,-186,0
179,-193,3
-177,-193,0
5,-3,4
7,192,5
2,4,4
5,197,5
184,181,2
184,-177,3
-185,180,1
180,-169,3
182,180,2
-181,179,1
181,-183,3
-182,-186,0
6,-3,4
7,-4,4
-183,181,1
-183,-178,0
181,-161,3
-13,8,4
173,-175,3
-169,-179,0
2,7,4
-181,182,1
-185,183,1
-12,-7,4
174,190,2
3,195,5
-1,6,4
184,171,2
176,177,2
7,-4,4
183,-169,3
8,-5,4
185,186,2
182,168,2
181,197,2
-4,-5,4
-173,-179,0
183,172,2
-203,-190,0
181,172,2
181,190,2
7,203,5
-172,-186,0
-203,-182,0
177,178,2
-182,-183,0
-179,-177,0
2,189,5
-180,-169,0
-6,190,5
189,-181,3
-194,-175,0
-185,180,1
1,-10,4
190,-175,3
8,-2,4
187,163,2
185,-151,3
-179,183,1
183,-181,3
-1,197,5
-4,-2,4
-182,-181,0
3,205,5
-182,181,1
4,194,5
-179,170,1
173,-195,3
175,189,2
5,201,5
178,-162,3
180,175,2
-169,-183,0
-182,-182,0
-181,180,1
1,-15,4
-176,178,1
-2,-5,4
0,194,5
11,197,5
178,-182,3
-177,185,1
1,-2,4
180,-183,3
190,-188,3
-186,-188,0
178,-191,3
2,205,5
176,196,2
-184,182,1
-194,-187,0
8,4,4
-176,183,1
-1,202,5
181,-172,3
-9,201,5
-190,-178,0
-162,-188,0
174,-178,3
181,179,2
-185,-179,0
177,189,2
-184,177,1
3,202,5
-175,-181,0
-178,181,1
3,4,4
-176,172,1
188,159,2
-169,-181,0
4,0,4
10,4,4
175,193,2
-172,178,1
1,203,5
-7,213,5
-172,-179,0
179,-188,3
-185,181,1
-185,-175,0
-179,183,1
-181,173,1
-191,173,1
186,-190,3
1,-7,4
-186,-178,0
5,3,4
177,191,2
176,-150,3
1,6,4
6,8,4
182,-192,3
-7,0,4
1,195,5
15,196,5
169,177,2
-181,179,1
181,169,2
-11,207,5
-184,-172,0
-5,7,4
-177,175,1
-10,-2,4
178,-187,3
177,188,2
-168,-178,0
-173,-170,0
-5,-2,4
-190,-181,0
0,197,5
3,201,5
-174,177,1
176,-180,3
-171,-179,0
179,180,2
-7,3,4
-184,180,1
-177,189,1
6,204,5
185,191,2
-183,-182,0
-175,186,1
2,205,5
6,-8,4
184,163,2
-12,-5,4
2,-2,4
-174,-178,0
176,190,2
4,204,5
-2,198,5
2,-7,4
183,165,2
180,-182,3
-188,-181,0
-170,180,1
7,204,5
180,-196,3
1,0,4
1,3,4
-5,2,4
-173,-177,0
184,187,2
187,-180,3
184,-174,3
177,-187,3
180,169,2
-177,-182,0
-200,-191,0
0,201,5
-182,180,1
4,193,5
2,206,5
-2,-1,4
179,180,2
4,189,5
174,-180,3
9,-5,4
-2,198,5
-2,198,5
176,196,2
-180,178,1
-177,-178,0
4,203,5
186,-182,3
180,189,2
-180,179,1
-8,201,5
-176,-180,0
-191,-190,0
-5,9,4
181,-199,3
5,198,5
-160,-191,0
-5,202,5
-188,178,1
-2,-2,4
-181,173,1
-3,194,5
177,179,2
2,205,5
-198,-179,0
12,5,4
-3,4,4
-172,-182,0
178,-181,3
1,193,5
-3,197,5
-186,183,1
180,-196,3
-177,182,1
181,-159,3
-188,-173,0
-203,-180,0
181,-187,3
176,175,2
-180,185,1
-185,-183,0
-181,178,1
176,177,2
-200,-179,0
10,4,4
181,-177,3
-11,198,5
181,165,2
184,196,2
1,200,5
-1,3,4
183,-175,3
-190,180,1
-185,-173,0
185,179,2
184,169,2
-3,-2,4
186,-148,3
-174,182,1
-182,178,1
182,180,2
2,1,4
-186,178,1
191,168,2
-175,174,1
-13,0,4
1,-6,4
-180,179,1
1,6,4
180,179,2
180,174,2
5,-6,4
180,-170,3
-192,-172,0
-190,178,1
6,201,5
2,195,5
-173,173,1
2,6,4
2,195,5
0,194,5
175,-171,3
176,-164,3
-184,174,1
2,198,5
1,197,5
-192,-173,0
0,3,4
2,0,4
2,-5,4
-168,-172,0
-182,180,1
177,177,2
174,-168,3
14,197,5
174,-182,3
-3,-7,4
-173,-177,0
-180,182,1
-2,194,5
-177,-176,0
-10,198,5
190,163,2
-180,177,1
174,184,2
-184,177,1
-179,185,1
184,167,2
5,202,5
0,200,5
-179,178,1
-192,-183,0
5,-9,4
-183,-181,0
-2,2,4
185,-196,3
-179,179,1
-159,-182,0
1,202,5
183,-173,3
-161,-178,0
179,178,2
-186,-181,0
-4,196,5
2,1,4
182,187,2
-2,2,4
178,174,2
5,6,4
-2,199,5
180,173,2
-180,-187,0
181,196,2
1,-1,4
-182,184,1
-5,2,4
180,186,2
0,-3,4
11,200,5
-4,201,5
-187,185,1
176,184,2
-2,201,5
-175,-186,0
5,199,5
-182,171,1
184,-173,3
179,188,2
-178,176,1
174,-173,3
178,170,2
-186,177,1
-175,179,1
2,-2,4
-181,-181,0
-187,-173,0
4,3,4
185,-162,3
192,164,2
180,170,2
3,193,5
-176,-175,0
5,-3,4
174,-195,3
-179,179,1
178,-193,3
178,-182,3
2,6,4
0,-4,4
-187,-180,0
176,-189,3
174,159,2
-180,-182,0
-181,-186,0
174,180,2
1,8,4
3,2,4
-183,-182,0
189,168,2
186,-183,3
188,194,2
183,182,2
-6,1,4
186,-161,3
-2,0,4
2,-1,4
180,-163,3
-1,199,5
-181,-190,0
171,-187,3
172,-164,3
-166,-181,0
4,0,4
184,-179,3
-180,-183,0
-187,185,1
-6,201,5
-171,181,1
178,179,2
178,-166,3
7,194,5
4,206,5
-187,-172,0
-192,-182,0
173,-177,3
-6,1,4
-1,195,5
181,182,2
8,5,4
-169,-173,0
182,173,2
-173,-173,0
0,197,5
-170,-181,0
-181,-180,0
180,181,2
178,186,2
176,-182,3
170,174,2
-185,-184,0
-10,198,5
172,181,2
-173,185,1
-171,-179,0
-2,198,5
-165,-176,0
179,205,2
182,176,2
-179,-178,0
186,164,2
4,6,4
-4,205,5
178,168,2
177,168,2
-183,-176,0
-178,182,1
183,-178,3
180,-191,3
-7,207,5
172,-167,3
6,-2,4
-190,172,1
-2,197,5
3,198,5
178,-182,3
-2,4,4
1,-1,4
182,-169,3
-198,-180,0
183,-174,3
0,199,5
181,-169,3
3,195,5
186,-175,3
-184,179,1
-7,3,4
183,188,2
-185,184,1
8,0,4
-194,-183,0
182,186,2
177,-162,3
-6,-9,4
-179,182,1
-183,181,1
-1,1,4
-178,177,1
-11,-2,4
-184,184,1
180,-179,3
180,-183,3
-1,2,4
-184,-179,0
-202,-173,0
184,179,2
-167,-178,0
-180,175,1
177,-171,3
184,-167,3
-9,201,5
176,162,2
-190,-188,0
179,-176,3
179,177,2
177,200,2
1,198,5
-185,183,1
176,-193,3
4,-1,4
166,171,2
-1,-2,4
-7,-9,4
-178,179,1
2,196,5
176,-192,3
183,-167,3
190,-190,3
174,-180,3
179,181,2
2,207,5
-183,180,1
186,189,2
0,196,5
3,212,5
6,6,4
3,196,5
177,176,2
171,-168,3
-185,173,1
-186,176,1
179,-186,3
188,-171,3
176,176,2
-1,201,5
-184,-179,0
8,6,4
-177,178,1
-187,-176,0
182,-169,3
2,204,5
185,184,2
-171,-183,0
-1,197,5
2,-2,4
-171,177,1
2,4,4
175,188,2
178,182,2
-173,179,1
180,167,2
180,-165,3
-5,195,5
-179,-184,0
-180,-180,0
181,-184,3
1,-2,4
6,-5,4
-188,-180,0
-176,186,1
180,182,2
2,194,5
-190,-175,0
170,-177,3
2,-9,4
-185,187,1
174,-173,3
-179,185,1
-7,205,5
-174,-184,0
176,179,2
-5,1,4
-175,187,1
10,192,5
173,-182,3
8,-5,4
-179,-184,0
6,203,5
181,-184,3
180,-188,3
-4,5,4
-175,189,1
8,-3,4
-159,-176,0
-167,-173,0
-178,184,1
181,-191,3
-174,-172,0
-165,-183,0
12,196,5
-2,3,4
176,173,2
-177,-187,0
182,-165,3
185,193,2
-196,-184,0
-170,184,1
-181,179,1
173,196,2
11,194,5
-9,-7,4
179,184,2
-176,175,1
-184,169,1
-183,183,1
185,182,2
176,-168,3
176,182,2
170,170,2
7,196,5
-155,-176,0
-7,-5,4
-173,176,1
-184,-178,0
1,197,5
174,195,2
2,193,5
-180,-181,0
-180,-183,0
181,-175,3
180,175,2
1,-4,4
183,178,2
1,190,5
175,169,2
1,201,5
-11,200,5
1,-1,4
-183,-176,0
-5,6,4
179,172,2
179,-177,3
11,201,5
1,192,5
181,-165,3
-1,197,5
182,-183,3
3,193,5
0,-7,4
-177,-177,0
1,7,4
188,189,2
-2,-1,4
-177,178,1
-181,181,1
-6,3,4
-189,-185,0
188,182,2
178,-189,3
186,168,2
182,184,2
-183,179,1
-183,183,1
-173,-184,0
0,4,4
7,200,5
184,-190,3
178,184,2
181,-186,3
-182,182,1
5,5,4
0,189,5
-189,-181,0
-9,209,5
-183,179,1
-179,175,1
1,193,5
7,1,4
-1,203,5
0,205,5
-171,-178,0
-184,174,1
2,198,5
183,-192,3
1,-1,4
174,177,2
187,-173,3
-8,1,4
-3,197,5
179,-166,3
-173,171,1
3,195,5
175,-199,3
3,-3,4
-9,0,4
182,-185,3
-165,-185,0
0,200,5
8,-6,4
170,183,2
181,-193,3
-2,207,5
-169,-174,0
185,198,2
6,5,4
178,-172,3
182,181,2
-178,184,1
-188,185,1
175,195,2
-181,179,1
179,-188,3
-180,179,1
9,2,4
4,-4,4
185,173,2
4,-9,4
185,159,2
187,165,2
0,-1,4
185,187,2
-174,177,1
-5,198,5
0,192,5
-175,185,1
179,-198,3
-171,176,1
1,203,5
183,183,2
6,210,5
-180,186,1
-3,-9,4
185,-172,3
4,188,5
179,-190,3
4,1,4
-188,-179,0
-175,-186,0
180,193,2
-179,-184,0
1,195,5
181,-200,3
-3,-4,4
189,-198,3
181,-185,3
-184,-177,0
176,-178,3
7,2,4
180,188,2
179,-180,3
178,-168,3
185,-180,3
1,-3,4
-3,208,5
174,189,2
-165,-179,0
180,196,2
-1,5,4
178,-168,3
-1,194,5
184,-198,3
-3,-2,4
6,191,5
-177,-182,0
-3,0,4
3,-7,4
177,-188,3
182,-180,3
177,-181,3
173,179,2
4,2,4
-198,-174,0
182,-192,3
-184,176,1
180,187,2
-3,194,5
-5,2,4
-182,181,1
-5,203,5
-161,-177,0
-186,176,1
181,-186,3
-180,172,1
-180,185,1
196,182,2
178,-200,3
-178,-190,0
-176,184,1
-188,181,1
-177,181,1
4,200,5
-1,5,4
-180,-173,0
-181,-175,0
-176,175,1
-200,-184,0
-179,177,1
-202,-183,0
3,196,5
179,-169,3
-183,-173,0
4,-1,4
-201,-176,0
176,172,2
-185,187,1
-5,197,5
4,197,5
186,-204,3
-182,-181,0
4,197,5
186,-191,3
179,-184,3
-168,-179,0
-181,174,1
174,-155,3
-4,-2,4
173,181,2
178,187,2
-2,199,5
180,-197,3
182,-196,3
183,-190,3
190,-157,3
184,174,2
-180,180,1
-9,-10,4
-187,181,1
175,-175,3
180,193,2
-183,175,1
175,-171,3
1,204,5
-172,-183,0
-184,-176,0
187,195,2
-4,5,4
167,163,2
1,208,5
183,189,2
1,-2,4
-7,205,5
-176,-181,0
0,8,4
177,195,2
-185,181,1
176,-178,3
179,-169,3
5,204,5
5,200,5
7,8,4
0,210,5
-184,177,1
178,171,2
185,-175,3
-4,-3,4
-186,-183,0
186,176,2
-182,170,1
8,197,5
-182,183,1
-177,-184,0
-176,187,1
-3,207,5
-179,185,1
183,173,2
-187,-178,0
176,174,2
185,183,2
179,-160,3
2,192,5
166,173,2
0,203,5
-1,10,4
5,195,5
191,180,2
-179,-181,0
-12,0,4
-179,-177,0
-1,7,4
184,173,2
-172,180,1
185,-186,3
-4,202,5
-180,-173,0
177,186,2
-178,179,1
-2,-7,4
176,186,2
-9,3,4
-178,180,1
-191,187,1
174,184,2
179,-173,3
1,0,4
-5,-1,4
1,203,5
5,-2,4
180,183,2
1,7,4
185,-181,3
-185,-170,0
4,2,4
182,173,2
178,-176,3
-166,175,1
-2,201,5
-182,-181,0
3,207,5
-183,186,1
-190,-185,0
178,182,2
-186,-187,0
1,204,5
3,-3,4
1,4,4
175,176,2
-179,172,1
3,0,4
8,203,5
4,-6,4
7,4,4
1,0,4
-181,-187,0
-190,-190,0
-169,-179,0
176,177,2
7,1,4
-3,-7,4
176,157,2
178,-187,3
177,179,2
175,183,2
177,183,2
-2,5,4
-183,-184,0
182,189,2
-183,-177,0
-185,-177,0
11,-5,4
-195,-181,0
185,183,2
-5,5,4
1,190,5
2,-4,4
-1,1,4
0,6,4
-177,176,1
-157,-173,0
-183,182,1
9,199,5
-184,182,1
-3,205,5
-181,185,1
-2,204,5
178,168,2
181,-178,3
-193,-172,0
187,-172,3
-200,-179,0
6,-2,4
179,186,2
-184,-177,0
3,-2,4
2,-10,4
-2,198,5
0,-7,4
171,174,2
4,197,5
-174,174,1
0,-2,4
-183,174,1
5,199,5
-3,-8,4
184,168,2
0,-1,4
0,2,4
181,-189,3
-185,-180,0
182,193,2
189,-182,3
178,-183,3
0,205,5
-167,-177,0
-181,190,1
-182,177,1
179,170,2
177,-156,3
182,-173,3
1,198,5
-171,183,1
170,-182,3
5,-5,4
173,-191,3
-177,178,1
-173,-173,0
-186,175,1
-6,6,4
5,201,5
-185,-180,0
-175,179,1
178,180,2
180,181,2
-1,208,5
-2,195,5
173,-175,3
4,192,5
-187,180,1
188,-187,3
-2,195,5
177,-177,3
-158,-179,0
4,195,5
175,-187,3
-8,212,5
181,189,2
-191,-180,0
-175,182,1
-5,208,5
182,191,2
0,-5,4
3,-8,4
189,185,2
-179,186,1
-169,-184,0
175,157,2
-6,202,5
180,187,2
-168,-188,0
180,189,2
-180,-176,0
-186,180,1
0,-1,4
-168,-187,0
182,174,2
180,-173,3
178,-187,3
176,-173,3
175,-179,3
-6,2,4
-3,188,5
-179,-179,0
182,-201,3
-182,-187,0
-181,174,1
-6,4,4
-178,-170,0
185,-166,3
-10,200,5
-191,-182,0
172,171,2
-190,-182,0
-2,-2,4
-186,180,1
182,178,2
-184,-184,0
-186,181,1
-7,199,5
191,182,2
-4,-1,4
180,-192,3
177,181,2
-185,178,1
-3,206,5
182,-171,3
187,-194,3
185,-181,3
-182,-182,0
179,-188,3
-202,-174,0
-181,180,1
187,168,2
183,-177,3
5,4,4
186,-199,3
-181,187,1
-195,-177,0
174,180,2
0,206,5
-188,-191,0
-2,7,4
180,162,2
-180,-187,0
-175,184,1
8,208,5
3,-3,4
178,-177,3
-6,200,5
-4,203,5
175,176,2
182,195,2
-181,-193,0
1,201,5
-187,-176,0
184,-177,3
180,-156,3
179,-159,3
-2,3,4
-174,172,1
185,-173,3
-181,176,1
185,188,2
-180,178,1
185,-188,3
173,-180,3
184,-172,3
-11,200,5
179,191,2
-181,177,1
184,-176,3
180,173,2
-179,173,1
-199,-173,0
-1,0,4
176,-194,3
2,191,5
-11,3,4
186,-183,3
-185,-179,0
-178,178,1
0,201,5
172,172,2
187,-187,3
-180,176,1
-175,-174,0
-151,-176,0
-189,175,1
179,-169,3
-175,-180,0
175,-182,3
-171,174,1
-183,183,1
-6,-10,4
-2,200,5
3,-3,4
2,2,4
2,-4,4
-173,176,1
-180,-181,0
-1,2,4
181,-182,3
175,-181,3
186,177,2
0,207,5
-175,-174,0
1,0,4
3,6,4
-7,195,5
-176,177,1
-175,-177,0
5,193,5
-8,196,5
-4,0,4
172,184,2
-177,179,1
5,208,5
-190,-178,0
-185,183,1
-5,0,4
-165,-173,0
180,-177,3
1,198,5
-183,-185,0
-171,-172,0
-181,183,1
-181,180,1
-174,180,1
2,198,5
-175,174,1
177,168,2
-177,175,1
180,-189,3
177,179,2
-179,182,1
-7,203,5
189,186,2
176,-172,3
182,177,2
-180,-182,0
174,183,2
2,205,5
-181,179,1
3,3,4
0,-5,4
-184,-187,0
2,-10,4
-173,-173,0
-4,0,4
4,1,4
178,-161,3
-2,202,5
-6,3,4
-180,177,1
190,190,2
2,0,4
7,197,5
-184,-180,0
182,175,2
2,-2,4
186,183,2
-173,176,1
4,196,5
-1,-4,4
3,195,5
181,-165,3
186,189,2
2,-3,4
-186,-166,0
191,-187,3
-2,202,5
5,-5,4
180,184,2
-173,-180,0
-183,182,1
1,199,5
-8,202,5
174,-179,3
190,-168,3
175,190,2
-192,-178,0
-163,-181,0
-176,-176,0
0,-3,4
0,5,4
-3,3,4
-183,182,1
-156,-185,0
179,-182,3
-177,173,1
182,-189,3
0,1,4
175,180,2
-6,-1,4
184,-184,3
-177,186,1
4,-6,4
-170,183,1
-2,0,4
-1,204,5
174,-187,3
185,182,2
-4,-8,4
-2,-2,4
-181,181,1
185,189,2
-3,-4,4
181,-194,3
7,198,5
166,195,2
179,-178,3
185,-182,3
-2,0,4
178,-177,3
190,162,2
0,203,5
-181,179,1
-3,187,5
-187,178,1
180,-156,3
-2,1,4
-6,4,4
10,-5,4
184,-184,3
181,187,2
-185,183,1
0,2,4
-180,184,1
-3,-4,4
-187,176,1
-177,179,1
-175,-181,0
182,187,2
175,183,2
177,166,2
185,-165,3
-170,178,1
-7,-3,4
-178,176,1
0,0,4
181,-169,3
181,-181,3
-178,184,1
5,-6,4
-6,6,4
-8,206,5
168,175,2
191,164,2
5,193,5
-2,4,4
7,200,5
168,163,2
-185,-180,0
-181,175,1
-1,195,5
-182,177,1
-8,190,5
182,-186,3
-185,180,1
-173,-178,0
176,-174,3
-184,-188,0
6,203,5
-171,-178,0
174,189,2
5,202,5
0,1,4
177,171,2
-181,178,1
-2,203,5
185,-175,3
-1,-6,4
180,192,2
10,-3,4
188,186,2
179,182,2
-174,-190,0
183,192,2
174,175,2
1,15,4
5,205,5
180,157,2
7,8,4
181,182,2
1,198,5
-189,172,1
4,1,4
-174,179,1
-184,182,1
1,5,4
174,172,2
173,177,2
-190,-186,0
-173,-178,0
187,-178,3
179,176,2
180,180,2
175,169,2
1,-8,4
2,-8,4
186,179,2
178,170,2
-162,-183,0
-174,-180,0
-5,202,5
-182,184,1
-5,-5,4
-2,1,4
-181,179,1
-170,-190,0
182,-172,3
186,-177,3
-182,177,1
-172,-176,0
11,191,5
-2,193,5
170,-205,3
-4,200,5
183,184,2
2,199,5
-7,200,5
182,-189,3
176,167,2
183,181,2
8,196,5
0,5,4
2,0,4
-182,176,1
-174,186,1
177,-190,3
-184,182,1
187,182,2
173,-180,3
176,172,2
6,6,4
178,-182,3
4,7,4
0,197,5
-185,179,1
6,204,5
9,9,4
4,199,5
184,168,2
180,-170,3
-4,203,5
8,198,5
1,201,5
8,195,5
-176,183,1
-162,177,1
-184,-182,0
-189,171,1
183,-179,3
182,179,2
1,-4,4
177,184,2
-2,-9,4
-179,176,1
3,193,5
-191,182,1
185,170,2
186,170,2
5,201,5
180,-177,3
-183,-180,0
175,-172,3
-175,176,1
-192,-173,0
-184,173,1
-5,198,5
180,182,2
-3,205,5
174,168,2
186,186,2
179,-194,3
-175,177,1
181,-185,3
182,-199,3
-3,196,5
0,-3,4
6,203,5
-179,171,1
-183,178,1
3,-8,4
-189,-186,0
-175,-182,0
187,179,2
-172,177,1
3,7,4
177,-188,3
181,184,2
185,190,2
-174,-182,0
-181,-172,0
183,-180,3
0,3,4
183,-175,3
-10,213,5
0,200,5
7,206,5
5,-7,4
180,-196,3
-2,204,5
179,173,2
7,-3,4
-181,-175,0
7,0,4
-179,188,1
-1,0,4
-170,-191,0
-199,-178,0
3,206,5
-179,179,1
-178,-179,0
-4,206,5
172,178,2
5,-3,4
2,200,5
-4,210,5
-183,179,1
1,204,5
-187,-167,0
-11,4,4
-170,182,1
-180,174,1
6,7,4
-185,-191,0
-7,205,5
-184,-192,0
1,2,4
2,-5,4
-176,-183,0
-2,6,4
174,-187,3
179,182,2
181,-170,3
-182,187,1
186,-192,3
-183,180,1
-2,203,5
-159,-172,0
174,-167,3
175,171,2
185,-192,3
7,203,5
-178,179,1
178,-185,3
-193,-192,0
186,-171,3
8,203,5
5,199,5
-3,-1,4
-167,-185,0
171,175,2
-176,-179,0
-177,-181,0
-183,-183,0
5,5,4
0,4,4
-176,-178,0
0,194,5
176,-186,3
179,-177,3
-180,180,1
180,179,2
180,-188,3
185,173,2
176,-181,3
-4,4,4
-173,182,1
-181,182,1
181,191,2
-181,-177,0
-166,-173,0
-1,201,5
-169,-186,0
-4,11,4
-186,179,1
-1,-1,4
179,194,2
8,204,5
173,-179,3
183,-179,3
179,-167,3
-176,175,1
-173,181,1
179,-184,3
-176,178,1
4,-3,4
183,187,2
-183,-182,0
-1,2,4
184,-176,3
-186,186,1
181,-166,3
-181,182,1
-167,-177,0
-177,-172,0
10,194,5
173,189,2
-3,205,5
4,204,5
-168,-174,0
-188,186,1
-4,-3,4
6,198,5
178,-182,3
-184,171,1
6,-2,4
-189,179,1
1,203,5
6,-5,4
175,-175,3
-1,212,5
-185,-172,0
-171,-181,0
-187,179,1
183,167,2
-178,180,1
-178,183,1
178,174,2
2,-2,4
-14,192,5
-190,-178,0
-186,177,1
177,174,2
180,-191,3
-200,-183,0
185,178,2
2,202,5
183,-180,3
-1,205,5
181,-167,3
-196,-172,0
-171,-175,0
-5,-7,4
189,-161,3
4,204,5
1,191,5
175,-177,3
-184,179,1
3,201,5
4,193,5
-177,181,1
180,-177,3
172,-164,3
182,181,2
11,-7,4
2,-8,4
180,187,2
0,199,5
180,-172,3
192,-183,3
178,181,2
176,-189,3
-180,-183,0
180,169,2
-188,-180,0
-2,204,5
182,-161,3
191,183,2
182,-186,3
179,179,2
-1,197,5
175,-180,3
-4,-2,4
186,-179,3
0,199,5
-191,-175,0
187,160,2
-191,175,1
5,3,4
183,-174,3
0,198,5
5,-2,4
176,171,2
186,177,2
186,-171,3
187,171,2
185,180,2
1,8,4
175,-180,3
0,204,5
2,204,5
6,2,4
181,201,2
6,-1,4
-178,181,1
-173,177,1
178,181,2
7,7,4
-179,-182,0
0,-2,4
-178,-179,0
-169,179,1
-180,177,1
14,-3,4
186,-181,3
5,2,4
178,191,2
-175,185,1
178,-179,3
179,-188,3
181,-166,3
7,3,4
-169,-185,0
180,-180,3
-166,-187,0
-1,-4,4
180,-178,3
-2,1,4
186,189,2
179,-173,3
0,202,5
176,189,2
179,163,2
-172,177,1
-182,181,1
179,184,2
-8,192,5
172,190,2
186,187,2
1,5,4
-2,-8,4
-171,-187,0
7,206,5
-178,180,1
184,181,2
6,201,5
-175,-177,0
-182,-177,0
-176,-183,0
-183,185,1
185,178,2
-176,-183,0
-188,-187,0
181,176,2
5,208,5
177,169,2
182,182,2
-180,178,1
2,-7,4
5,-2,4
185,173,2
181,181,2
-182,175,1
180,-163,3
-181,-178,0
178,182,2
-3,4,4
-3,-1,4
-13,206,5
-192,-189,0
182,177,2
178,-199,3
188,187,2
-175,177,1
-1,-11,4
-178,183,1
-4,196,5
6,208,5
177,-166,3
-198,-188,0
177,193,2
-175,182,1
-180,177,1
-187,-180,0
172,-185,3
-183,178,1
-181,-185,0
179,188,2
-3,204,5
-175,179,1
-1,1,4
178,181,2
185,159,2
178,-181,3
-180,-181,0
178,-180,3
-3,210,5
2,201,5
185,-161,3
5,190,5
-5,2,4
-2,7,4
-195,-181,0
178,-174,3
181,-196,3
187,174,2
0,205,5
190,181,2
-174,174,1
-183,-177,0
2,-7,4
-183,181,1
-2,3,4
179,-197,3
-184,-177,0
182,-193,3
179,-164,3
175,179,2
-177,186,1
-162,-170,0
183,185,2
-178,-180,0
-170,-175,0
0,195,5
-204,-176,0
178,-174,3
0,200,5
-183,185,1
-180,-185,0
-1,203,5
178,174,2
189,174,2
-173,-186,0
-172,-180,0
185,187,2
0,197,5
-4,204,5
4,11,4
-181,182,1
186,175,2
-2,-3,4
181,-176,3
2,201,5
176,-165,3
-178,172,1
-2,4,4
175,-180,3
6,195,5
183,177,2
-182,178,1
181,-181,3
0,3,4
-171,-181,0
184,-176,3
174,163,2
187,-180,3
-7,6,4
-189,-191,0
-176,-175,0
186,170,2
175,194,2
-193,-181,0
-173,175,1
5,3,4
182,170,2
-176,-180,0
-185,180,1
-180,182,1
184,-178,3
186,166,2
-177,178,1
181,-183,3
-6,203,5
-182,177,1
190,-173,3
-7,206,5
-190,186,1
185,-179,3
-1,3,4
184,-174,3
175,-169,3
180,-183,3
181,-163,3
-186,-179,0
-161,-180,0
-168,-179,0
-180,183,1
5,1,4
4,195,5
7,199,5
0,201,5
5,196,5
-5,203,5
-183,-178,0
-194,180,1
-6,203,5
0,0,4
-2,206,5
-6,-6,4
-2,195,5
-4,4,4
-165,-182,0
181,175,2
186,173,2
4,202,5
-3,193,5
-176,181,1
-187,-190,0
187,-185,3
-196,-184,0
181,-190,3
175,-180,3
180,-176,3
3,212,5
174,182,2
182,-195,3
0,204,5
-179,177,1
-178,184,1
11,194,5
-4,3,4
175,-176,3
166,192,2
176,-185,3
2,207,5
177,-177,3
-192,181,1
6,202,5
-183,173,1
171,-175,3
-180,175,1
179,179,2
174,185,2
175,188,2
182,168,2
-11,1,4
5,201,5
-181,178,1
-185,-184,0
185,-177,3
186,188,2
-179,-181,0
-180,183,1
8,198,5
-3,199,5
-179,175,1
-3,205,5
184,-184,3
-172,-184,0
0,194,5
-9,202,5
3,-1,4
2,3,4
-177,-169,0
2,-3,4
2,201,5
183,171,2
-187,-183,0
2,200,5
-185,-181,0
176,-159,3
184,159,2
-179,179,1
-184,188,1
-4,208,5
177,-188,3
-189,187,1
3,-13,4
182,-181,3
5,203,5
-170,-181,0
-184,184,1
183,-184,3
179,174,2
175,-183,3
180,186,2
-6,201,5
5,206,5
-180,-176,0
-6,204,5
-182,182,1
-184,175,1
-6,-8,4
-182,-182,0
4,192,5
5,193,5
-174,178,1
-10,5,4
188,187,2
0,197,5
2,6,4
173,-186,3
-189,174,1
-178,183,1
-159,-171,0
3,208,5
3,7,4
190,181,2
175,-175,3
181,-192,3
-180,-167,0
-157,-187,0
2,206,5
185,177,2
-186,176,1
-171,174,1
-182,175,1
186,-173,3
177,179,2
-189,176,1
-7,-4,4
182,-182,3
-1,1,4
-3,192,5
180,183,2
-185,-180,0
-16,3,4
0,0,4
177,-180,3
178,179,2
3,199,5
-178,-184,0
-3,1,4
-184,-173,0
-181,176,1
182,197,2
-184,185,1
-185,-180,0
5,5,4
183,-170,3
182,-194,3
0,4,4
187,170,2
-177,173,1
-4,-10,4
191,167,2
-176,-177,0
-180,177,1
175,-190,3
-179,-185,0
182,-179,3
-185,183,1
181,172,2
3,193,5
-201,-170,0
-186,189,1
3,2,4
-177,178,1
187,178,2
3,197,5
11,12,4
183,188,2
174,-201,3
-1,-8,4
-179,178,1
0,202,5
186,183,2
4,204,5
-179,181,1
182,173,2
183,-183,3
-1,191,5
3,199,5
-7,8,4
-178,-184,0
-3,205,5
0,198,5
179,-191,3
2,199,5
179,187,2
178,180,2
13,-1,4
-180,189,1
-174,-176,0
-200,-177,0
-5,196,5
-186,-180,0
-185,-180,0
181,172,2
-175,-185,0
173,181,2
2,198,5
-179,185,1
-178,-192,0
12,-3,4
185,-176,3
-193,177,1
-10,-1,4
-187,-179,0
3,8,4
180,173,2
-3,11,4
8,-1,4
186,158,2
180,-178,3
9,1,4
173,-188,3
-178,183,1
178,-179,3
-174,185,1
-180,184,1
4,11,4
-183,176,1
-185,-172,0
-3,-7,4
-5,200,5
1,8,4
183,-181,3
-171,175,1
177,-179,3
-165,-179,0
-183,179,1
-189,-179,0
-173,-183,0
-176,-185,0
182,172,2
187,172,2
5,200,5
183,-183,3
-180,-185,0
-175,-180,0
0,207,5
178,-182,3
0,202,5
183,180,2
2,195,5
-176,184,1
-172,-177,0
-4,198,5
-6,-3,4
-4,2,4
-176,-181,0
-196,-179,0
-188,183,1
-189,-186,0
182,192,2
175,175,2
181,-202,3
183,182,2
-6,7,4
-6,187,5
-180,187,1
-173,176,1
175,-181,3
4,10,4
-163,-167,0
6,3,4
-180,173,1
6,1,4
176,-188,3
5,0,4
-4,-4,4
-5,189,5
4,200,5
181,185,2
187,170,2
180,181,2
-191,-181,0
-191,-178,0
-198,-192,0
165,188,2
-187,-176,0
0,203,5
1,-3,4
188,191,2
-4,203,5
-174,180,1
178,-168,3
6,199,5
177,-180,3
172,188,2
-5,201,5
-174,181,1
-176,-169,0
-3,195,5
176,-180,3
-174,-173,0
8,3,4
-183,-177,0
177,-177,3
6,-14,4
-197,-183,0
1,5,4
1,0,4
1,203,5
185,217,2
-6,-3,4
176,-191,3
180,-184,3
-193,-185,0
-1,198,5
-172,182,1
-188,184,1
190,181,2
-185,181,1
2,208,5
168,-172,3
2,198,5
3,-1,4
-182,181,1
0,-9,4
-188,-181,0
-193,-182,0
178,-166,3
4,199,5
-178,182,1
-178,-181,0
-4,207,5
-178,-172,0
179,176,2
181,191,2
184,-169,3
5,205,5
-179,179,1
-181,177,1
-176,-177,0
-6,206,5
-187,-178,0
-176,180,1
-173,-172,0
-178,177,1
-2,3,4
-182,174,1
-183,-181,0
-175,184,1
-187,174,1
2,0,4
-6,200,5
182,-197,3
-3,-2,4
177,-186,3
-179,181,1
5,2,4
-1,198,5
-177,180,1
5,7,4
179,180,2
181,174,2
178,-189,3
-184,177,1
180,-177,3
186,-186,3
-3,1,4
-12,-1,4
4,205,5
168,180,2
184,-184,3
-178,178,1
186,-159,3
11,198,5
-192,-180,0
7,207,5
10,-5,4
185,-191,3
186,173,2
-9,200,5
5,203,5
11,5,4
179,-186,3
-164,-182,0
-177,181,1
6,-8,4
-11,198,5
-184,182,1
-173,180,1
173,184,2
6,-2,4
188,-181,3
179,184,2
183,167,2
-185,183,1
173,177,2
179,-188,3
181,-186,3
-179,-175,0
5,-1,4
-189,-178,0
5,197,5
3,197,5
2,206,5
2,195,5
-184,-182,0
-3,0,4
-5,205,5
178,-184,3
-183,-178,0
-195,-181,0
171,-186,3
-183,-179,0
185,185,2
-170,-182,0
178,170,2
-6,1,4
8,201,5
-184,-181,0
-193,-187,0
-188,180,1
-4,194,5
-178,181,1
179,182,2
-178,-183,0
179,-190,3
5,13,4
-190,174,1
0,-2,4
-186,184,1
1,4,4
1,6,4
179,165,2
181,-172,3
176,180,2
183,175,2
-4,1,4
-1,2,4
-168,-168,0
-181,180,1
178,-164,3
174,-200,3
174,179,2
-170,-182,0
-173,-181,0
183,186,2
-186,184,1
-182,-182,0
-2,-3,4
-178,183,1
181,-191,3
-11,10,4
-152,-179,0
-195,-177,0
-182,175,1
-181,179,1
-184,-174,0
-6,196,5
-181,-174,0
173,185,2
-180,178,1
183,-191,3
-176,184,1
-179,186,1
-3,209,5
-180,-189,0
1,1,4
184,-176,3
183,170,2
3,1,4
186,173,2
181,-195,3
-179,-179,0
-181,183,1
177,-178,3
7,197,5
6,-3,4
8,1,4
-10,7,4
-197,-186,0
174,173,2
8,0,4
-181,176,1
178,-177,3
-1,-3,4
176,-140,3
-1,196,5
2,196,5
0,4,4
-185,185,1
-188,-187,0
-176,187,1
-6,205,5
-7,-1,4
171,187,2
-193,-187,0
187,-180,3
184,-172,3
4,203,5
188,181,2
-182,178,1
173,164,2
177,-181,3
175,-173,3
179,-186,3
-182,-187,0
178,181,2
-173,181,1
-173,174,1
-198,-177,0
-186,181,1
-171,-179,0
-4,5,4
188,-171,3
179,-186,3
-1,205,5
-175,182,1
-186,178,1
5,195,5
-181,-185,0
-5,201,5
173,177,2
184,183,2
185,-164,3
180,166,2
-15,-5,4
185,179,2
4,193,5
184,-180,3
185,-177,3
189,163,2
183,-191,3
-3,205,5
-175,-176,0
173,-172,3
-175,184,1
167,-182,3
-198,-169,0
178,169,2
-181,180,1
-179,175,1
180,-181,3
-169,180,1
-181,184,1
-186,184,1
9,199,5
187,165,2
-160,-177,0
-3,-4,4
178,-197,3
3,205,5
170,-189,3
-168,-188,0
174,166,2
-1,195,5
4,201,5
5,-3,4
-167,-172,0
179,173,2
175,183,2
-13,-11,4
175,198,2
178,-179,3
175,194,2
177,181,2
172,171,2
-194,-180,0
176,196,2
-2,0,4
-171,-174,0
-170,-181,0
-177,-190,0
-4,3,4
1,2,4
-193,-179,0
-183,-187,0
-5,-2,4
185,-194,3
-168,-179,0
176,-174,3
193,-182,3
-5,200,5
-183,-181,0
183,164,2
-172,-177,0
-1,-2,4
7,5,4
2,-1,4
5,7,4
-182,-181,0
183,-192,3
-171,-179,0
-179,-181,0
-1,200,5
-1,6,4
-201,-179,0
-4,3,4
181,153,2
172,175,2
-180,181,1
-183,-186,0
179,192,2
2,-2,4
-176,184,1
181,193,2
188,-194,3
-176,-179,0
-199,-187,0
-187,179,1
-175,180,1
183,179,2
4,202,5
178,-179,3
-183,179,1
-180,178,1
178,174,2
179,-178,3
180,203,2
-178,186,1
177,-178,3
0,6,4
182,-173,3
184,-164,3
-3,198,5
-7,-8,4
176,181,2
-6,203,5
173,-184,3
179,192,2
174,192,2
175,195,2
9,4,4
175,185,2
-167,-179,0
9,206,5
172,-185,3
-170,179,1
-182,-173,0
-186,-178,0
179,172,2
181,-159,3
-179,180,1
-11,206,5
-175,176,1
-183,176,1
-3,203,5
185,180,2
0,-5,4
-4,6,4
-4,1,4
-167,-178,0
-198,-179,0
176,-206,3
176,176,2
-191,179,1
5,-7,4
-2,7,4
-8,197,5
1,198,5
179,-179,3
-182,181,1
178,-165,3
5,-8,4
-174,184,1
183,-175,3
-189,-182,0
-180,176,1
-7,-4,4
-163,-182,0
177,-179,3
178,181,2
176,-183,3
183,203,2
182,173,2
-6,0,4
1,194,5
11,203,5
-180,182,1
184,178,2
-4,198,5
-9,2,4
-189,-180,0
183,-171,3
-177,190,1
-4,197,5
-5,197,5
-187,-186,0
184,-191,3
-183,176,1
-3,196,5
2,0,4
-194,178,1
177,182,2
5,3,4
-190,-183,0
-184,179,1
-170,181,1
-165,-183,0
179,-189,3
-1,6,4
-182,178,1
1,201,5
186,180,2
-169,-177,0
-177,176,1
182,-194,3
-176,177,1
183,-171,3
186,-172,3
-171,-180,0
-175,-182,0
-184,179,1
7,205,5
7,6,4
4,-1,4
173,-198,3
175,-195,3
174,185,2
-186,183,1
179,175,2
-2,212,5
168,190,2
-180,180,1
-182,-180,0
-198,-182,0
-182,-175,0
175,165,2
-192,-187,0
-5,4,4
185,180,2
-5,193,5
-5,-4,4
178,-196,3
181,-189,3
15,1,4
183,170,2
176,186,2
-176,178,1
174,-162,3
178,-184,3
-187,-183,0
182,175,2
189,-170,3
-4,205,5
-7,-5,4
-186,182,1
5,4,4
-190,-180,0
1,203,5
184,191,2
-1,208,5
-176,177,1
181,168,2
-10,208,5
-3,2,4
0,3,4
10,205,5
4,201,5
-179,183,1
-182,178,1
-3,203,5
184,-196,3
177,-158,3
-183,185,1
7,-3,4
179,175,2
181,168,2
-2,-9,4
182,180,2
-8,8,4
-178,-179,0
-12,197,5
7,5,4
4,-9,4
177,196,2
183,183,2
-6,198,5
2,196,5
3,-4,4
185,-172,3
-182,179,1
-181,-184,0
174,-171,3
-181,171,1
-176,179,1
183,-185,3
182,-179,3
-4,6,4
176,167,2
1,-9,4
174,201,2
3,5,4
-1,198,5
-184,170,1
-179,182,1
-6,-1,4
0,201,5
179,-180,3
-182,174,1
0,203,5
-187,175,1
7,205,5
-9,14,4
179,188,2
177,-154,3
183,181,2
-181,188,1
-171,186,1
-1,4,4
191,179,2
-2,201,5
176,-158,3
-2,-1,4
-6,199,5
175,182,2
-3,6,4
-2,192,5
-189,184,1
3,5,4
-191,-172,0
6,193,5
-174,183,1
194,187,2
-186,-172,0
-178,-186,0
182,160,2
-181,180,1
183,168,2
-4,206,5
-176,178,1
-195,-172,0
182,182,2
-186,178,1
181,-166,3
-180,-183,0
4,8,4
173,171,2
-181,-173,0
179,-202,3
-160,-172,0
-5,-4,4
-180,179,1
-6,-6,4
3,8,4
-180,181,1
179,-171,3
-1,-6,4
-1,-5,4
2,0,4
-175,185,1
-172,-192,0
-1,-1,4
178,177,2
183,182,2
7,5,4
171,169,2
185,181,2
181,178,2
-184,-173,0
180,-177,3
-5,203,5
-1,7,4
-1,5,4
1,205,5
170,165,2
-1,-5,4
-165,-182,0
183,-174,3
-1,-10,4
-196,-189,0
-172,180,1
-4,196,5
-7,196,5
-170,187,1
-180,-177,0
-185,177,1
-182,181,1
178,170,2
-177,-182,0
-169,-169,0
178,165,2
180,170,2
-183,179,1
173,191,2
4,-3,4
-180,-178,0
-4,6,4
181,-179,3
2,200,5
183,-180,3
178,-185,3
174,183,2
180,188,2
-1,-10,4
13,206,5
-176,175,1
186,180,2
-1,192,5
-6,-2,4
-186,-178,0
-5,-1,4
4,6,4
-188,-186,0
1,7,4
-191,-183,0
-5,205,5
-1,-1,4
-2,200,5
4,7,4
178,186,2
177,172,2
-173,184,1
-182,-178,0
3,-7,4
-182,-185,0
-165,-179,0
-184,178,1
185,-152,3
179,-181,3
-1,205,5
-181,-173,0
172,194,2
-9,203,5
-175,-176,0
-4,194,5
-180,-185,0
-5,4,4
183,-178,3
0,6,4
-163,-186,0
180,183,2
6,196,5
-3,2,4
-186,-178,0
-178,-183,0
-180,185,1
183,190,2
-175,182,1
-7,206,5
181,-161,3
3,196,5
187,184,2
-180,180,1
-1,0,4
-172,-186,0
180,-176,3
186,-174,3
186,-169,3
-178,184,1
-3,196,5
182,177,2
-185,171,1
-182,174,1
3,-6,4
182,176,2
-192,-179,0
-180,179,1
-183,184,1
-173,-178,0
-3,198,5
-7,202,5
181,174,2
2,1,4
173,-179,3
183,-169,3
-180,-181,0
2,193,5
177,181,2
1,-4,4
179,-175,3
-184,174,1
-172,-170,0
178,181,2
-187,-187,0
-183,-173,0
6,199,5
191,-191,3
185,-198,3
178,-176,3
-175,180,1
-182,-184,0
188,182,2
172,-176,3
-191,179,1
-165,180,1
180,-172,3
-179,-186,0
177,-172,3
4,203,5
-181,182,1
186,185,2
-181,180,1
-1,203,5
2,191,5
-178,-176,0
-173,-185,0
-9,199,5
-180,-187,0
181,177,2
-6,206,5
-2,203,5
178,-197,3
185,-174,3
-5,194,5
0,206,5
4,-1,4
177,186,2
173,-176,3
182,-179,3
-177,177,1
186,179,2
0,199,5
-175,176,1
-4,4,4
-1,202,5
183,-179,3
182,178,2
-8,193,5
4,201,5
176,187,2
179,174,2
-174,185,1
-177,182,1
-5,199,5
-174,-174,0
-173,178,1
-176,-185,0
178,-194,3
6,201,5
185,176,2
169,187,2
183,-201,3
190,189,2
181,-175,3
186,-176,3
-1,3,4
-1,207,5
8,205,5
2,193,5
7,195,5
-7,4,4
-162,-180,0
180,-192,3
-3,4,4
173,191,2
-4,-6,4
-178,178,1
-188,-175,0
-174,172,1
-171,-193,0
177,173,2
4,11,4
8,1,4
-190,-189,0
179,192,2
181,180,2
-184,177,1
-170,177,1
-170,-177,0
8,-3,4
178,169,2
-6,200,5
189,181,2
174,-173,3
182,-172,3
-166,-175,0
7,198,5
-172,178,1
182,-168,3
-178,186,1
-4,-4,4
8,200,5
181,178,2
179,-188,3
-178,178,1
-186,-184,0
-186,-183,0
182,-186,3
180,167,2
3,218,5
-177,-176,0
-200,-177,0
-7,206,5
182,-158,3
174,185,2
-8,-6,4
3,197,5
3,6,4
188,168,2
5,200,5
-183,-186,0
-178,183,1
-178,-182,0
-186,-175,0
-189,-178,0
-189,-181,0
2,209,5
-182,184,1
2,-4,4
184,-183,3
7,198,5
2,199,5
-3,-4,4
172,188,2
180,187,2
-166,-187,0
3,-1,4
178,-182,3
-4,201,5
2,-1,4
-182,-181,0
175,170,2
177,-169,3
-179,183,1
180,170,2
-181,-184,0
-174,-182,0
190,181,2
173,160,2
-176,181,1
-3,205,5
178,-170,3
-6,199,5
183,184,2
184,-184,3
184,193,2
-4,1,4
-172,183,1
179,195,2
184,-191,3
174,-173,3
-168,181,1
-175,184,1
-9,-3,4
-182,-179,0
1,-1,4
182,-199,3
3,-4,4
-177,181,1
4,203,5
181,160,2
6,5,4
-180,-178,0
-3,9,4
184,-185,3
4,-5,4
-178,177,1
-172,182,1
169,171,2
181,183,2
171,180,2
-170,-177,0
-181,178,1
-1,203,5
-154,-182,0
182,184,2
-2,190,5
4,198,5
3,2,4
-179,-180,0
-185,-183,0
187,186,2
-184,178,1
-5,2,4
174,-173,3
-180,-179,0
6,18,4
8,207,5
175,184,2
-2,196,5
4,199,5
-194,-176,0
3,-4,4
2,4,4
178,-186,3
-1,-5,4
187,176,2
-179,183,1
1,1,4
-156,-189,0
184,-181,3
-176,180,1
-176,182,1
1,201,5
180,186,2
-183,-179,0
189,196,2
176,199,2
-180,170,1
-2,205,5
182,-183,3
-177,-178,0
186,-171,3
-184,185,1
-161,-178,0
5,3,4
180,196,2
179,-188,3
173,-173,3
-201,-188,0
-1,-2,4
185,162,2
186,-173,3
-180,-176,0
2,8,4
-181,183,1
-183,-175,0
-175,176,1
-7,4,4
-185,175,1
-184,-172,0
180,-173,3
-197,-180,0
169,191,2
-5,5,4
178,-175,3
-204,-185,0
-6,206,5
-171,-175,0
-178,175,1
178,185,2
-181,181,1
-1,194,5
-184,180,1
-3,197,5
189,173,2
-176,-183,0
-180,187,1
-170,-186,0
184,-175,3
185,174,2
180,176,2
-182,-179,0
181,-181,3
-2,198,5
-179,-180,0
9,4,4
177,178,2
185,195,2
-170,176,1
185,-195,3
183,-189,3
181,-166,3
-191,-177,0
-2,-2,4
179,183,2
3,202,5
183,174,2
-8,4,4
-173,184,1
-8,193,5
0,5,4
-2,11,4
7,1,4
-175,-186,0
-183,-177,0
168,177,2
0,-9,4
-179,184,1
181,-198,3
2,194,5
-186,-180,0
-182,181,1
7,9,4
-183,-187,0
-166,182,1
179,-181,3
-9,196,5
3,3,4
1,200,5
178,181,2
-174,185,1
5,0,4
179,-173,3
-3,201,5
183,-175,3
2,2,4
177,188,2
-178,184,1
174,174,2
-6,205,5
-178,189,1
179,-174,3
182,-190,3
-180,178,1
179,-197,3
183,-155,3
176,186,2
-186,183,1
-173,179,1
-9,205,5
-183,172,1
175,176,2
7,14,4
6,0,4
-173,181,1
-187,181,1
185,188,2
175,-160,3
-2,2,4
182,179,2
173,172,2
177,175,2
4,199,5
0,-1,4
4,5,4
180,-191,3
177,-179,3
-7,202,5
-177,-181,0
6,-1,4
-178,180,1
-181,175,1
-191,178,1
-11,-8,4
180,175,2
-3,6,4
178,-198,3
181,-177,3
6,3,4
185,191,2
-183,177,1
-183,181,1
182,-170,3
-181,180,1
179,187,2
179,-168,3
-202,-185,0
6,204,5
0,202,5
-186,-186,0
-170,-184,0
5,194,5
181,197,2
-13,0,4
-1,3,4
5,202,5
-176,184,1
-5,9,4
-1,199,5
-182,177,1
-179,175,1
-6,203,5
181,-180,3
181,161,2
-188,181,1
-1,6,4
-185,-187,0
-6,-8,4
181,-184,3
177,-163,3
-10,-6,4
6,3,4
-1,8,4
2,-3,4
183,199,2
-178,-185,0
184,-204,3
-175,182,1
-185,184,1
-11,3,4
-6,193,5
181,200,2
180,168,2
1,198,5
183,190,2
182,-177,3
190,-185,3
-191,-179,0
0,1,4
4,-2,4
-181,175,1
-175,-175,0
179,196,2
-185,-185,0
-2,-6,4
-168,-171,0
-1,201,5
182,199,2
5,0,4
-182,183,1
176,-150,3
-184,181,1
3,197,5
-175,181,1
-12,-4,4
171,-173,3
-185,178,1
185,-182,3
-178,178,1
182,172,2
-180,184,1
-2,-3,4
176,177,2
2,197,5
3,195,5
-195,-186,0
-181,175,1
-185,179,1
3,203,5
-181,-180,0
177,-166,3
-5,196,5
-181,183,1
-177,173,1
-183,-179,0
-3,-2,4
-5,2,4
-4,5,4
6,196,5
182,173,2
184,-193,3
176,188,2
-3,-1,4
1,193,5
184,-184,3
181,-202,3
-184,184,1
180,193,2
-175,-187,0
182,188,2
-172,180,1
-185,-184,0
-180,-182,0
179,-194,3
-172,-189,0
10,201,5
-2,200,5
-185,-174,0
5,-2,4
-2,204,5
1,-1,4
192,176,2
181,-176,3
175,-168,3
179,183,2
-9,9,4
-175,182,1
-185,175,1
8,201,5
-183,176,1
184,177,2
175,-194,3
-174,178,1
-182,182,1
1,-10,4
170,183,2
188,-176,3
175,174,2
-3,-1,4
176,179,2
0,202,5
-179,181,1
-2,196,5
8,4,4
-182,-174,0
-187,-172,0
187,-186,3
-193,-168,0
181,188,2
1,-3,4
-202,-175,0
-6,196,5
176,188,2
185,189,2
-176,-176,0
2,3,4
-175,177,1
181,-191,3
1,195,5
-1,-3,4
3,205,5
-167,-179,0
-167,-179,0
-184,174,1
-175,183,1
-178,181,1
-181,-190,0
-184,-181,0
-173,184,1
-1,-4,4
176,-173,3
-2,6,4
179,184,2
183,192,2
-1,-1,4
178,-185,3
4,-6,4
189,182,2
-168,-183,0
173,-188,3
179,-194,3
185,-176,3
181,-197,3
-175,-171,0
0,-1,4
171,191,2
-175,-174,0
2,197,5
-167,-177,0
178,-185,3
-183,-189,0
-179,181,1
-1,199,5
7,-1,4
-183,-183,0
-170,-182,0
4,203,5
-4,1,4
-182,-186,0
-183,-182,0
-185,184,1
-178,181,1
7,5,4
-175,182,1
181,176,2
2,0,4
-2,1,4
186,186,2
-182,-180,0
175,197,2
-171,-187,0
1,-1,4
3,-2,4
-173,184,1
-4,211,5
186,-198,3
5,-6,4
185,-183,3
175,175,2
-7,186,5
-193,180,1
1,189,5
-180,179,1
6,204,5
187,186,2
-4,203,5
2,201,5
174,197,2
185,171,2
173,185,2
179,168,2
-184,179,1
-170,-176,0
-2,200,5
-184,-182,0
-184,187,1
186,-184,3
176,-167,3
-181,-184,0
-2,205,5
174,200,2
-183,178,1
-184,181,1
173,-177,3
177,187,2
-174,-183,0
177,-175,3
182,178,2
-2,197,5
173,186,2
3,-7,4
-4,193,5
-178,179,1
185,-179,3
168,179,2
1,6,4
-179,-182,0
-1,200,5
2,205,5
-171,174,1
-2,-4,4
-176,-181,0
185,-5,2
-193,-181,0
2,-3,4
188,165,2
7,207,5
-182,-183,0
-182,181,1
0,-3,4
10,198,5
178,172,2
179,-186,3
-3,199,5
-174,186,1
11,209,5
7,196,5
-1,-2,4
191,182,2
180,-188,3
-159,-174,0
2,195,5
-200,-186,0
181,173,2
175,-185,3
-182,181,1
-2,202,5
-180,-175,0
175,-180,3
181,-183,3
-187,180,1
-182,180,1
-182,186,1
0,202,5
173,-166,3
180,-161,3
-184,183,1
177,176,2
179,-178,3
0,1,4
178,-158,3
-6,196,5
-1,8,4
-177,180,1
184,-180,3
179,-194,3
187,184,2
178,181,2
185,-179,3
182,-191,3
7,195,5
-4,9,4
2,202,5
-3,-1,4
188,169,2
-188,-177,0
0,-2,4
-173,180,1
177,-193,3
-179,183,1
-183,-178,0
8,9,4
-178,181,1
-185,182,1
-184,-186,0
-13,205,5
186,-117,2
2,206,5
187,185,2
166,177,2
-188,185,1
180,-167,3
182,183,2
183,-173,3
-170,-184,0
183,203,2
8,195,5
-6,208,5
182,-214,3
-2,206,5
179,174,2
183,-191,3
-10,195,5
-184,-183,0
3,199,5
-185,185,1
-184,174,1
-4,-4,4
184,177,2
175,177,2
-3,4,4
-8,195,5
174,-193,3
-189,-182,0
183,-198,3
-171,-178,0
181,187,2
-197,185,1
-4,-3,4
-185,175,1
-5,1,4
-5,201,5
3,201,5
179,-198,3
-170,179,1
8,4,4
-174,175,1
3,208,5
4,5,4
3,193,5
182,172,2
-3,201,5
-178,-181,0
-5,5,4
-172,-172,0
2,-2,4
-182,174,1
0,200,5
172,-171,3
179,172,2
-178,183,1
-4,7,4
-192,-182,0
-187,-176,0
-190,-180,0
179,182,2
9,5,4
7,200,5
-182,-179,0
187,179,2
178,-194,3
-183,-175,0
3,4,4
175,182,2
179,-165,3
-2,-2,4
-180,178,1
-180,183,1
3,200,5
-192,-189,0
180,185,2
-7,203,5
180,-179,3
-186,187,1
-182,-179,0
-172,-185,0
171,-183,3
-189,177,1
179,-166,3
-1,-4,4
1,4,4
180,-167,3
-4,195,5
-182,-179,0
-4,2,4
7,4,4
2,201,5
184,175,2
186,181,2
11,207,5
175,-169,3
-179,182,1
-177,174,1
9,198,5
182,-172,3
-198,186,1
-5,193,5
188,177,2
3,197,5
-9,-4,4
-158,-184,0
-177,-184,0
-177,-179,0
-184,171,1
-178,190,1
7,7,4
181,200,2
4,3,4
182,190,2
181,203,2
171,186,2
-159,-177,0
-182,-175,0
5,198,5
-179,-179,0
-7,205,5
-3,197,5
-174,185,1
15,-6,4
-3,202,5
-171,-178,0
182,-199,3
2,193,5
174,187,2
8,203,5
-183,180,1
-174,-177,0
183,173,2
178,-193,3
-171,-178,0
6,203,5
185,182,2
179,175,2
-183,177,1
-176,-180,0
-161,-185,0
-5,204,5
-1,200,5
-179,183,1
177,-192,3
-9,197,5
-179,-178,0
-175,178,1
6,-4,4
2,-6,4
-3,197,5
179,-178,3
5,199,5
-182,-185,0
-188,-183,0
184,181,2
171,-181,3
179,-168,3
178,-172,3
-178,-171,0
-183,179,1
180,188,2
-171,185,1
180,-202,3
177,190,2
-170,-174,0
0,206,5
180,185,2
-5,198,5
-175,176,1
181,164,2
-3,1,4
-10,-2,4
0,197,5
-2,5,4
184,-182,3
175,-189,3
-183,-181,0
-2,201,5
-185,182,1
3,197,5
-209,-184,0
-174,178,1
193,164,2
-184,-173,0
-190,-182,0
-186,176,1
-170,-180,0
1,-1,4
-181,-181,0
3,0,4
181,-186,3
178,-165,3
170,-175,3
-188,179,1
0,4,4
176,-166,3
-6,-4,4
179,173,2
0,200,5
-174,-190,0
-174,-182,0
179,163,2
11,198,5
-2,8,4
-188,-177,0
180,-178,3
185,-181,3
2,198,5
184,181,2
177,-189,3
8,1,4
2,201,5
-6,4,4
3,202,5
-184,183,1
185,-181,3
-183,183,1
178,-186,3
11,-7,4
-202,-177,0
180,-178,3
-177,184,1
-177,-178,0
-1,200,5
9,203,5
-179,174,1
-186,180,1
179,-172,3
-174,181,1
1,-6,4
-182,180,1
-2,201,5
-8,199,5
-180,168,1
179,-192,3
-190,-182,0
-171,-187,0
178,-181,3
-166,-180,0
-188,192,1
-183,-189,0
-175,-174,0
5,-4,4
5,202,5
7,208,5
193,177,2
181,-158,3
-167,-180,0
8,-2,4
185,-178,3
4,206,5
5,197,5
176,186,2
182,-180,3
6,6,4
-2,0,4
-188,-181,0
183,-185,3
0,199,5
0,206,5
176,-166,3
-3,206,5
0,200,5
-183,177,1
9,7,4
181,177,2
-181,-181,0
-160,-191,0
-175,-178,0
-169,183,1
-179,184,1
-180,-184,0
6,4,4
190,169,2
2,207,5
4,2,4
-3,201,5
-179,181,1
-185,-180,0
178,178,2
-191,-175,0
184,191,2
181,181,2
-201,-176,0
23,198,5
179,172,2
-4,-4,4
1,199,5
-5,200,5
182,-180,3
-190,-184,0
186,181,2
-8,1,4
182,-165,3
-4,205,5
-2,-7,4
1,199,5
-185,179,1
-188,-175,0
184,182,2
-164,-177,0
-171,-185,0
186,184,2
-180,187,1
182,-164,3
6,-5,4
-170,177,1
-10,-3,4
177,180,2
-165,-184,0
4,202,5
5,206,5
-195,-181,0
-170,189,1
-1,-6,4
190,168,2
3,197,5
-174,185,1
-1,204,5
-181,182,1
178,168,2
2,200,5
-187,173,1
-181,-187,0
178,-181,3
-183,179,1
182,-193,3
172,189,2
179,177,2
-157,-183,0
182,183,2
-183,177,1
182,183,2
-4,199,5
3,200,5
179,-182,3
0,5,4
-185,183,1
-182,176,1
-10,7,4
2,1,4
180,-178,3
181,-177,3
178,-159,3
-174,178,1
-3,202,5
176,-164,3
173,180,2
-8,202,5
-185,177,1
-186,-176,0
-185,172,1
6,3,4
3,3,4
-181,181,1
-2,-3,4
-184,179,1
171,185,2
-172,175,1
-178,178,1
-4,11,4
0,203,5
-179,-174,0
-187,186,1
184,-187,3
-192,-180,0
181,187,2
-185,-185,0
171,171,2
-181,185,1
176,219,2
0,206,5
178,198,2
4,195,5
10,206,5
4,-1,4
189,-170,3
186,-183,3
185,-179,3
186,-182,3
-186,-179,0
180,175,2
-182,-181,0
-175,183,1
179,174,2
-180,173,1
-187,178,1
7,3,4
190,-174,3
180,-187,3
3,190,5
183,-181,3
1,-1,4
177,195,2
13,199,5
-182,-175,0
179,181,2
-159,-187,0
-182,177,1
-167,-177,0
-5,-3,4
4,197,5
185,-185,3
189,170,2
2,6,4
-173,179,1
169,193,2
186,-201,3
4,194,5
6,203,5
-180,176,1
-189,169,1
169,172,2
-183,-175,0
-182,181,1
5,-7,4
-180,-169,0
184,-192,3
-193,-181,0
189,189,2
-166,-183,0
179,-162,3
192,166,2
-185,-184,0
-2,-6,4
176,199,2
-179,174,1
187,190,2
184,-192,3
-178,181,1
-9,-2,4
-176,180,1
-187,-175,0
-188,170,1
183,-156,3
-5,-1,4
189,176,2
-193,-180,0
-188,-181,0
-181,-189,0
178,-172,3
-179,-175,0
188,-184,3
-177,-178,0
-188,-178,0
177,-178,3
179,180,2
187,-170,3
-184,181,1
173,-187,3
181,-177,3
-4,2,4
4,-2,4
-176,-186,0
-2,-4,4
-178,-181,0
-5,198,5
1,-17,4
4,206,5
193,183,2
-6,192,5
5,201,5
-6,-9,4
178,171,2
-182,178,1
190,188,2
185,177,2
186,182,2
173,183,2
-178,185,1
5,7,4
1,14,4
4,2,4
-186,-184,0
-182,-179,0
-6,199,5
-179,173,1
-2,-4,4
2,206,5
-186,172,1
179,-182,3
0,198,5
-6,195,5
178,-189,3
-175,172,1
5,199,5
-190,186,1
1,196,5
181,179,2
-179,181,1
-186,-190,0
-178,175,1
-195,177,1
-12,-1,4
-177,179,1
176,169,2
184,-180,3
-5,2,4
175,178,2
9,191,5
-190,185,1
-184,-178,0
2,0,4
0,2,4
177,-169,3
-170,182,1
-180,-181,0
0,4,4
-6,204,5
9,1,4
179,-182,3
-5,205,5
-189,-187,0
-190,-177,0
178,176,2
-177,185,1
-179,-177,0
3,197,5
181,-191,3
182,167,2
179,174,2
-5,196,5
184,169,2
174,176,2
7,199,5
-183,187,1
-5,203,5
185,163,2
177,182,2
4,195,5
0,195,5
-172,183,1
188,180,2
-174,175,1
-179,183,1
176,-164,3
-188,178,1
181,-177,3
-184,182,1
2,0,4
6,11,4
-3,0,4
-181,-177,0
-186,177,1
-177,180,1
-172,175,1
-210,-180,0
176,-181,3
-186,175,1
1,6,4
-12,-1,4
-8,198,5
1,186,5
179,169,2
4,3,4
184,177,2
180,-190,3
-184,181,1
-152,-179,0
0,2,4
179,-163,3
178,-187,3
174,-188,3
-9,197,5
-182,-178,0
-179,180,1
182,175,2
175,198,2
175,177,2
3,-3,4
177,-183,3
182,182,2
-166,-182,0
-184,181,1
173,181,2
-3,192,5
-180,-183,0
-169,-167,0
-171,-182,0
7,207,5
185,-169,3
-173,176,1
-6,198,5
185,-173,3
177,-193,3
-180,175,1
-181,180,1
-182,177,1
-10,198,5
-184,176,1
8,199,5
183,-178,3
2,205,5
-185,-180,0
185,164,2
181,196,2
1,199,5
-182,180,1
-3,3,4
177,-186,3
177,-161,3
183,182,2
179,190,2
184,182,2
-188,179,1
-5,3,4
-171,-180,0
-179,-174,0
-172,180,1
188,191,2
2,-1,4
186,-186,3
2,199,5
-3,-4,4
180,-189,3
-3,195,5
-4,-5,4
181,-187,3
-7,-2,4
-170,-180,0
181,174,2
1,4,4
-5,1,4
-182,178,1
-186,177,1
-166,-174,0
-186,182,1
-202,-182,0
0,0,4
0,202,5
-169,-177,0
1,198,5
-174,182,1
179,174,2
178,164,2
188,183,2
-187,-183,0
-176,182,1
5,1,4
-4,-3,4
0,192,5
177,177,2
-188,184,1
-11,-2,4
183,191,2
183,-181,3
179,183,2
-181,184,1
178,168,2
-185,180,1
0,200,5
176,-179,3
-183,-191,0
-188,-190,0
-8,4,4
181,164,2
-185,-175,0
-175,-179,0
-191,-180,0
184,181,2
-9,3,4
2,201,5
177,-179,3
-167,-182,0
0,5,4
0,207,5
-6,198,5
-8,203,5
186,194,2
4,203,5
-183,181,1
-180,183,1
1,206,5
2,202,5
-177,179,1
180,-167,3
0,-11,4
187,185,2
182,180,2
182,-178,3
-2,203,5
0,11,4
-182,181,1
183,195,2
-4,-5,4
181,-179,3
4,207,5
178,186,2
175,-192,3
-2,0,4
0,4,4
176,172,2
181,-174,3
3,0,4
184,192,2
4,7,4
184,177,2
-170,181,1
187,-180,3
181,-191,3
2,195,5
-3,196,5
-4,203,5
-181,184,1
-179,178,1
-186,183,1
-182,-188,0
183,-169,3
-174,172,1
4,205,5
-179,-178,0
1,-3,4
3,-8,4
-180,176,1
-168,-169,0
-173,178,1
-177,173,1
1,196,5
176,-175,3
189,-193,3
-189,179,1
185,-190,3
-179,182,1
-173,-179,0
178,-175,3
184,177,2
-181,-172,0
-180,179,1
178,-179,3
-182,182,1
-163,-181,0
175,-171,3
187,-180,3
-180,-178,0
178,187,2
-179,-181,0
-182,-184,0
-180,-173,0
183,183,2
-176,-190,0
-180,180,1
181,196,2
1,-3,4
-1,200,5
12,2,4
8,205,5
177,202,2
182,-180,3
182,174,2
-11,194,5
-178,-180,0
185,-189,3
-2,2,4
185,-188,3
-185,177,1
177,-176,3
-181,180,1
-5,196,5
1,-5,4
186,186,2
176,-198,3
175,-196,3
-169,-179,0
183,-191,3
-180,-181,0
-6,200,5
-175,177,1
2,202,5
181,-178,3
-160,-177,0
-2,3,4
172,187,2
-1,194,5
-198,-181,0
12,2,4
-6,198,5
-3,205,5
-188,-177,0
-2,4,4
4,208,5
-178,187,1
-185,-180,0
-2,201,5
-167,181,1
-184,183,1
-180,-183,0
3,201,5
-1,-8,4
-177,179,1
178,-176,3
-7,0,4
185,-191,3
-166,-173,0
183,176,2
177,175,2
3,-2,4
-178,-181,0
178,-170,3
186,175,2
-178,178,1
-187,-187,0
-174,176,1
5,199,5
3,203,5
1,193,5
1,0,4
-176,177,1
181,-188,3
180,-176,3
177,-173,3
177,178,2
12,193,5
-2,200,5
-188,174,1
-5,212,5
0,198,5
-179,-186,0
177,196,2
181,176,2
-165,-180,0
-4,-5,4
178,-182,3
188,-217,3
172,-179,3
-193,180,1
176,-178,3
-184,184,1
-184,183,1
180,192,2
-174,-180,0
-178,177,1
-175,179,1
176,-191,3
-8,209,5
184,200,2
184,-172,3
-1,3,4
-1,0,4
-157,-175,0
6,0,4
1,200,5
180,174,2
-6,198,5
183,187,2
180,-164,3
5,203,5
-182,182,1
-179,175,1
-3,207,5
2,0,4
-189,-178,0
5,-3,4
4,200,5
-182,181,1
-187,-182,0
175,-167,3
183,-178,3
-189,181,1
-178,-184,0
2,201,5
5,198,5
-9,-1,4
-3,-1,4
0,200,5
185,187,2
183,-176,3
-6,198,5
-194,-181,0
-183,-180,0
-1,202,5
8,4,4
-181,-175,0
-4,202,5
-191,-178,0
-1,10,4
-170,-177,0
175,187,2
5,-2,4
0,-3,4
-11,195,5
-183,184,1
-182,177,1
-160,-176,0
-185,182,1
-176,182,1
8,8,4
0,198,5
183,-169,3
-196,-188,0
181,181,2
-187,179,1
-193,178,1
181,-179,3
-187,173,1
180,193,2
-190,-179,0
-182,181,1
176,180,2
-178,181,1
-186,187,1
187,-195,3
-192,-172,0
-173,-178,0
176,-180,3
-181,-182,0
1,215,5
2,198,5
4,11,4
1,199,5
180,-173,3
186,-197,3
-5,5,4
-19,201,5
-183,-179,0
-1,2,4
-162,-176,0
-172,-174,0
4,201,5
-189,181,1
7,3,4
-176,-181,0
190,168,2
195,175,2
-175,178,1
-163,-181,0
-186,175,1
1,3,4
6,5,4
180,172,2
-181,182,1
6,194,5
1,1,4
-188,-186,0
177,-165,3
188,167,2
7,205,5
1,195,5
2,198,5
-182,-183,0
-8,-2,4
181,-172,3
182,-166,3
179,191,2
-2,3,4
-180,182,1
-190,-182,0
-1,10,4
10,197,5
-184,-176,0
-186,-187,0
1,195,5
0,205,5
175,-169,3
-178,180,1
-181,178,1
-4,-7,4
-169,-172,0
179,170,2
2,214,5
2,0,4
-3,-5,4
7,7,4
181,-178,3
182,195,2
-183,184,1
182,-173,3
1,-5,4
2,195,5
2,-1,4
183,-176,3
0,-2,4
-174,-181,0
-185,-192,0
5,202,5
-6,192,5
179,-183,3
179,186,2
0,2,4
1,0,4
185,-187,3
178,193,2
-181,181,1
-182,-179,0
179,-177,3
181,-175,3
-173,175,1
176,181,2
-174,-175,0
178,184,2
-183,182,1
2,201,5
186,184,2
-2,5,4
-168,176,1
-1,194,5
0,7,4
177,-176,3
185,-169,3
177,182,2
-1,-2,4
-3,192,5
190,182,2
176,-185,3
179,170,2
-193,-182,0
-175,186,1
178,176,2
188,182,2
8,0,4
1,192,5
-1,-3,4
-181,-181,0
-177,179,1
-1,9,4
-199,-178,0
-174,-174,0
186,-169,3
-172,-179,0
185,181,2
176,165,2
-2,-4,4
177,189,2
180,173,2
-1,-6,4
-176,-182,0
3,195,5
179,179,2
-174,186,1
4,-3,4
-176,182,1
182,194,2
5,201,5
183,180,2
-161,-175,0
-8,198,5
-173,177,1
171,-173,3
186,179,2
6,191,5
-180,183,1
1,214,5
176,-172,3
-172,179,1
-8,11,4
180,176,2
177,-182,3
1,197,5
0,196,5
-182,-180,0
180,-181,3
-8,6,4
-175,180,1
-11,208,5
4,196,5
-20,203,5
-180,173,1
-172,-181,0
-5,-4,4
-4,200,5
-1,198,5
6,198,5
184,-166,3
5,201,5
-10,1,4
-173,-181,0
-174,177,1
-177,184,1
-182,-179,0
179,194,2
183,-173,3
-8,196,5
-7,-9,4
182,182,2
-181,-178,0
178,-187,3
3,-2,4
182,160,2
-178,-180,0
1,4,4
-183,180,1
-176,-183,0
181,185,2
182,-173,3
-175,178,1
-1,201,5
-5,1,4
-184,-174,0
-5,202,5
-180,178,1
3,196,5
-3,201,5
-167,-185,0
179,-175,3
-1,-7,4
177,188,2
-193,173,1
-178,182,1
176,186,2
-171,-178,0
-181,-176,0
4,192,5
174,187,2
182,175,2
-181,173,1
-174,182,1
-182,180,1
7,-1,4
-185,-185,0
180,170,2
6,0,4
-177,-179,0
180,-190,3
1,7,4
-180,179,1
181,188,2
-173,-180,0
-180,-174,0
14,-7,4
-3,-4,4
-175,183,1
8,196,5
-9,207,5
178,-181,3
181,177,2
-187,-191,0
-4,0,4
-176,-181,0
-1,2,4
-182,176,1
-175,182,1
187,-174,3
-186,186,1
176,-171,3
174,-169,3
-184,-176,0
-181,175,1
181,194,2
177,-187,3
-4,201,5
-3,-3,4
177,-191,3
180,195,2
183,-173,3
-182,-183,0
178,-181,3
-179,-178,0
6,2,4
178,181,2
-2,2,4
7,-3,4
-179,-172,0
176,195,2
180,-178,3
-1,4,4
179,-175,3
-172,190,1
188,169,2
178,192,2
182,188,2
1,6,4
-2,200,5
-192,-181,0
-4,199,5
6,195,5
-175,-182,0
2,202,5
-1,-2,4
177,-197,3
-2,-4,4
-171,175,1
0,-6,4
-3,5,4
-177,181,1
2,198,5
180,-184,3
-8,-4,4
0,195,5
-1,203,5
10,-1,4
-175,-175,0
-181,185,1
179,-182,3
-189,183,1
0,-7,4
177,167,2
-1,-2,4
5,-1,4
180,-166,3
8,-12,4
-174,180,1
173,-191,3
166,175,2
-4,197,5
-4,3,4
-173,-181,0
185,171,2
0,2,4
-172,-173,0
0,-3,4
-176,-183,0
182,-174,3
14,193,5
179,177,2
-183,175,1
-176,-189,0
-192,-187,0
-179,-183,0
-193,-185,0
178,-194,3
179,185,2
183,-190,3
9,-2,4
175,-176,3
-169,-176,0
9,5,4
-171,173,1
176,-179,3
-182,187,1
-170,-170,0
-173,177,1
-10,199,5
3,202,5
2,-8,4
-7,197,5
-11,10,4
-158,-185,0
179,-177,3
-170,-176,0
-175,180,1
-8,207,5
184,-187,3
186,172,2
185,175,2
-175,180,1
4,191,5
-203,-180,0
-176,-183,0
-185,180,1
183,-208,3
-165,-176,0
181,173,2
-182,177,1
-168,-178,0
1,195,5
-2,1,4
-180,-185,0
184,-179,3
-178,-172,0
180,177,2
179,-184,3
187,175,2
183,-196,3
0,202,5
1,-13,4
6,-12,4
-177,-179,0
179,169,2
184,182,2
2,197,5
-180,179,1
-181,174,1
-171,181,1
-191,-182,0
1,-4,4
-169,186,1
181,-190,3
-182,176,1
-175,-185,0
-175,181,1
179,-171,3
0,194,5
192,183,2
-10,11,4
-8,199,5
5,4,4
-178,175,1
4,-2,4
184,-202,3
-1,-4,4
-191,-182,0
0,9,4
-176,177,1
-188,178,1
-185,184,1
-2,6,4
182,-170,3
182,-181,3
179,184,2
-1,5,4
182,-178,3
180,175,2
-188,180,1
-163,-178,0
-177,182,1
171,175,2
-3,200,5
-4,-6,4
0,-6,4
-179,184,1
-2,209,5
175,177,2
186,-175,3
-181,-179,0
-177,183,1
181,172,2
-186,-178,0
5,197,5
-181,-175,0
-7,193,5
-8,3,4
180,-173,3
181,180,2
178,176,2
3,202,5
-4,0,4
0,199,5
-167,-184,0
187,-176,3
-162,-182,0
-3,209,5
-188,186,1
185,-177,3
-187,-186,0
-4,203,5
-10,6,4
181,-193,3
-5,2,4
-183,-180,0
176,-189,3
180,-176,3
173,177,2
-179,-179,0
179,-200,3
-192,-184,0
3,198,5
-3,-3,4
-184,-178,0
1,203,5
-168,-176,0
182,178,2
-4,195,5
-4,6,4
-177,187,1
-174,180,1
-174,179,1
-194,-172,0
1,200,5
-189,-176,0
-173,184,1
-2,197,5
180,-158,3
172,191,2
0,207,5
-175,177,1
174,178,2
-184,182,1
6,204,5
-176,-181,0
-186,179,1
2,-3,4
0,0,4
-179,179,1
-3,203,5
183,-173,3
-162,-175,0
171,178,2
174,185,2
-7,199,5
167,183,2
177,-186,3
173,186,2
191,172,2
-189,-179,0
176,163,2
174,184,2
-170,-167,0
186,-182,3
-188,181,1
181,-182,3
-4,-2,4
2,0,4
3,198,5
-189,-186,0
176,197,2
177,183,2
-186,-180,0
-197,-175,0
-174,-179,0
182,-178,3
-164,-184,0
-182,177,1
177,176,2
177,165,2
-1,3,4
181,-183,3
5,-10,4
183,172,2
172,167,2
1,0,4
181,169,2
179,-188,3
178,-153,3
-180,177,1
175,-173,3
-176,-183,0
-189,183,1
179,181,2
-185,183,1
183,-181,3
181,-176,3
-1,4,4
4,6,4
-4,203,5
5,4,4
-178,-181,0
185,180,2
-6,198,5
-187,-192,0
183,183,2
-184,178,1
-4,2,4
-174,-182,0
0,195,5
0,210,5
-176,186,1
0,-1,4
-183,-183,0
-180,-176,0
180,175,2
-183,183,1
8,1,4
-6,205,5
-6,200,5
-3,201,5
-171,-187,0
2,3,4
-178,174,1
186,173,2
14,202,5
-175,179,1
177,182,2
-186,185,1
181,180,2
-188,185,1
-165,-185,0
-179,178,1
-189,-181,0
-4,-1,4
185,183,2
182,173,2
3,3,4
182,-186,3
170,168,2
1,-11,4
-171,-193,0
-183,-183,0
-5,204,5
182,175,2
-182,179,1
-7,0,4
-2,4,4
177,169,2
3,204,5
-1,-6,4
2,205,5
179,177,2
-4,202,5
178,-191,3
-184,180,1
184,-174,3
-172,-187,0
-3,203,5
-173,-179,0
180,170,2
179,169,2
-4,197,5
-9,212,5
-5,-9,4
-176,182,1
-7,202,5
-163,-184,0
7,-8,4
-196,-167,0
-181,176,1
2,-2,4
179,174,2
0,2,4
176,166,2
-190,175,1
178,-169,3
-6,197,5
-2,2,4
-178,185,1
186,189,2
-178,-186,0
182,171,2
-176,179,1
-3,201,5
1,-7,4
182,184,2
186,181,2
171,166,2
-13,-7,4
185,-183,3
1,212,5
-10,9,4
-181,-177,0
5,195,5
6,205,5
-5,205,5
4,203,5
0,208,5
180,-175,3
183,-164,3
-181,174,1
179,-186,3
174,178,2
-2,-6,4
2,201,5
179,-178,3
4,203,5
183,-173,3
-6,11,4
-185,176,1
6,198,5
177,-174,3
-181,188,1
180,-180,3
178,180,2
181,183,2
179,-185,3
188,184,2
173,-184,3
176,-187,3
180,-194,3
-182,178,1
-183,-181,0
183,184,2
176,-184,3
180,-187,3
178,188,2
-185,183,1
177,178,2
183,-170,3
187,190,2
188,176,2
-1,-4,4
-184,-181,0
9,-4,4
-5,4,4
-7,-5,4
-185,185,1
-179,180,1
185,166,2
-186,179,1
178,177,2
-144,-176,0
-167,-185,0
-179,-178,0
183,-183,3
-183,187,1
-183,187,1
-172,182,1
1,203,5
5,195,5
0,198,5
-6,199,5
-4,208,5
-186,-183,0
184,-165,3
-173,186,1
0,194,5
-177,-179,0
-181,181,1
180,-182,3
0,1,4
-175,173,1
7,-7,4
4,-3,4
187,190,2
177,-167,3
-168,-185,0
-178,178,1
184,-176,3
6,204,5
-169,-178,0
-180,182,1
-203,-179,0
4,2,4
-7,203,5
-7,207,5
-1,-10,4
183,-197,3
3,197,5
-183,-184,0
182,182,2
185,182,2
-189,-181,0
-176,183,1
-182,-180,0
-11,202,5
-168,-178,0
191,177,2
182,-180,3
-15,201,5
2,3,4
177,188,2
177,-180,3
5,2,4
183,-159,3
-196,-180,0
180,-188,3
-171,-179,0
-183,-178,0
-2,1,4
182,-197,3
-189,-169,0
171,184,2
0,206,5
-175,180,1
187,177,2
180,180,2
185,188,2
177,187,2
179,-185,3
183,178,2
3,204,5
178,171,2
-177,184,1
-163,-185,0
-176,180,1
4,200,5
5,202,5
8,0,4
184,168,2
1,208,5
-178,178,1
187,179,2
-178,-186,0
-192,-175,0
175,-188,3
184,-180,3
-181,-183,0
2,1,4
8,-3,4
-5,-7,4
-9,202,5
-192,-180,0
-1,205,5
-197,-180,0
6,-3,4
0,204,5
-174,-185,0
1,-5,4
-179,-177,0
-164,-185,0
-176,184,1
-3,5,4
-2,207,5
-181,189,1
179,178,2
184,-183,3
-5,3,4
0,2,4
6,-1,4
-189,-177,0
177,175,2
176,-192,3
-171,177,1
180,-167,3
-184,177,1
-1,10,4
3,192,5
-3,208,5
-6,197,5
180,-202,3
-152,-180,0
-1,193,5
-1,195,5
182,-188,3
-179,180,1
-180,179,1
-180,-188,0
-176,179,1
-1,3,4
193,186,2
181,-169,3
0,2,4
181,171,2
8,-9,4
174,183,2
-178,177,1
-3,-2,4
2,197,5
181,171,2
184,183,2
3,-3,4
176,190,2
3,203,5
-182,184,1
-177,-177,0
187,194,2
6,193,5
12,4,4
2,208,5
1,11,4
175,187,2
-174,-178,0
181,187,2
-182,182,1
191,171,2
-191,-183,0
4,-3,4
-1,205,5
184,172,2
-182,-179,0
189,-167,3
183,180,2
-170,-182,0
6,207,5
-2,-7,4
-177,-183,0
2,10,4
187,-165,3
-183,-184,0
-180,179,1
-5,206,5
7,202,5
175,-192,3
11,2,4
0,202,5
-175,183,1
0,9,4
1,3,4
180,169,2
-186,184,1
-187,187,1
3,203,5
184,-182,3
-184,189,1
-1,0,4
-2,202,5
-181,184,1
-178,180,1
1,5,4
-1,197,5
4,203,5
-182,-182,0
-178,178,1
177,-182,3
172,-174,3
180,181,2
179,167,2
-174,-180,0
3,-13,4
0,-2,4
181,172,2
-182,179,1
182,162,2
-177,-179,0
-4,-2,4
172,179,2
-162,-190,0
-5,4,4
168,195,2
12,2,4
173,-202,3
183,-178,3
-171,187,1
-176,-189,0
-183,181,1
-6,194,5
182,-188,3
-172,177,1
-3,10,4
-180,189,1
-192,-182,0
-181,-184,0
-1,195,5
2,7,4
5,-7,4
174,166,2
9,203,5
-170,175,1
-2,201,5
-175,-189,0
180,-189,3
-184,-185,0
3,203,5
4,6,4
-5,204,5
0,10,4
-181,177,1
-185,181,1
-176,-185,0
179,-189,3
-168,178,1
184,159,2
12,7,4
-178,182,1
-6,-4,4
-165,-188,0
182,171,2
173,190,2
3,206,5
176,-168,3
-190,-175,0
-166,-177,0
-179,182,1
-177,175,1
4,0,4
-188,-183,0
-179,176,1
-5,-6,4
176,-183,3
2,196,5
-171,-181,0
186,-179,3
-184,179,1
-189,-182,0
183,-180,3
-7,188,5
-6,-7,4
-1,-3,4
1,200,5
190,-173,3
6,200,5
181,-201,3
-180,183,1
-183,177,1
-170,-181,0
-7,4,4
-9,208,5
-181,174,1
1,201,5
-178,186,1
1,197,5
-182,-182,0
-4,4,4
-4,-4,4
181,182,2
-1,193,5
184,160,2
-209,-179,0
-197,-179,0
4,1,4
177,181,2
183,172,2
-166,-179,0
181,-195,3
182,-172,3
181,-178,3
-3,-2,4
-186,177,1
10,-1,4
1,193,5
184,177,2
-183,-184,0
-157,-178,0
11,203,5
-181,175,1
4,193,5
-183,-179,0
-183,-174,0
-190,-180,0
1,-10,4
-2,8,4
8,199,5
180,-189,3
181,-176,3
-187,182,1
4,200,5
181,-187,3
4,198,5
182,-173,3
-1,188,5
179,-188,3
-1,203,5
-1,205,5
-179,-184,0
-187,-177,0
183,-170,3
-174,-176,0
-184,171,1
-181,176,1
0,205,5
8,193,5
-182,175,1
196,180,2
183,177,2
-174,-179,0
8,5,4
-193,-183,0
4,1,4
-185,173,1
-188,181,1
-187,-184,0
-187,174,1
179,-179,3
-186,-191,0
-180,-179,0
181,173,2
-181,180,1
183,-200,3
2,200,5
-3,-2,4
-4,207,5
7,257,5
2,197,5
-184,184,1
179,194,2
2,201,5
-9,208,5
177,-174,3
186,-196,3
182,177,2
-180,178,1
1,5,4
183,-196,3
183,-179,3
186,179,2
-1,2,4
-177,185,1
-183,182,1
170,-186,3
184,199,2
-7,4,4
186,194,2
-170,-173,0
-187,183,1
184,154,2
-153,-189,0
-176,-174,0
175,180,2
183,178,2
2,201,5
-1,203,5
2,204,5
178,-192,3
177,-194,3
-5,199,5
184,189,2
-2,194,5
-4,207,5
177,-168,3
182,-176,3
0,211,5
173,186,2
175,185,2
-182,177,1
182,-183,3
-3,7,4
189,178,2
-2,199,5
-2,213,5
-5,-6,4
5,197,5
2,202,5
-3,-1,4
185,169,2
-189,183,1
184,178,2
-184,-192,0
2,-1,4
177,-175,3
-170,175,1
-181,-183,0
183,-186,3
5,199,5
-184,-180,0
3,9,4
-187,177,1
-177,-188,0
184,-159,3
-168,-180,0
-180,179,1
181,188,2
9,13,4
-186,-177,0
184,176,2
-181,-183,0
179,-176,3
-2,0,4
3,-2,4
180,166,2
-188,-177,0
181,185,2
183,185,2
-175,183,1
1,1,4
178,-165,3
-3,4,4
-7,2,4
174,166,2
185,-186,3
4,-6,4
1,205,5
-195,-176,0
181,-152,3
8,-4,4
-172,178,1
183,-168,3
-181,-175,0
-174,179,1
-3,-3,4
-177,185,1
-2,205,5
-7,196,5
-183,173,1
175,186,2
187,-181,3
179,-178,3
-174,178,1
175,190,2
187,192,2
-184,-173,0
0,-2,4
-10,8,4
175,179,2
-181,178,1
-178,180,1
-178,184,1
-2,193,5
-192,-183,0
-171,187,1
5,1,4
4,205,5
185,-181,3
-1,204,5
-191,176,1
186,164,2
186,181,2
-185,181,1
2,202,5
-184,182,1
-8,11,4
174,-178,3
-180,177,1
0,203,5
182,182,2
5,13,4
180,-166,3
184,168,2
172,172,2
-190,-175,0
-173,185,1
-180,182,1
-178,-178,0
180,166,2
181,-176,3
183,187,2
-181,187,1
4,1,4
179,-172,3
-176,-174,0
177,-184,3
-167,-180,0
0,199,5
-177,179,1
-185,178,1
-5,199,5
-172,-175,0
-181,179,1
-187,176,1
-179,182,1
168,-176,3
183,-173,3
180,-175,3
185,163,2
173,171,2
176,175,2
166,165,2
3,-5,4
184,-184,3
-180,181,1
-183,-182,0
5,-2,4
176,175,2
-180,182,1
0,190,5
-183,-187,0
-166,182,1
-178,175,1
0,5,4
-180,177,1
-181,177,1
-180,177,1
-182,181,1
182,180,2
3,-1,4
-171,-178,0
181,-185,3
178,-176,3
-3,-4,4
177,-169,3
175,188,2
5,0,4
-184,182,1
-184,177,1
-163,-180,0
173,-176,3
-168,-179,0
3,4,4
177,189,2
-181,178,1
-178,-177,0
-163,-170,0
-186,177,1
181,-187,3
-181,-184,0
183,-177,3
170,171,2
179,162,2
-9,194,5
181,186,2
186,-179,3
-181,-189,0
-181,181,1
-4,4,4
-2,198,5
179,-174,3
-183,-176,0
2,-6,4
-174,178,1
177,191,2
183,-169,3
180,167,2
183,-170,3
175,-188,3
176,188,2
-176,182,1
-167,178,1
-179,-173,0
3,200,5
6,202,5
180,162,2
176,165,2
178,-179,3
-178,176,1
-171,-177,0
-2,200,5
-7,-3,4
-180,188,1
-5,203,5
6,-1,4
-187,180,1
175,190,2
7,203,5
-178,-170,0
-182,183,1
184,-177,3
-188,-172,0
185,187,2
0,202,5
184,-176,3
-181,-182,0
180,-170,3
180,-182,3
-1,193,5
-173,-183,0
182,-174,3
-2,208,5
-178,-176,0
-180,188,1
-182,181,1
-161,-180,0
172,176,2
180,-199,3
6,205,5
1,2,4
-7,2,4
189,172,2
178,-175,3
175,-176,3
-176,185,1
1,-2,4
3,-6,4
-173,-179,0
-177,-173,0
-172,178,1
-172,-191,0
-11,196,5
8,188,5
178,182,2
184,-180,3
3,2,4
-4,191,5
-4,202,5
4,196,5
-176,-172,0
-179,-176,0
179,-179,3
-11,0,4
2,-1,4
173,-176,3
-180,-184,0
183,-188,3
-2,203,5
-184,175,1
180,-183,3
-2,202,5
177,-192,3
4,-7,4
182,-183,3
-184,178,1
-175,-179,0
0,202,5
-8,204,5
182,-183,3
5,207,5
185,164,2
-6,-2,4
-182,-186,0
0,1,4
-2,216,5
-160,-176,0
185,173,2
184,-177,3
-180,183,1
-180,-180,0
183,-182,3
-12,9,4
193,178,2
-177,-183,0
-166,183,1
-177,176,1
-7,204,5
-168,-180,0
-1,7,4
-195,-186,0
181,167,2
-1,198,5
179,-176,3
-10,-3,4
180,-176,3
-3,0,4
181,-179,3
185,184,2
6,8,4
-172,184,1
-1,4,4
-177,183,1
-170,-164,0
-10,-8,4
-183,184,1
-13,6,4
3,202,5
-175,179,1
0,206,5
-1,196,5
-156,-175,0
-180,-172,0
5,0,4
-180,175,1
0,201,5
178,-160,3
-178,-177,0
-182,-177,0
-2,-4,4
-2,202,5
6,-2,4
182,-186,3
-172,-178,0
-181,182,1
4,197,5
-2,3,4
188,199,2
-188,178,1
178,186,2
188,-166,3
-181,177,1
-7,199,5
176,174,2
-180,-178,0
3,197,5
-177,182,1
0,205,5
-181,-179,0
1,205,5
-189,179,1
-178,180,1
178,192,2
-184,-178,0
4,202,5
177,-182,3
172,-180,3
-191,-175,0
182,-174,3
-173,-192,0
-1,8,4
-13,-2,4
-8,4,4
175,177,2
-181,189,1
180,-165,3
5,198,5
3,200,5
-3,198,5
10,197,5
178,184,2
-3,198,5
-3,-3,4
188,194,2
3,-4,4
4,-1,4
-167,-183,0
-186,177,1
-168,-187,0
-190,180,1
174,-180,3
0,201,5
174,-174,3
-183,179,1
184,-171,3
180,178,2
179,-174,3
-174,-179,0
-176,-179,0
-4,-9,4
-176,172,1
-166,-184,0
171,-196,3
180,-162,3
182,-191,3
-167,-177,0
190,175,2
-179,-182,0
-199,-181,0
-9,200,5
-187,177,1
-169,-187,0
180,-184,3
-3,1,4
199,170,2
178,-179,3
2,206,5
-2,-3,4
-3,-2,4
-198,-177,0
-173,-172,0
184,-169,3
-3,199,5
183,-174,3
-182,-189,0
2,-1,4
-7,196,5
-191,177,1
-181,183,1
-3,198,5
-179,-174,0
14,185,5
182,183,2
-5,-3,4
4,204,5
-7,202,5
-180,179,1
0,206,5
174,-180,3
184,185,2
3,4,4
181,-181,3
1,199,5
180,178,2
-1,4,4
2,-4,4
175,-160,3
175,-179,3
-2,-3,4
-181,174,1
-181,178,1
-6,196,5
182,-185,3
179,185,2
180,-163,3
178,-191,3
-179,-187,0
169,173,2
174,170,2
-172,185,1
177,-179,3
-3,192,5
-175,177,1
176,185,2
178,175,2
-179,184,1
181,-191,3
4,198,5
3,-2,4
-182,-175,0
-154,-191,0
-1,204,5
-2,199,5
-6,-4,4
183,-162,3
4,-8,4
178,-182,3
189,189,2
179,170,2
182,170,2
179,-162,3
180,-188,3
-5,205,5
-164,-173,0
183,-173,3
3,202,5
175,-167,3
-182,180,1
-171,-182,0
-181,183,1
-173,-177,0
0,199,5
-5,196,5
180,178,2
-189,-175,0
180,175,2
189,206,2
-3,188,5
-4,1,4
-185,-184,0
-173,178,1
-3,198,5
-187,176,1
-3,192,5
6,1,4
-179,179,1
-2,2,4
183,-187,3
-182,178,1
185,-185,3
188,-176,3
179,173,2
186,-186,3
181,-168,3
186,205,2
-187,183,1
-193,-177,0
0,200,5
174,170,2
-7,200,5
174,180,2
184,-180,3
0,192,5
-3,-6,4
176,-171,3
-180,182,1
0,201,5
-179,183,1
-182,-184,0
182,-165,3
178,177,2
-3,1,4
-181,-178,0
2,1,4
1,204,5
180,-185,3
6,-6,4
-184,184,1
188,154,2
-172,-179,0
-184,181,1
182,188,2
-172,-181,0
-175,-188,0
1,199,5
-185,174,1
186,-181,3
7,-6,4
-190,180,1
-174,172,1
-186,177,1
183,-151,3
-185,-182,0
174,-172,3
181,171,2
3,198,5
179,-177,3
174,-182,3
4,4,4
-167,-179,0
-177,187,1
180,-185,3
-188,-182,0
-188,-178,0
176,189,2
179,-167,3
-181,174,1
-178,181,1
182,182,2
183,-190,3
-167,-185,0
-178,184,1
182,-153,3
3,-10,4
4,0,4
2,-4,4
-5,-1,4
183,-179,3
-180,180,1
174,-180,3
176,-187,3
190,206,2
5,-7,4
-178,177,1
188,182,2
185,172,2
194,178,2
0,211,5
-4,3,4
-12,196,5
-1,194,5
-6,2,4
-175,177,1
-10,201,5
-6,209,5
-186,-184,0
182,181,2
179,180,2
172,191,2
-181,179,1
-184,-182,0
-175,-173,0
-191,-176,0
5,7,4
-192,181,1
-5,200,5
173,-178,3
184,173,2
1,2,4
-2,2,4
0,-4,4
2,0,4
-170,174,1
-189,175,1
-1,202,5
-10,192,5
-2,0,4
-4,7,4
-184,179,1
6,208,5
-9,-2,4
179,-183,3
183,-185,3
174,179,2
-187,175,1
-2,2,4
184,198,2
-171,184,1
7,201,5
-4,-8,4
182,175,2
183,-186,3
5,-5,4
182,-185,3
178,-184,3
181,-166,3
178,205,2
-183,-181,0
182,179,2
1,202,5
-179,184,1
-181,188,1
170,179,2
180,-183,3
5,-5,4
2,196,5
-187,-182,0
10,202,5
173,172,2
8,-5,4
182,179,2
-10,-1,4
173,-175,3
193,183,2
0,200,5
-6,10,4
6,203,5
8,198,5
-183,-176,0
-177,175,1
2,195,5
-177,182,1
175,-184,3
-181,-186,0
8,200,5
5,-5,4
182,-189,3
-2,8,4
-1,206,5
1,-4,4
-4,205,5
-182,179,1
3,-12,4
0,4,4
-11,2,4
-185,-183,0
-181,-183,0
180,-164,3
-187,-180,0
174,-180,3
-174,-184,0
-184,188,1
181,-168,3
-10,191,5
-181,178,1
177,163,2
-189,178,1
8,204,5
-164,-186,0
172,-177,3
185,-181,3
-183,-174,0
184,-172,3
-183,186,1
-2,197,5
-186,-175,0
185,168,2
181,-167,3
176,-184,3
184,187,2
8,205,5
-177,182,1
182,198,2
184,-178,3
5,-1,4
176,-183,3
-170,180,1
-181,193,1
-181,178,1
5,196,5
186,-189,3
178,-182,3
-184,-174,0
1,207,5
174,185,2
172,-160,3
-5,-9,4
-188,182,1
178,-186,3
1,10,4
-183,-179,0
188,169,2
180,-195,3
-198,-181,0
174,193,2
-178,180,1
12,-7,4
185,-160,3
-11,199,5
175,173,2
177,-164,3
-2,203,5
182,201,2
-177,178,1
-1,206,5
189,-186,3
180,188,2
4,193,5
-177,-178,0
183,-173,3
-1,200,5
7,-4,4
10,7,4
-182,-177,0
185,-175,3
-170,-170,0
0,-5,4
-171,179,1
179,183,2
-192,-184,0
-178,175,1
186,-178,3
0,193,5
-191,-183,0
-5,191,5
-178,180,1
0,203,5
-173,176,1
-184,181,1
-10,192,5
178,190,2
-6,206,5
1,199,5
-167,-181,0
-179,-181,0
177,-161,3
-155,-183,0
-6,-10,4
183,-165,3
182,-184,3
-175,184,1
-2,213,5
187,179,2
-5,195,5
-13,202,5
2,-1,4
-1,0,4
1,199,5
-177,-175,0
-190,-180,0
177,180,2
-3,192,5
-182,174,1
-182,182,1
176,-180,3
3,196,5
-1,7,4
185,-185,3
-158,-176,0
176,183,2
182,-168,3
-191,-179,0
-172,-181,0
-176,178,1
174,-185,3
185,193,2
-194,-182,0
181,181,2
180,186,2
-192,-178,0
-5,2,4
182,187,2
8,201,5
179,-188,3
175,184,2
-177,-173,0
-5,-2,4
180,-190,3
-179,181,1
-200,-178,0
-7,10,4
-180,-177,0
-4,195,5
172,173,2
-187,-177,0
-5,-2,4
-6,-4,4
-4,197,5
-174,177,1
-180,177,1
0,6,4
175,181,2
-175,-176,0
178,187,2
-192,-181,0
178,-176,3
8,1,4
-180,-186,0
-172,175,1
8,189,5
5,3,4
-187,176,1
3,1,4
-5,0,4
-161,-180,0
-8,207,5
-166,181,1
178,-201,3
-4,1,4
-181,185,1
0,195,5
-180,178,1
179,-177,3
-179,180,1
175,170,2
183,-168,3
-176,185,1
1,-7,4
-189,183,1
-7,0,4
-179,178,1
-176,182,1
-187,183,1
-171,-187,0
5,-9,4
-188,182,1
-163,-178,0
178,-175,3
176,-172,3
178,183,2
183,-178,3
-1,197,5
-1,207,5
174,173,2
174,-168,3
0,203,5
180,-196,3
-175,-177,0
188,176,2
182,-179,3
179,-157,3
-178,179,1
-181,190,1
-2,191,5
184,-186,3
179,-201,3
185,-189,3
182,-171,3
180,190,2
185,184,2
3,194,5
-10,195,5
-9,8,4
-185,-172,0
-176,-171,0
179,174,2
-3,6,4
173,170,2
6,202,5
-175,168,1
-182,-182,0
186,-193,3
175,-172,3
6,-6,4
0,-6,4
-179,178,1
-179,172,1
3,197,5
3,203,5
-178,-178,0
177,195,2
-169,-179,0
-170,-175,0
179,198,2
-5,-7,4
172,187,2
-3,200,5
178,-180,3
0,208,5
175,-193,3
169,186,2
5,206,5
-5,-2,4
180,-167,3
180,-180,3
-161,-179,0
186,-172,3
174,189,2
-180,173,1
-181,179,1
-180,183,1
174,-172,3
183,175,2
181,-169,3
-3,-3,4
0,198,5
-3,-8,4
-173,-185,0
-181,184,1
1,-7,4
-199,-177,0
173,-187,3
-189,-180,0
-176,181,1
-5,1,4
-183,-178,0
170,175,2
-3,194,5
185,-168,3
-191,-187,0
-5,202,5
179,-193,3
176,-189,3
-180,186,1
184,-193,3
181,-185,3
1,203,5
175,-200,3
180,198,2
-1,-3,4
2,200,5
-185,182,1
-184,180,1
-180,179,1
175,-202,3
185,-169,3
188,-182,3
178,-179,3
2,198,5
182,-177,3
181,176,2
-180,186,1
183,-163,3
181,199,2
-178,-180,0
0,205,5
-173,-173,0
-189,174,1
-174,-167,0
-177,-177,0
179,-174,3
188,172,2
184,176,2
180,-193,3
180,-179,3
-180,-176,0
187,-165,3
-189,174,1
180,-184,3
176,-190,3
179,165,2
-175,-182,0
179,176,2
-9,197,5
183,-164,3
-172,-182,0
2,202,5
-195,-177,0
184,186,2
-9,201,5
-172,183,1
-175,-176,0
-4,203,5
-175,171,1
-186,179,1
181,-172,3
-173,-176,0
-179,183,1
-176,-183,0
-168,-179,0
2,200,5
-176,-177,0
178,185,2
189,-179,3
169,183,2
-2,2,4
-5,-1,4
-2,-6,4
-185,-182,0
189,190,2
178,193,2
171,175,2
185,-189,3
186,-187,3
-200,-182,0
181,177,2
1,0,4
3,6,4
-182,182,1
-184,179,1
-183,-185,0
0,204,5
7,214,5
1,194,5
7,-4,4
-167,-184,0
-2,196,5
174,173,2
181,187,2
-180,-175,0
190,177,2
181,193,2
190,176,2
177,188,2
173,-166,3
-1,196,5
-169,176,1
1,1,4
-182,-174,0
176,172,2
184,188,2
181,165,2
-188,-173,0
-1,2,4
181,-166,3
-2,198,5
-176,172,1
0,205,5
182,182,2
177,-197,3
179,-186,3
188,175,2
173,191,2
-159,-186,0
-4,-7,4
-182,-180,0
-196,-182,0
2,-5,4
-1,2,4
-170,-182,0
-1,195,5
-168,-196,0
-180,178,1
177,-167,3
-4,9,4
-183,-178,0
-175,-181,0
0,5,4
-186,184,1
181,181,2
2,3,4
-186,-180,0
183,-175,3
174,-192,3
-178,-179,0
-181,178,1
184,169,2
0,209,5
-184,180,1
-194,180,1
7,203,5
-185,-187,0
3,2,4
-181,-181,0
8,217,5
-184,179,1
2,2,4
179,-156,3
-186,179,1
176,181,2
2,0,4
-206,-176,0
3,215,5
178,-192,3
1,197,5
9,199,5
179,189,2
-175,-184,0
178,-183,3
-187,-174,0
-181,-177,0
8,0,4
175,-198,3
189,165,2
-184,-184,0
-178,-181,0
0,199,5
-175,177,1
0,212,5
184,187,2
-176,176,1
183,173,2
2,6,4
185,-169,3
191,-174,3
2,196,5
-185,-175,0
3,-6,4
-175,-181,0
-185,-180,0
-184,177,1
172,178,2
-183,190,1
-2,3,4
181,-181,3
178,-172,3
-181,-181,0
-190,182,1
0,3,4
-190,-181,0
178,174,2
180,-185,3
5,206,5
-189,-181,0
-189,-172,0
178,176,2
-180,183,1
6,4,4
-10,192,5
-186,185,1
-187,182,1
6,4,4
-8,1,4
-177,182,1
175,-164,3
-171,-179,0
174,178,2
177,192,2
177,180,2
-4,200,5
7,198,5
-191,-178,0
-184,-186,0
3,2,4
-189,-175,0
175,182,2
187,164,2
-3,-3,4
-163,-180,0
1,198,5
183,-157,3
-7,5,4
-1,195,5
0,209,5
175,183,2
-182,182,1
-187,-182,0
184,179,2
0,194,5
179,153,2
-180,176,1
-175,180,1
-5,201,5
0,0,4
178,-178,3
184,-186,3
181,-160,3
1,1,4
176,200,2
180,192,2
-184,180,1
182,187,2
-171,-177,0
-183,180,1
4,4,4
-3,194,5
3,205,5
1,-2,4
6,192,5
7,203,5
3,206,5
177,-185,3
174,160,2
5,-3,4
-177,-179,0
178,176,2
1,-3,4
181,187,2
179,-192,3
-177,-171,0
-178,182,1
6,199,5
-191,-174,0
4,1,4
-181,-177,0
-174,-175,0
193,180,2
-181,181,1
-183,181,1
-183,-177,0
-176,177,1
-176,172,1
-183,182,1
-180,176,1
184,171,2
4,2,4
4,204,5
179,-191,3
-176,177,1
178,168,2
-175,171,1
5,200,5
-1,208,5
7,198,5
-1,2,4
3,195,5
-1,-1,4
175,185,2
6,204,5
178,-187,3
174,180,2
-5,0,4
-184,-182,0
-172,186,1
5,-1,4
4,209,5
0,199,5
-5,-2,4
183,178,2
176,-189,3
185,165,2
185,175,2
0,3,4
-186,-182,0
-177,-180,0
186,-172,3
-4,3,4
173,-172,3
-179,-184,0
3,206,5
187,180,2
179,-184,3
186,167,2
-6,2,4
169,-195,3
178,171,2
3,203,5
-4,199,5
-175,182,1
-182,183,1
-182,178,1
179,154,2
183,183,2
-2,209,5
-170,183,1
182,176,2
-181,-168,0
2,194,5
-6,9,4
0,198,5
178,-176,3
-7,200,5
181,185,2
-5,0,4
-6,-4,4
-6,4,4
-8,197,5
-173,186,1
-183,-175,0
186,180,2
0,195,5
-179,179,1
3,0,4
6,-12,4
1,201,5
4,191,5
3,199,5
3,195,5
187,-181,3
5,-11,4
185,-187,3
-194,-178,0
-180,182,1
9,195,5
-5,196,5
-180,-184,0
187,-186,3
183,186,2
-179,173,1
173,-170,3
-172,182,1
183,180,2
-174,180,1
4,-1,4
-188,-183,0
-185,-181,0
-187,185,1
-1,0,4
4,-2,4
-3,-2,4
-1,-1,4
-1,199,5
-179,-183,0
-174,175,1
2,-12,4
-177,176,1
185,168,2
-3,202,5
5,1,4
180,174,2
-175,183,1
175,175,2
-193,-177,0
2,202,5
-8,200,5
-173,179,1
-197,-181,0
-3,2,4
-182,-183,0
-173,181,1
4,197,5
-186,183,1
180,174,2
11,0,4
2,203,5
181,-181,3
-195,-182,0
-5,2,4
-174,178,1
184,177,2
-6,193,5
-5,-10,4
186,-187,3
5,194,5
182,190,2
-166,182,1
179,-154,3
-173,178,1
-166,-179,0
4,194,5
179,-184,3
3,200,5
-4,5,4
-180,-178,0
180,176,2
-181,182,1
-11,206,5
-180,-186,0
-179,178,1
-197,-188,0
-10,4,4
-9,2,4
12,-4,4
182,-191,3
-7,5,4
179,186,2
182,-172,3
-2,202,5
-2,-9,4
186,188,2
168,168,2
-4,202,5
-177,-180,0
-186,183,1
-168,-185,0
-8,200,5
1,4,4
4,-2,4
-175,173,1
-177,-177,0
-182,185,1
184,191,2
0,0,4
-6,1,4
184,186,2
-175,184,1
177,185,2
-2,1,4
186,174,2
-180,-180,0
176,179,2
-6,201,5
-178,179,1
-6,194,5
-183,186,1
180,-160,3
175,-187,3
-185,181,1
-5,-1,4
-3,207,5
-1,4,4
-171,-175,0
177,173,2
-175,-187,0
4,3,4
180,184,2
-3,-4,4
177,177,2
-174,181,1
176,-179,3
-181,181,1
0,9,4
4,-4,4
183,-190,3
4,199,5
181,184,2
-3,0,4
0,1,4
182,-178,3
184,177,2
173,175,2
-172,173,1
178,179,2
-172,179,1
172,190,2
184,-171,3
184,-187,3
-5,197,5
-179,172,1
183,-179,3
-171,181,1
177,-177,3
-172,175,1
-193,-181,0
-3,3,4
182,-196,3
6,195,5
183,-176,3
2,2,4
-184,180,1
191,191,2
183,182,2
180,189,2
182,-179,3
6,-10,4
3,8,4
184,183,2
-2,203,5
187,-177,3
-172,173,1
0,3,4
-174,-177,0
178,178,2
180,-174,3
6,199,5
-5,194,5
-5,202,5
169,182,2
-2,7,4
180,171,2
192,170,2
-9,-2,4
-180,179,1
0,196,5
177,174,2
2,-8,4
178,184,2
-6,193,5
-5,204,5
8,0,4
8,198,5
-168,177,1
176,169,2
179,-161,3
-185,180,1
178,190,2
-6,198,5
182,171,2
-189,174,1
176,181,2
174,-182,3
-173,179,1
180,-175,3
-169,-179,0
-1,199,5
-3,199,5
-201,-178,0
181,-189,3
5,-1,4
179,-175,3
4,193,5
-3,197,5
3,-1,4
-9,200,5
171,-184,3
-171,-183,0
172,189,2
-166,-179,0
-161,-180,0
-9,191,5
-169,184,1
185,169,2
-2,194,5
180,171,2
-187,-171,0
-189,-177,0
1,189,5
-177,-171,0
181,180,2
182,-174,3
-180,180,1
176,-192,3
174,195,2
182,185,2
182,-190,3
-165,-183,0
-183,174,1
-186,-182,0
185,184,2
-161,-183,0
-179,-183,0
-193,-179,0
4,199,5
182,-197,3
-187,-183,0
-6,207,5
175,-178,3
-180,178,1
176,-174,3
-7,205,5
184,199,2
-4,217,5
1,3,4
-181,-178,0
174,-192,3
-179,174,1
0,207,5
-181,-181,0
-5,-2,4
-189,-172,0
-185,179,1
-180,-181,0
-3,196,5
176,-172,3
-187,179,1
185,185,2
9,205,5
182,178,2
180,163,2
172,-196,3
187,184,2
-175,176,1
8,-1,4
-2,192,5
-182,173,1
-172,-176,0
8,198,5
182,-175,3
177,170,2
-179,178,1
-9,-10,4
-4,202,5
6,11,4
-177,173,1
-179,185,1
1,2,4
-170,180,1
-192,180,1
2,203,5
5,5,4
-155,-181,0
177,170,2
181,-175,3
-2,4,4
-183,-181,0
172,-186,3
-174,-182,0
173,178,2
182,174,2
-175,-178,0
188,180,2
4,200,5
176,-179,3
7,206,5
-186,185,1
-179,183,1
179,-191,3
-175,-185,0
5,199,5
180,185,2
-179,-171,0
-190,180,1
-177,-189,0
-3,-5,4
-3,201,5
0,-1,4
180,-167,3
181,-174,3
187,192,2
183,-182,3
189,182,2
169,-186,3
-4,6,4
-9,204,5
7,3,4
182,-180,3
190,183,2
192,180,2
-167,-186,0
-4,4,4
174,-195,3
184,-196,3
-174,-187,0
-172,-185,0
-5,201,5
-179,-182,0
179,-182,3
-178,187,1
-210,-177,0
-177,179,1
-186,-175,0
-177,180,1
5,6,4
176,-179,3
-170,-177,0
5,3,4
-175,184,1
4,195,5
180,-177,3
0,3,4
-5,-7,4
176,188,2
0,197,5
179,186,2
186,189,2
-179,176,1
-179,184,1
183,-190,3
1,-6,4
1,198,5
178,-171,3
-187,179,1
-193,-181,0
-187,178,1
-6,7,4
-182,-185,0
-187,-182,0
-1,6,4
185,-198,3
-193,-182,0
-189,-179,0
177,187,2
-182,-178,0
11,8,4
185,-159,3
184,-174,3
177,169,2
179,-161,3
180,180,2
-8,-1,4
-174,179,1
-186,185,1
1,10,4
-187,177,1
178,198,2
172,177,2
4,195,5
176,-162,3
178,-171,3
-185,174,1
1,199,5
5,-14,4
181,166,2
-173,-184,0
184,176,2
-179,-179,0
-3,3,4
-185,183,1
-2,0,4
-4,-2,4
2,196,5
1,-2,4
-12,196,5
-181,176,1
-193,-185,0
178,-181,3
-181,-187,0
-1,208,5
-165,-179,0
187,-181,3
-182,178,1
-4,205,5
-1,2,4
-186,-176,0
-2,202,5
-170,-186,0
-178,-183,0
-179,178,1
-3,202,5
2,190,5
-182,-178,0
184,172,2
-177,182,1
2,5,4
181,190,2
181,177,2
179,-193,3
-6,198,5
175,157,2
-186,-175,0
-174,-177,0
-5,3,4
7,200,5
5,196,5
10,192,5
-2,197,5
-4,0,4
-2,196,5
190,-176,3
0,198,5
180,157,2
183,198,2
-180,177,1
6,200,5
-173,-185,0
176,180,2
-181,-177,0
-6,9,4
-179,177,1
3,1,4
176,-189,3
9,-1,4
-203,-178,0
-7,203,5
148,7,4
-175,188,1
183,-184,3
0,4,4
-177,-211,0
-169,-177,0
178,-183,3
10,6,4
180,-181,3
10,199,5
-176,181,1
-183,186,1
-180,174,1
185,175,2
-181,185,1
2,189,5
5,-4,4
-6,-11,4
-175,-178,0
-6,195,5
5,192,5
-174,186,1
175,-187,3
171,181,2
-181,-180,0
178,-163,3
4,-1,4
178,-173,3
-180,177,1
-180,-177,0
-3,3,4
-168,-178,0
182,-172,3
-2,-4,4
3,-6,4
3,193,5
9,2,4
-179,-180,0
182,-177,3
5,197,5
-174,174,1
-176,-180,0
-183,-181,0
174,-178,3
-171,178,1
-4,4,4
-192,-188,0
-187,179,1
-2,-8,4
179,-178,3
-175,176,1
2,197,5
-9,200,5
-190,184,1
-2,-4,4
9,-5,4
-182,185,1
181,167,2
-193,-179,0
179,-172,3
-184,-185,0
-175,-184,0
-182,-183,0
6,0,4
-6,-1,4
-199,-176,0
-188,-172,0
-183,-176,0
179,177,2
-182,179,1
-182,-180,0
10,-8,4
9,3,4
2,199,5
-183,179,1
-187,178,1
-185,178,1
-13,199,5
-6,-13,4
1,199,5
-5,7,4
0,200,5
184,-187,3
9,200,5
-179,179,1
185,184,2
-179,179,1
-6,207,5
-4,6,4
182,169,2
-179,-177,0
4,-8,4
4,-4,4
-2,202,5
-186,176,1
181,181,2
175,194,2
-177,181,1
179,-181,3
2,4,4
173,-171,3
193,182,2
-1,5,4
-5,-1,4
182,-178,3
-178,-187,0
180,191,2
188,175,2
181,168,2
-6,202,5
175,-181,3
-1,200,5
-1,203,5
-185,180,1
8,-11,4
-2,1,4
178,-185,3
-188,-173,0
179,-178,3
5,-4,4
2,12,4
174,182,2
-176,186,1
183,-182,3
-178,182,1
-2,209,5
3,199,5
-182,180,1
5,211,5
179,-165,3
-2,-2,4
-178,176,1
-176,184,1
5,192,5
177,179,2
-182,180,1
177,-198,3
3,204,5
0,203,5
-191,-172,0
0,3,4
-196,-185,0
179,203,2
-185,182,1
-4,0,4
-174,-178,0
-3,-2,4
-168,-175,0
174,171,2
3,-2,4
-182,-181,0
181,189,2
177,-185,3
0,-3,4
-178,180,1
-177,185,1
-4,9,4
189,173,2
180,190,2
-176,178,1
-177,-178,0
-180,-187,0
7,200,5
173,-197,3
-6,1,4
183,-181,3
171,189,2
4,-4,4
-2,5,4
-8,201,5
-181,181,1
6,-6,4
-187,183,1
5,194,5
176,-207,3
-1,195,5
184,183,2
1,200,5
181,-168,3
2,207,5
-182,179,1
184,185,2
-2,209,5
-185,182,1
182,-174,3
184,199,2
176,-171,3
181,-181,3
178,179,2
181,170,2
180,178,2
-2,203,5
186,176,2
185,-171,3
-3,0,4
-173,-171,0
185,184,2
-186,-182,0
-169,-177,0
-166,-180,0
173,-183,3
-178,185,1
-185,181,1
-183,-176,0
185,187,2
172,179,2
-192,-173,0
-4,193,5
-2,199,5
-180,-173,0
-5,-4,4
182,180,2
1,194,5
178,159,2
186,188,2
186,174,2
178,-174,3
-191,-179,0
-1,-4,4
3,200,5
2,4,4
177,163,2
-178,183,1
169,188,2
179,175,2
-168,187,1
-177,179,1
-3,196,5
-174,176,1
186,-176,3
-6,201,5
179,-193,3
-197,-198,0
182,177,2
-184,180,1
180,-183,3
-178,179,1
175,-178,3
171,189,2
182,-184,3
172,186,2
-171,182,1
-2,195,5
1,-4,4
5,209,5
-185,-189,0
178,185,2
2,3,4
-8,196,5
-178,-174,0
-168,-184,0
4,213,5
-4,1,4
180,-179,3
173,-183,3
178,-183,3
179,182,2
191,184,2
-169,-173,0
-177,179,1
-5,2,4
175,-171,3
183,167,2
-182,-181,0
-3,1,4
-2,201,5
-7,195,5
-182,178,1
-6,7,4
-188,-179,0
-178,-191,0
0,2,4
5,-4,4
171,180,2
-180,179,1
1,210,5
181,186,2
2,206,5
-1,-2,4
173,191,2
180,195,2
-7,-2,4
-179,-180,0
6,207,5
177,-187,3
0,196,5
-177,182,1
179,181,2
-185,182,1
173,190,2
184,186,2
4,198,5
178,-190,3
8,205,5
-6,206,5
181,-168,3
-180,183,1
2,198,5
-10,3,4
2,203,5
-1,10,4
-180,186,1
-192,181,1
-6,195,5
-156,-188,0
-177,-186,0
185,180,2
185,-184,3
185,-189,3
2,199,5
1,0,4
-184,180,1
7,2,4
181,-171,3
0,199,5
3,-1,4
181,173,2
-2,196,5
179,-166,3
179,-182,3
-1,199,5
181,183,2
3,-5,4
-3,201,5
-172,-180,0
1,-11,4
-183,179,1
-173,-180,0
170,186,2
179,183,2
183,174,2
-176,-176,0
-185,184,1
-177,182,1
-195,-184,0
181,-191,3
-207,-176,0
-173,184,1
4,0,4
0,196,5
-3,199,5
184,181,2
1,208,5
183,170,2
-177,-178,0
-175,176,1
-6,6,4
178,-196,3
-16,210,5
-2,198,5
1,188,5
177,-179,3
-1,0,4
9,1,4
181,171,2
2,0,4
183,-184,3
-181,186,1
2,5,4
181,-165,3
180,-176,3
-187,185,1
-178,172,1
-185,-177,0
-179,179,1
185,173,2
-176,-177,0
5,-1,4
-3,200,5
-174,-180,0
169,-167,3
-184,178,1
6,-9,4
-167,-180,0
172,-193,3
-175,183,1
2,10,4
-172,-182,0
181,191,2
-181,-176,0
5,195,5
186,-191,3
3,200,5
-10,206,5
0,2,4
179,185,2
-184,-178,0
185,185,2
-184,-178,0
-159,-178,0
6,4,4
-4,-3,4
-175,180,1
193,180,2
2,201,5
-172,-180,0
-173,177,1
-173,-184,0
176,-181,3
-174,-182,0
184,-182,3
6,-3,4
9,0,4
-176,-184,0
-181,179,1
179,175,2
2,191,5
179,169,2
192,-200,3
-173,-191,0
179,-175,3
-179,174,1
4,196,5
175,186,2
9,190,5
-187,176,1
5,196,5
-1,190,5
181,-198,3
-2,2,4
174,173,2
3,-6,4
-1,200,5
-166,-178,0
172,173,2
-178,182,1
180,-189,3
-2,209,5
174,177,2
-183,188,1
-184,-189,0
3,1,4
5,204,5
184,176,2
178,-165,3
-3,-1,4
4,201,5
-178,-172,0
182,-181,3
-174,-185,0
-190,183,1
-2,201,5
174,186,2
10,7,4
2,200,5
181,186,2
-174,170,1
-178,187,1
-2,8,4
-184,-176,0
-2,6,4
-4,-11,4
176,-176,3
182,-168,3
-185,-176,0
2,-3,4
178,162,2
-174,179,1
-1,196,5
-173,-186,0
184,-169,3
-184,172,1
-177,187,1
-188,-179,0
-173,181,1
180,-198,3
-184,179,1
184,176,2
4,-3,4
-180,-188,0
-4,199,5
-7,201,5
-176,184,1
180,-163,3
183,-191,3
187,-200,3
173,171,2
179,182,2
192,-192,3
-181,-177,0
4,-2,4
-179,188,1
4,195,5
-174,182,1
-3,197,5
4,200,5
179,174,2
-169,-179,0
-180,176,1
186,-204,3
176,165,2
172,163,2
-9,200,5
1,12,4
180,167,2
5,0,4
6,203,5
-171,-172,0
1,197,5
-174,-181,0
3,199,5
-192,-185,0
0,199,5
177,169,2
-3,195,5
185,-199,3
-189,-180,0
-174,-184,0
174,194,2
187,-179,3
1,1,4
179,-188,3
-4,9,4
177,-180,3
-181,174,1
178,-174,3
-187,-183,0
-183,176,1
7,-7,4
8,201,5
-4,191,5
-173,189,1
16,-2,4
175,-189,3
-189,-173,0
178,-167,3
4,202,5
181,-182,3
-3,4,4
183,188,2
-176,-181,0
0,-4,4
-2,-1,4
170,-187,3
-4,2,4
189,180,2
-185,-179,0
-7,-8,4
-185,172,1
-176,177,1
178,-189,3
5,-150,5
8,7,4
182,-196,3
4,7,4
-179,179,1
-1,2,4
182,-184,3
-190,-183,0
5,194,5
-179,177,1
-174,176,1
0,203,5
186,173,2
-3,-8,4
183,-179,3
4,-2,4
12,186,5
-184,181,1
-170,-175,0
179,183,2
-1,10,4
-188,-173,0
-2,193,5
-206,-177,0
181,178,2
-4,-12,4
2,5,4
186,175,2
182,201,2
180,-179,3
2,-7,4
0,5,4
-172,-181,0
182,-174,3
-4,195,5
-184,179,1
181,-185,3
-184,-183,0
4,206,5
-1,-4,4
-178,-180,0
-174,174,1
-12,-3,4
174,-181,3
180,-172,3
181,-162,3
-3,205,5
2,197,5
-189,182,1
-179,-181,0
7,197,5
3,197,5
0,205,5
6,-5,4
183,-174,3
-187,176,1
4,202,5
-172,184,1
174,168,2
-182,181,1
0,0,4
178,198,2
-175,179,1
176,-178,3
-2,-6,4
1,0,4
-174,184,1
-179,188,1
178,-191,3
181,179,2
182,197,2
178,167,2
-182,-179,0
3,3,4
179,-183,3
-161,-167,0
5,-1,4
1,4,4
179,191,2
-1,200,5
2,-6,4
-179,-174,0
-185,190,1
185,-188,3
-2,198,5
-159,-179,0
186,-187,3
178,-191,3
3,197,5
-6,-5,4
176,-177,3
0,-5,4
-5,2,4
175,186,2
-3,6,4
-181,-180,0
-170,-182,0
183,-190,3
-197,-188,0
-175,-176,0
174,-169,3
-174,-173,0
6,11,4
-188,175,1
172,182,2
-177,-176,0
2,192,5
-2,9,4
184,160,2
177,181,2
1,206,5
176,-191,3
-2,202,5
0,0,4
6,203,5
179,163,2
3,204,5
-179,-169,0
169,-191,3
-192,-176,0
-177,-175,0
5,204,5
-5,201,5
180,-195,3
-10,7,4
-8,203,5
-180,179,1
4,6,4
174,170,2
-175,-176,0
-177,174,1
-183,184,1
171,167,2
184,-166,3
181,-183,3
178,194,2
179,174,2
-187,174,1
187,190,2
-5,2,4
-174,179,1
-182,182,1
-176,177,1
-2,-3,4
2,206,5
-190,182,1
-182,174,1
169,-183,3
-182,-184,0
3,-3,4
5,-7,4
177,201,2
-175,183,1
0,3,4
176,-198,3
177,183,2
-177,184,1
182,189,2
-181,-180,0
181,-167,3
1,190,5
-169,-190,0
185,-176,3
174,191,2
1,-5,4
-177,-181,0
169,182,2
-194,181,1
-173,-185,0
-6,196,5
-181,187,1
-189,-183,0
-2,202,5
-182,182,1
4,200,5
-169,181,1
188,-170,3
182,194,2
175,-190,3
0,200,5
5,-3,4
-179,184,1
-1,197,5
173,-183,3
180,190,2
1,-3,4
-2,201,5
180,-187,3
-177,-176,0
193,186,2
-183,-171,0
4,196,5
-180,179,1
4,-12,4
178,174,2
183,-183,3
-4,188,5
-180,176,1
2,9,4
173,164,2
-5,195,5
184,-181,3
-2,200,5
5,189,5
-2,195,5
6,-1,4
186,167,2
176,-166,3
174,-180,3
4,198,5
-173,-176,0
4,196,5
-182,181,1
169,-181,3
181,187,2
-171,177,1
-176,-180,0
-175,176,1
-182,183,1
-180,186,1
1,203,5
1,-9,4
3,0,4
-188,-176,0
174,-179,3
185,182,2
183,181,2
-182,175,1
-173,-178,0
3,-6,4
5,191,5
-178,176,1
-11,-8,4
-2,200,5
178,168,2
-189,180,1
-172,-185,0
174,-152,3
183,-170,3
184,-165,3
-176,178,1
-2,-8,4
175,-185,3
-177,-174,0
-1,1,4
181,175,2
-179,184,1
175,-171,3
177,183,2
185,170,2
185,-195,3
184,170,2
-183,177,1
-180,-163,0
-173,181,1
179,-193,3
176,176,2
187,-167,3
179,164,2
-182,177,1
180,-178,3
7,2,4
176,164,2
-182,-177,0
176,-189,3
176,190,2
5,202,5
181,-183,3
6,-1,4
177,-184,3
10,192,5
-187,-181,0
178,189,2
183,166,2
14,4,4
182,-166,3
-182,184,1
2,196,5
180,183,2
4,199,5
-1,206,5
168,179,2
178,174,2
181,-170,3
178,191,2
183,184,2
6,197,5
5,198,5
-168,-186,0
187,196,2
-7,201,5
181,180,2
4,196,5
182,-187,3
180,-195,3
-4,-7,4
-1,200,5
-2,206,5
-168,-175,0
184,182,2
-5,203,5
-188,-181,0
188,-180,3
-8,3,4
176,179,2
178,-180,3
-179,180,1
0,193,5
-178,181,1
177,-167,3
2,2,4
183,167,2
6,-7,4
-3,192,5
-182,-174,0
-180,184,1
10,204,5
-182,-174,0
-179,191,1
190,-175,3
187,183,2
-185,-174,0
4,-6,4
-2,-8,4
-3,-2,4
-173,181,1
-179,182,1
-3,191,5
-3,197,5
-171,185,1
-3,6,4
10,210,5
-185,176,1
-5,4,4
-2,1,4
-174,183,1
178,192,2
0,-1,4
181,-193,3
180,177,2
2,-6,4
-2,-3,4
177,175,2
8,197,5
179,171,2
-160,-185,0
-179,-180,0
-171,-185,0
3,-6,4
5,199,5
-180,-175,0
-1,200,5
185,172,2
175,195,2
175,-181,3
172,-188,3
178,179,2
-173,-171,0
182,-186,3
173,195,2
8,212,5
-178,182,1
-183,-175,0
2,2,4
5,201,5
4,199,5
178,-172,3
-194,-171,0
-186,184,1
187,193,2
-179,180,1
-188,181,1
185,194,2
180,178,2
167,180,2
178,-183,3
-185,-180,0
177,174,2
178,185,2
5,215,5
174,-179,3
179,172,2
184,-184,3
175,174,2
-3,197,5
-185,180,1
-177,-179,0
184,186,2
-178,179,1
-184,-174,0
8,199,5
-178,180,1
-187,-173,0
179,-191,3
187,-177,3
-2,201,5
180,181,2
177,183,2
177,183,2
180,164,2
1,6,4
181,-190,3
180,-184,3
178,-176,3
-195,-177,0
-172,-175,0
177,174,2
185,197,2
-178,-177,0
1,195,5
-187,173,1
-174,-191,0
-178,186,1
177,-183,3
-4,0,4
178,176,2
191,195,2
-174,180,1
178,-186,3
-190,186,1
3,7,4
177,-194,3
-3,202,5
186,-182,3
180,-169,3
-3,204,5
-181,-179,0
182,189,2
-174,171,1
-178,-184,0
2,3,4
179,177,2
-196,-185,0
-176,183,1
-179,-175,0
-11,-6,4
179,-184,3
-3,192,5
180,-178,3
182,-190,3
1,5,4
1,208,5
4,203,5
-4,3,4
0,204,5
-2,204,5
0,200,5
178,169,2
180,-182,3
0,199,5
180,185,2
177,177,2
174,-166,3
180,-178,3
-4,7,4
172,193,2
-175,184,1
180,188,2
184,167,2
179,168,2
-174,174,1
10,6,4
-180,-183,0
0,194,5
-182,-178,0
182,-191,3
171,-165,3
178,-186,3
-3,190,5
0,-2,4
-198,-190,0
-175,-179,0
-178,-174,0
173,184,2
2,201,5
5,9,4
1,-2,4
-2,0,4
-181,181,1
-170,181,1
-181,182,1
6,0,4
-2,5,4
-178,-185,0
-2,-2,4
181,175,2
-183,177,1
2,-9,4
-175,-173,0
-177,-186,0
186,-191,3
181,183,2
0,196,5
-7,199,5
179,-172,3
177,184,2
182,-194,3
-5,-5,4
-184,177,1
-179,175,1
-170,-183,0
1,4,4
178,174,2
1,199,5
-5,-3,4
180,171,2
-8,7,4
176,-181,3
-176,-181,0
182,-179,3
-191,-178,0
187,-190,3
-199,-177,0
172,182,2
-175,-179,0
182,-176,3
177,173,2
183,178,2
-196,-178,0
-2,209,5
181,-189,3
186,173,2
181,-201,3
178,-199,3
-179,-179,0
7,196,5
-198,-183,0
-186,-175,0
1,197,5
-185,-186,0
-207,-184,0
-6,202,5
-188,-181,0
1,194,5
5,203,5
179,185,2
178,182,2
-181,183,1
-1,-2,4
182,185,2
-4,197,5
-181,173,1
-187,178,1
-6,-2,4
-186,-184,0
-186,184,1
-183,-171,0
182,-159,3
-182,185,1
-191,-182,0
-5,13,4
-3,8,4
-182,176,1
-198,-184,0
182,-168,3
11,206,5
178,167,2
3,4,4
-176,-179,0
-174,-182,0
-2,201,5
-178,178,1
-199,-185,0
185,165,2
0,4,4
-176,178,1
184,196,2
-185,186,1
180,-198,3
179,189,2
181,179,2
6,6,4
3,200,5
177,166,2
-186,184,1
183,197,2
-3,199,5
-177,-173,0
-166,-188,0
4,201,5
-4,193,5
8,197,5
180,181,2
-1,197,5
-181,-182,0
-2,206,5
-179,-177,0
-158,-179,0
187,169,2
-180,179,1
175,-183,3
7,-4,4
2,-10,4
-182,180,1
5,-3,4
182,-170,3
5,4,4
-183,186,1
185,204,2
183,-176,3
184,-168,3
-2,-5,4
178,170,2
182,-168,3
-1,204,5
185,-179,3
174,190,2
181,-189,3
174,-179,3
179,-177,3
-4,4,4
4,4,4
-3,1,4
7,-1,4
-168,-173,0
177,162,2
-174,-189,0
-182,-181,0
-173,-182,0
191,181,2
-177,180,1
-181,-182,0
-2,3,4
1,190,5
185,-169,3
4,201,5
-1,198,5
-176,175,1
186,189,2
191,-190,3
-179,-181,0
-2,206,5
-182,-180,0
-182,173,1
184,-172,3
-186,179,1
-171,182,1
183,192,2
-12,203,5
181,-188,3
-179,180,1
-3,7,4
180,-177,3
180,-188,3
4,-2,4
4,197,5
-177,175,1
7,196,5
5,-2,4
13,2,4
2,-2,4
-173,-187,0
-181,178,1
3,8,4
-173,177,1
173,-177,3
5,2,4
-168,-177,0
2,196,5
-176,-181,0
172,-188,3
-183,176,1
183,178,2
2,1,4
179,189,2
-174,-174,0
-184,183,1
180,172,2
179,165,2
-188,186,1
-160,-182,0
15,193,5
-174,-177,0
4,-1,4
-174,-164,0
-7,1,4
-181,186,1
1,-10,4
10,196,5
1,201,5
-178,-178,0
-184,176,1
2,-3,4
-184,181,1
-1,195,5
180,-182,3
182,162,2
-1,10,4
177,-188,3
7,-3,4
188,-176,3
183,-180,3
2,201,5
0,1,4
-171,-179,0
176,-184,3
183,185,2
-182,-179,0
172,177,2
-163,-184,0
-3,203,5
2,205,5
-182,-179,0
-180,-187,0
-169,-180,0
-10,195,5
5,-2,4
183,-188,3
181,191,2
186,186,2
173,179,2
172,-191,3
-2,-6,4
175,181,2
-185,184,1
173,-179,3
180,178,2
1,193,5
-2,4,4
-11,214,5
-182,-184,0
182,-198,3
2,190,5
-1,205,5
0,3,4
182,176,2
-182,175,1
181,179,2
-173,175,1
-186,-185,0
-2,4,4
-5,198,5
1,6,4
177,172,2
-2,-4,4
-2,-4,4
2,198,5
-174,-180,0
-182,182,1
6,-3,4
-8,3,4
180,-167,3
-176,-178,0
173,179,2
-184,-179,0
-3,206,5
-172,182,1
177,190,2
182,-176,3
183,-165,3
1,204,5
182,191,2
3,5,4
176,-186,3
-183,-186,0
-178,183,1
-191,184,1
-181,179,1
181,163,2
179,-190,3
3,5,4
-198,-185,0
-4,-2,4
-181,179,1
-185,181,1
7,207,5
-155,-187,0
-172,-177,0
177,-173,3
-10,196,5
-175,175,1
-5,207,5
182,-169,3
-180,176,1
-193,-182,0
185,182,2
179,-173,3
-187,-187,0
7,195,5
-10,6,4
179,185,2
-189,-178,0
-2,-5,4
184,-182,3
181,-189,3
4,0,4
-184,178,1
174,180,2
-174,-173,0
177,181,2
-169,172,1
-172,-182,0
182,178,2
172,187,2
183,-178,3
-187,177,1
-11,-6,4
1,0,4
182,-180,3
-179,181,1
-3,198,5
176,159,2
1,-8,4
2,194,5
-192,-182,0
174,182,2
-182,179,1
-179,179,1
-184,-182,0
174,157,2
4,199,5
187,172,2
181,177,2
-174,3,1
-1,205,5
175,-191,3
175,181,2
-181,185,1
174,-186,3
172,-190,3
-5,12,4
4,192,5
-184,-186,0
181,187,2
-185,-178,0
2,196,5
6,-5,4
179,-176,3
-4,205,5
1,200,5
177,-186,3
-3,-3,4
-172,-180,0
185,178,2
-178,-179,0
3,202,5
-4,207,5
1,211,5
-178,178,1
-180,182,1
-184,173,1
183,-171,3
-180,183,1
182,177,2
-162,-180,0
-3,197,5
2,-13,4
8,205,5
-2,-2,4
-171,-172,0
178,177,2
1,5,4
179,-174,3
-158,-174,0
-175,186,1
-176,183,1
-6,197,5
178,-172,3
-177,-190,0
6,3,4
186,-175,3
-182,182,1
182,-170,3
6,204,5
-6,199,5
173,178,2
-166,-182,0
178,-169,3
1,202,5
9,2,4
-185,-181,0
178,151,2
178,-173,3
5,7,4
-188,183,1
-176,-182,0
-2,0,4
180,-191,3
-180,179,1
-180,182,1
188,171,2
14,0,4
-4,-1,4
-11,207,5
-6,1,4
-9,5,4
-173,180,1
182,184,2
3,193,5
-8,205,5
-4,-4,4
-162,-175,0
-170,-174,0
-185,183,1
180,-183,3
-175,181,1
8,7,4
-180,-181,0
178,181,2
-179,-183,0
-163,-185,0
175,182,2
179,-191,3
-198,-182,0
-198,-181,0
-188,181,1
185,-189,3
-186,178,1
9,-4,4
1,-4,4
-185,182,1
-166,-182,0
-181,-175,0
-185,186,1
-2,199,5
-170,-170,0
177,182,2
0,195,5
-2,201,5
184,-173,3
183,-182,3
183,-187,3
-201,-179,0
183,187,2
-179,-175,0
-189,-177,0
177,-202,3
180,-171,3
-4,202,5
182,183,2
-183,178,1
182,-185,3
188,181,2
-5,194,5
-6,6,4
-175,181,1
182,172,2
-187,-184,0
180,186,2
173,-189,3
176,-173,3
181,183,2
-5,1,4
174,-193,3
184,187,2
-190,178,1
-177,188,1
183,-186,3
178,183,2
0,193,5
1,1,4
-5,200,5
2,195,5
-191,-180,0
-185,185,1
5,196,5
-160,-182,0
186,174,2
180,174,2
-2,7,4
-8,198,5
-178,179,1
172,-186,3
181,-160,3
180,187,2
181,167,2
4,201,5
176,-204,3
186,176,2
-188,175,1
180,180,2
-190,-186,0
-178,180,1
-189,181,1
178,180,2
-167,-176,0
-3,-2,4
174,183,2
183,185,2
7,197,5
181,-180,3
-3,199,5
-5,2,4
175,-197,3
2,-5,4
7,203,5
-194,-172,0
-1,196,5
-202,-180,0
-176,184,1
178,-168,3
181,-172,3
-178,186,1
-198,-180,0
185,-189,3
-1,5,4
3,201,5
5,192,5
3,200,5
178,203,2
-182,177,1
186,165,2
-169,-188,0
4,197,5
176,177,2
-185,182,1
-196,-178,0
3,188,5
178,-179,3
176,182,2
-173,-173,0
-184,-181,0
5,6,4
2,12,4
179,175,2
-186,181,1
179,182,2
-185,175,1
3,191,5
187,163,2
-178,178,1
179,175,2
-8,198,5
180,-177,3
191,166,2
189,-167,3
-171,182,1
-173,-175,0
173,-199,3
4,5,4
6,191,5
-171,-178,0
2,5,4
176,-184,3
177,-172,3
-180,-184,0
-183,183,1
-182,172,1
176,178,2
181,-199,3
177,-174,3
-160,179,1
-181,176,1
-9,202,5
-183,185,1
179,194,2
187,185,2
181,187,2
-187,180,1
185,-190,3
-174,181,1
-169,-175,0
6,196,5
-175,182,1
2,-3,4
179,-181,3
178,-184,3
-186,-189,0
-7,-6,4
-6,200,5
-180,173,1
-171,177,1
181,-205,3
178,191,2
180,181,2
0,-4,4
4,201,5
-183,-180,0
-6,-5,4
-13,-1,4
-5,-4,4
-182,180,1
184,182,2
-185,183,1
180,-184,3
-198,-171,0
-177,181,1
8,202,5
174,-171,3
177,-163,3
178,192,2
-2,4,4
181,-178,3
-186,-179,0
-1,201,5
-177,171,1
183,-199,3
177,191,2
-11,-5,4
-1,5,4
-178,180,1
-189,181,1
179,185,2
-10,194,5
-183,-181,0
175,179,2
-7,-2,4
-192,-175,0
-180,184,1
2,204,5
181,-187,3
-1,2,4
185,-190,3
-6,-8,4
-176,180,1
-176,170,1
179,193,2
184,185,2
184,165,2
1,207,5
-174,-180,0
9,7,4
-175,186,1
182,195,2
4,2,4
-3,-5,4
-181,183,1
183,-180,3
5,2,4
-195,-176,0
178,-170,3
4,0,4
-184,182,1
-6,2,4
-183,-186,0
2,3,4
-172,-178,0
-2,193,5
-183,183,1
-180,-178,0
7,197,5
-4,4,4
0,-3,4
-183,181,1
183,-181,3
-179,-181,0
175,-190,3
-5,192,5
-178,183,1
178,184,2
-175,178,1
179,-181,3
-2,3,4
175,168,2
-175,-180,0
175,-175,3
5,200,5
176,184,2
-168,-176,0
-182,184,1
-184,184,1
181,188,2
4,0,4
184,194,2
-171,176,1
-173,-172,0
180,160,2
-183,-182,0
178,-183,3
182,-191,3
-191,-170,0
179,160,2
-2,6,4
182,-181,3
-1,195,5
3,189,5
6,14,4
178,190,2
176,-175,3
1,2,4
184,-180,3
-180,181,1
180,161,2
0,-2,4
-182,-180,0
186,191,2
-179,179,1
-1,202,5
-188,176,1
177,-170,3
0,-3,4
179,-189,3
1,206,5
-3,198,5
1,2,4
-179,178,1
-176,184,1
-2,-1,4
176,-170,3
-3,2,4
-175,-181,0
177,-200,3
174,168,2
182,191,2
178,171,2
-173,-184,0
179,-177,3
1,203,5
-176,177,1
-5,198,5
-5,190,5
-181,183,1
172,202,2
177,-184,3
-179,-185,0
-175,180,1
-195,-181,0
7,1,4
1,204,5
176,-198,3
170,-163,3
-180,-178,0
4,6,4
-182,182,1
177,-181,3
-188,-179,0
-188,182,1
184,178,2
-169,-184,0
178,-195,3
176,-181,3
181,-166,3
175,189,2
175,202,2
168,173,2
172,189,2
186,185,2
-4,200,5
-2,203,5
-178,180,1
-14,2,4
-177,178,1
-206,-188,0
-6,4,4
7,199,5
176,167,2
177,164,2
183,176,2
176,-182,3
-170,-172,0
4,201,5
183,-192,3
191,183,2
5,191,5
-192,-187,0
-177,-181,0
-166,-190,0
183,192,2
177,-184,3
6,204,5
8,205,5
-190,-179,0
-181,-186,0
188,184,2
-176,-185,0
-1,0,4
-169,-177,0
175,181,2
-170,183,1
173,178,2
176,-183,3
-10,203,5
-193,174,1
-174,174,1
-190,184,1
186,188,2
-1,2,4
185,-185,3
182,201,2
-177,181,1
-184,187,1
-189,183,1
-186,180,1
176,179,2
-183,180,1
-190,180,1
-177,180,1
-4,195,5
178,-164,3
-180,-176,0
-182,176,1
170,-187,3
4,205,5
5,-4,4
179,-177,3
-181,-181,0
6,15,4
-1,-13,4
-189,-182,0
-168,-178,0
-180,-182,0
180,-164,3
179,-181,3
-181,178,1
-188,-185,0
185,178,2
-187,-181,0
-171,-181,0
-179,181,1
3,195,5
170,183,2
0,202,5
1,193,5
7,196,5
4,198,5
-180,-180,0
-183,177,1
174,193,2
187,-171,3
-4,-8,4
-191,179,1
182,186,2
182,-166,3
187,-175,3
177,164,2
182,174,2
178,-160,3
186,171,2
3,212,5
-184,-177,0
182,178,2
-172,184,1
-183,179,1
177,-175,3
6,7,4
-7,5,4
-192,-176,0
7,2,4
-9,8,4
-176,183,1
-175,185,1
-4,191,5
-180,175,1
182,190,2
171,-174,3
5,-5,4
-178,184,1
-193,-182,0
-6,-9,4
177,-170,3
181,-184,3
-3,207,5
-182,182,1
178,-183,3
180,179,2
168,182,2
-191,184,1
2,-2,4
178,190,2
-181,186,1
181,-169,3
-4,4,4
-180,184,1
-4,-1,4
191,177,2
-183,180,1
180,175,2
-5,203,5
185,189,2
-4,197,5
-178,184,1
-185,187,1
-188,180,1
-180,183,1
-183,182,1
-1,5,4
178,184,2
-176,180,1
0,198,5
0,-13,4
4,-5,4
-173,179,1
-176,178,1
-194,-187,0
4,10,4
-178,182,1
-182,181,1
3,-11,4
-185,177,1
-184,-175,0
-171,-181,0
-179,179,1
186,183,2
182,169,2
0,206,5
-183,183,1
181,-170,3
1,-4,4
-6,0,4
-191,-179,0
181,-191,3
-186,-178,0
-2,5,4
-2,-3,4
1,-3,4
-174,-182,0
-190,182,1
-3,195,5
-181,-173,0
-3,-5,4
180,-181,3
184,161,2
-1,198,5
-7,-3,4
185,-165,3
178,-190,3
181,170,2
8,1,4
3,202,5
-186,-185,0
177,-169,3
179,-176,3
-13,205,5
186,186,2
189,169,2
188,178,2
-198,-177,0
183,-183,3
174,191,2
-187,180,1
-2,4,4
182,161,2
-172,179,1
173,-182,3
181,-168,3
-170,-174,0
189,175,2
0,198,5
181,167,2
-7,199,5
-180,-175,0
6,208,5
179,-173,3
-188,-188,0
-182,-185,0
-179,-183,0
-184,-182,0
-182,179,1
-3,203,5
-182,177,1
-1,-5,4
-2,194,5
173,172,2
185,-177,3
-178,182,1
183,-195,3
-184,176,1
4,200,5
-180,-179,0
179,180,2
179,177,2
181,178,2
176,172,2
184,175,2
171,194,2
-180,177,1
-179,178,1
186,174,2
176,-180,3
-174,-180,0
178,160,2
-177,183,1
4,-2,4
182,-178,3
-7,-4,4
177,-183,3
185,181,2
184,186,2
171,-164,3
-178,180,1
185,174,2
177,167,2
176,-192,3
-177,-175,0
3,1,4
3,-3,4
2,201,5
173,-172,3
-175,181,1
1,7,4
1,4,4
-179,181,1
242,11,4
-1,203,5
-177,-168,0
181,187,2
-2,203,5
184,180,2
2,200,5
-167,-188,0
-5,203,5
-185,-180,0
-1,5,4
180,157,2
-190,185,1
-3,203,5
188,-178,3
-178,182,1
-182,-177,0
185,183,2
-183,182,1
-178,-184,0
182,192,2
-1,-3,4
9,196,5
-182,184,1
-185,186,1
1,3,4
3,196,5
-4,201,5
-4,194,5
184,-181,3
178,189,2
-204,-185,0
-187,174,1
-176,183,1
179,-174,3
-181,-173,0
172,-172,3
-2,201,5
-2,201,5
-2,192,5
178,-163,3
4,207,5
-181,182,1
1,194,5
183,-180,3
-181,177,1
-176,185,1
-7,2,4
-4,5,4
-5,-1,4
180,-160,3
5,0,4
183,171,2
-176,176,1
-182,180,1
-1,190,5
2,-1,4
6,-6,4
3,-1,4
-188,183,1
185,169,2
-184,185,1
182,-184,3
174,164,2
182,188,2
179,-200,3
-6,-1,4
-185,180,1
-184,176,1
-180,178,1
-184,-184,0
-192,-184,0
-185,172,1
-5,204,5
-177,172,1
183,-193,3
5,194,5
-192,-192,0
-3,200,5
-187,180,1
-183,181,1
-3,203,5
-3,193,5
178,-170,3
8,201,5
-2,-6,4
-167,-174,0
-181,-179,0
183,-172,3
187,188,2
-202,-180,0
5,203,5
-3,-7,4
177,184,2
2,201,5
181,-173,3
-185,-183,0
0,6,4
-178,-175,0
181,188,2
-176,183,1
0,4,4
-177,-178,0
0,200,5
178,-175,3
-3,202,5
-184,180,1
-177,-177,0
184,-194,3
-182,175,1
-195,-183,0
-169,-183,0
-182,180,1
-2,195,5
6,199,5
3,195,5
182,176,2
15,191,5
182,187,2
183,-176,3
175,181,2
178,-187,3
3,6,4
-172,-173,0
-185,180,1
-188,-169,0
4,198,5
2,6,4
182,-166,3
-180,181,1
-184,-181,0
8,-6,4
-5,196,5
5,-1,4
7,2,4
183,-186,3
-171,-193,0
174,-181,3
171,-191,3
179,-174,3
182,-171,3
176,-180,3
181,-171,3
-182,-183,0
2,6,4
174,-165,3
-179,183,1
-179,181,1
178,-172,3
-181,186,1
166,183,2
3,3,4
177,188,2
3,200,5
-2,3,4
0,9,4
-186,-177,0
172,169,2
-6,-2,4
185,172,2
3,0,4
180,-195,3
183,-185,3
187,188,2
-1,201,5
-178,-174,0
4,1,4
-173,-179,0
-182,176,1
179,-193,3
188,180,2
-185,179,1
-181,183,1
182,177,2
-1,10,4
180,-186,3
-185,184,1
181,-184,3
-180,-180,0
183,160,2
-1,0,4
-184,-183,0
-178,179,1
2,193,5
178,165,2
-184,-182,0
182,-172,3
-190,181,1
-6,-1,4
-1,197,5
-180,183,1
176,-188,3
-172,-188,0
2,-6,4
-166,-187,0
-178,177,1
169,171,2
-2,203,5
-166,-183,0
-182,179,1
-190,-178,0
-178,-178,0
183,184,2
-7,202,5
-181,175,1
181,-181,3
-11,1,4
181,179,2
-181,-184,0
10,5,4
-2,-4,4
174,-180,3
-168,-181,0
-3,9,4
-182,178,1
186,192,2
-198,-179,0
-176,-190,0
176,-172,3
190,170,2
-6,193,5
171,-176,3
-177,181,1
179,-175,3
174,-171,3
-10,196,5
176,176,2
178,-168,3
3,200,5
169,190,2
1,6,4
-4,3,4
-7,2,4
182,185,2
181,-172,3
-177,180,1
176,-165,3
-175,-171,0
3,203,5
-171,-181,0
174,-219,3
-172,184,1
-1,-4,4
-1,0,4
-153,-177,0
7,-6,4
-1,200,5
176,181,2
-190,-183,0
-186,-181,0
0,207,5
181,-169,3
-1,197,5
172,-186,3
182,183,2
-186,-182,0
-183,173,1
-3,10,4
-183,179,1
181,-171,3
-183,-171,0
17,1,4
-189,-182,0
-176,179,1
179,-175,3
-175,177,1
-178,174,1
-3,206,5
181,173,2
178,186,2
173,181,2
182,183,2
4,5,4
1,0,4
176,182,2
178,193,2
183,-182,3
182,-163,3
-178,181,1
174,188,2
182,-198,3
-2,-9,4
-184,-187,0
-175,-183,0
4,-4,4
-182,182,1
-6,198,5
2,202,5
-178,179,1
6,5,4
-172,170,1
-170,-182,0
178,-181,3
3,1,4
-178,180,1
8,-8,4
184,171,2
-178,179,1
183,183,2
-173,-175,0
0,3,4
3,-3,4
179,181,2
-169,-190,0
185,163,2
-174,-180,0
-187,-177,0
180,161,2
-184,176,1
5,-1,4
6,195,5
-179,184,1
-184,179,1
176,-189,3
182,185,2
178,-183,3
-180,-183,0
-179,184,1
-176,-173,0
180,171,2
1,-2,4
176,-171,3
2,-1,4
-3,198,5
-183,182,1
179,194,2
-170,176,1
-161,-183,0
-173,185,1
182,-179,3
183,189,2
174,183,2
4,1,4
-176,-177,0
184,-187,3
-186,-186,0
178,191,2
3,1,4
179,190,2
-180,-186,0
-180,179,1
182,-179,3
183,167,2
-6,-6,4
-184,-178,0
180,194,2
183,-177,3
-176,175,1
-2,194,5
-7,197,5
5,197,5
-1,-1,4
-175,176,1
179,173,2
9,198,5
-6,209,5
-184,175,1
-182,185,1
171,-186,3
-3,5,4
174,188,2
178,-190,3
-180,176,1
-170,176,1
-6,192,5
-165,-183,0
178,-192,3
6,205,5
176,-181,3
-171,-173,0
-189,181,1
-190,-177,0
-1,2,4
-191,-184,0
181,-176,3
185,171,2
174,172,2
-10,3,4
-186,175,1
-174,181,1
1,202,5
182,191,2
-2,199,5
176,180,2
180,-179,3
177,-176,3
-180,181,1
-180,178,1
-174,180,1
174,182,2
2,197,5
179,183,2
-182,179,1
182,-195,3
171,182,2
-180,-188,0
-2,0,4
188,-179,3
-177,-185,0
-181,178,1
187,186,2
-194,-174,0
-186,-179,0
7,-5,4
0,197,5
-4,0,4
1,197,5
-179,183,1
1,202,5
179,-179,3
5,198,5
-195,-177,0
177,-174,3
176,167,2
-1,194,5
-5,197,5
-162,-171,0
-179,-181,0
0,200,5
181,-194,3
-192,182,1
10,199,5
-174,176,1
-188,179,1
-213,-176,0
3,1,4
-3,0,4
1,-14,4
-1,199,5
178,182,2
8,1,4
-181,-170,0
-161,-180,0
-178,184,1
8,6,4
180,-194,3
-2,-2,4
184,-187,3
-177,180,1
-1,5,4
0,1,4
-178,181,1
179,172,2
180,-185,3
-187,184,1
-174,187,1
-184,-176,0
-160,-190,0
-176,-192,0
-185,181,1
186,182,2
-188,184,1
14,198,5
-185,-184,0
-1,197,5
183,191,2
-182,-179,0
188,-184,3
3,202,5
190,-171,3
184,-183,3
6,5,4
-182,181,1
-6,201,5
-185,174,1
-180,183,1
-203,-181,0
-172,-176,0
178,193,2
185,-197,3
11,195,5
-1,202,5
-190,-182,0
2,200,5
-199,-178,0
4,-2,4
-184,-182,0
-1,202,5
-179,-181,0
5,-10,4
170,175,2
-175,178,1
-185,178,1
179,-163,3
1,-3,4
0,194,5
3,201,5
-1,207,5
177,-175,3
178,-182,3
-179,-179,0
-181,178,1
-177,178,1
172,-174,3
185,-166,3
184,-178,3
-182,181,1
0,194,5
-190,-188,0
182,210,2
-177,184,1
189,174,2
-186,-175,0
-4,202,5
192,-187,3
-178,187,1
6,197,5
-182,175,1
-188,-181,0
3,-4,4
-177,186,1
-177,181,1
179,-161,3
187,203,2
5,201,5
-182,-189,0
-6,200,5
-2,-1,4
7,198,5
186,168,2
11,5,4
-1,4,4
179,192,2
0,203,5
6,195,5
179,194,2
3,0,4
2,-4,4
-186,-184,0
-177,183,1
177,173,2
181,183,2
182,165,2
-8,197,5
-173,-181,0
190,173,2
175,-181,3
2,3,4
9,202,5
-186,183,1
-175,-179,0
0,2,4
-1,203,5
176,-190,3
-183,-179,0
7,-7,4
170,-189,3
7,204,5
-184,-175,0
2,1,4
-2,4,4
8,-1,4
-4,-1,4
2,202,5
186,187,2
-179,-179,0
-183,181,1
-188,-177,0
2,-3,4
183,-175,3
-1,6,4
183,185,2
-6,195,5
-181,-179,0
184,-181,3
186,177,2
-13,198,5
-178,175,1
-190,-184,0
-180,177,1
0,0,4
-177,186,1
-5,2,4
-5,-1,4
-198,-196,0
184,-172,3
177,-184,3
183,-170,3
188,165,2
-174,176,1
175,-170,3
2,196,5
-201,-176,0
179,173,2
-176,-178,0
174,178,2
-176,-178,0
-5,209,5
-180,182,1
177,-177,3
179,-188,3
1,-3,4
-176,185,1
-183,-186,0
-178,180,1
-166,-177,0
178,-178,3
5,0,4
179,185,2
181,176,2
3,-4,4
-1,198,5
1,201,5
186,200,2
-2,196,5
-2,193,5
176,188,2
-186,-182,0
-193,-178,0
-176,-175,0
190,157,2
-178,-184,0
-184,-191,0
7,-3,4
-197,-185,0
180,-196,3
-168,-178,0
183,180,2
-174,178,1
180,-176,3
-177,187,1
-166,-185,0
-4,1,4
179,204,2
-171,-191,0
-203,-176,0
5,192,5
180,-177,3
-179,174,1
180,-170,3
187,185,2
178,196,2
-178,-183,0
-179,-182,0
5,199,5
-2,-4,4
-8,2,4
177,179,2
-183,-179,0
176,-168,3
180,-181,3
176,-171,3
9,199,5
181,-181,3
183,-162,3
-173,-188,0
7,199,5
2,10,4
175,178,2
-183,179,1
189,-181,3
178,-159,3
188,-187,3
180,-167,3
3,-4,4
1,207,5
189,168,2
-6,202,5
186,180,2
-179,176,1
8,197,5
-180,180,1
3,-4,4
-182,-180,0
2,-8,4
4,3,4
-3,204,5
180,-183,3
185,-187,3
1,199,5
171,189,2
175,-191,3
181,-189,3
-7,199,5
180,-179,3
3,1,4
7,203,5
-183,-183,0
-186,179,1
-2,-5,4
3,193,5
-5,212,5
182,-188,3
174,186,2
-191,-183,0
-1,201,5
4,2,4
-169,-172,0
189,168,2
-182,-179,0
-182,187,1
2,204,5
176,-189,3
-7,-2,4
-178,176,1
4,-10,4
-182,-170,0
-170,-182,0
-1,9,4
-188,177,1
170,169,2
-180,-180,0
1,200,5
11,-6,4
174,194,2
176,170,2
183,178,2
0,197,5
-3,2,4
180,-175,3
176,194,2
-198,-183,0
179,175,2
0,3,4
2,-1,4
183,-168,3
181,-172,3
184,186,2
-185,181,1
172,187,2
-174,186,1
-12,201,5
-179,175,1
-181,-182,0
-188,-180,0
2,1,4
-176,173,1
-5,0,4
-172,-181,0
1,-8,4
173,-171,3
176,-189,3
-185,180,1
176,-183,3
178,-157,3
-170,-175,0
179,193,2
-2,-2,4
-169,-187,0
183,-182,3
-177,-177,0
-182,186,1
181,-187,3
-187,-178,0
2,5,4
-179,184,1
2,205,5
1,192,5
4,196,5
-174,177,1
177,172,2
7,4,4
1,196,5
175,189,2
-185,180,1
178,-177,3
173,163,2
10,205,5
176,184,2
-175,183,1
-167,-184,0
-1,-4,4
178,-171,3
-184,177,1
186,198,2
-179,176,1
-197,-187,0
186,-182,3
-4,193,5
-3,198,5
-190,175,1
-186,178,1
180,-193,3
-176,183,1
188,-195,3
-1,5,4
1,6,4
173,-173,3
-178,-186,0
-187,185,1
-2,1,4
180,-195,3
-185,-178,0
184,177,2
180,-188,3
184,179,2
176,-177,3
177,189,2
189,189,2
-187,178,1
-2,206,5
-173,-177,0
182,-159,3
7,201,5
1,3,4
180,200,2
-181,-181,0
178,158,2
181,-185,3
4,199,5
-4,199,5
12,290,4
-5,196,5
184,178,2
-185,177,1
-1,203,5
-2,192,5
-182,178,1
180,-186,3
183,-191,3
-179,-181,0
187,-192,3
181,161,2
-1,11,4
-3,198,5
170,176,2
-179,179,1
178,178,2
4,200,5
-5,199,5
1,200,5
180,186,2
2,-4,4
-182,175,1
-186,181,1
186,-195,3
-178,181,1
10,7,4
-2,8,4
-1,5,4
-1,193,5
178,165,2
185,179,2
181,183,2
-1,193,5
178,174,2
-190,-185,0
-178,-182,0
180,180,2
173,-181,3
-178,168,1
182,172,2
-5,10,4
-2,4,4
0,-8,4
187,175,2
183,175,2
-4,206,5
-195,-179,0
-186,-180,0
-9,192,5
-175,-189,0
-182,184,1
4,5,4
182,195,2
-10,-1,4
0,198,5
176,-178,3
-181,-183,0
-163,-181,0
185,-177,3
176,164,2
-165,-167,0
2,-2,4
176,172,2
10,195,5
5,6,4
182,-172,3
-180,180,1
175,-199,3
-5,-4,4
-175,181,1
173,-178,3
4,4,4
177,169,2
181,182,2
180,-189,3
-195,-182,0
185,-193,3
-178,177,1
167,-174,3
-184,182,1
179,-178,3
-176,-186,0
176,168,2
183,169,2
194,172,2
168,-168,3
-166,179,1
-188,-180,0
182,-188,3
174,170,2
-2,-2,4
181,174,2
-181,177,1
174,-178,3
178,-174,3
1,202,5
-4,-5,4
180,184,2
180,183,2
2,1,4
-180,183,1
4,-4,4
-3,2,4
-186,-179,0
-2,200,5
183,-201,3
-181,-177,0
-184,182,1
181,-178,3
183,-183,3
-184,178,1
-168,-169,0
-176,179,1
180,-187,3
4,196,5
1,-7,4
180,-185,3
-174,180,1
-12,196,5
177,186,2
-2,-3,4
172,181,2
173,168,2
-183,183,1
-186,-181,0
0,2,4
-167,-185,0
-170,-178,0
181,177,2
183,174,2
-2,194,5
2,3,4
-5,202,5
-183,181,1
3,0,4
189,-179,3
186,182,2
-182,181,1
-168,-184,0
-172,-173,0
3,-6,4
2,-1,4
181,-181,3
1,199,5
185,158,2
-171,-172,0
7,1,4
-177,-183,0
185,175,2
-180,180,1
-8,199,5
-186,179,1
181,-178,3
-171,-173,0
-184,179,1
10,197,5
172,171,2
-184,166,1
178,192,2
176,-168,3
174,176,2
-176,-179,0
174,165,2
180,-190,3
178,-180,3
181,170,2
178,-183,3
177,175,2
7,200,5
-181,182,1
8,198,5
7,-12,4
-177,-183,0
3,200,5
8,1,4
-7,1,4
-189,181,1
172,168,2
177,178,2
187,-190,3
184,-176,3
179,-166,3
177,-179,3
172,175,2
7,204,5
-181,172,1
-5,-4,4
-185,172,1
-188,-181,0
-177,-179,0
180,-219,3
0,-6,4
-8,-4,4
182,188,2
-187,-186,0
-187,-174,0
-168,-180,0
-181,181,1
176,177,2
181,176,2
182,187,2
182,-182,3
175,186,2
184,199,2
-180,-186,0
179,201,2
-9,1,4
-5,6,4
-180,173,1
4,207,5
-184,-172,0
1,199,5
185,-179,3
4,-5,4
-9,192,5
170,200,2
-171,179,1
2,199,5
-191,-177,0
-160,-184,0
0,-7,4
-178,-181,0
185,-181,3
1,195,5
-155,-187,0
181,-198,3
-2,199,5
-180,170,1
-191,-174,0
189,189,2
176,-181,3
-2,5,4
175,165,2
-193,-179,0
177,170,2
-2,4,4
-170,-186,0
-3,210,5
-178,174,1
-179,181,1
-179,-171,0
-176,185,1
2,-4,4
-1,4,4
184,176,2
-181,182,1
180,-197,3
-178,175,1
176,-176,3
7,204,5
182,180,2
174,-170,3
-184,-177,0
4,202,5
179,177,2
-187,-175,0
182,179,2
-180,180,1
181,186,2
-187,178,1
-179,173,1
179,-198,3
6,201,5
-170,184,1
-181,178,1
-3,1,4
-4,-3,4
173,-170,3
-10,196,5
-193,-179,0
-170,-180,0
0,205,5
-2,204,5
187,-181,3
-186,184,1
178,-164,3
4,191,5
178,195,2
-8,0,4
-181,181,1
-186,182,1
-2,-7,4
2,196,5
-5,204,5
-177,-180,0
-176,-180,0
181,-182,3
7,197,5
0,200,5
-174,182,1
-182,177,1
-3,199,5
-186,-170,0
-184,185,1
3,202,5
1,2,4
3,-3,4
178,189,2
-3,12,4
-169,-185,0
-194,-187,0
-186,-179,0
-176,174,1
184,-192,3
5,-4,4
169,166,2
187,171,2
0,206,5
-181,-182,0
-178,182,1
7,208,5
2,-5,4
-8,-4,4
-10,201,5
-3,194,5
6,-7,4
-211,-182,0
181,-184,3
175,197,2
184,199,2
1,-1,4
-1,8,4
-4,200,5
176,176,2
4,5,4
-187,-184,0
1,200,5
184,183,2
182,-178,3
-1,-4,4
180,-170,3
180,-186,3
184,-191,3
177,-197,3
-13,2,4
-174,-194,0
-175,181,1
-6,196,5
178,196,2
-172,182,1
184,-182,3
182,-170,3
3,185,5
180,-179,3
187,180,2
-185,183,1
172,-180,3
172,187,2
178,-179,3
-2,206,5
0,207,5
3,0,4
5,197,5
183,170,2
-4,207,5
-186,188,1
-9,207,5
-179,-186,0
-7,205,5
6,2,4
-177,180,1
-189,-177,0
181,169,2
-186,179,1
178,-172,3
185,175,2
170,196,2
-180,187,1
2,5,4
-177,188,1
-182,-178,0
-166,-181,0
8,-1,4
-199,-177,0
181,173,2
-178,181,1
-176,-178,0
1,0,4
-176,-180,0
171,-172,3
-4,200,5
189,-178,3
4,199,5
177,176,2
13,210,5
-181,171,1
3,-7,4
177,-168,3
4,198,5
-18,-4,4
173,-178,3
0,201,5
180,-185,3
-2,195,5
-165,-175,0
-170,-177,0
182,174,2
4,198,5
178,197,2
-162,-177,0
-192,-180,0
-5,199,5
-177,183,1
182,180,2
-184,-174,0
179,157,2
-186,182,1
-5,3,4
0,192,5
173,177,2
182,-179,3
-180,181,1
179,170,2
5,207,5
178,-193,3
-186,-176,0
177,174,2
187,-178,3
0,1,4
5,-4,4
-2,-7,4
-192,-177,0
181,203,2
-3,199,5
5,8,4
-178,189,1
2,210,5
-1,201,5
-174,176,1
-173,-176,0
169,175,2
6,197,5
-175,178,1
11,206,5
-175,-180,0
184,187,2
5,203,5
-189,-175,0
-12,-6,4
-196,-174,0
6,-10,4
-179,180,1
-182,-175,0
-5,-3,4
182,191,2
-192,-176,0
184,-194,3
-169,-182,0
183,-166,3
188,183,2
2,201,5
3,0,4
179,-186,3
175,182,2
-184,178,1
-4,6,4
-180,187,1
-180,180,1
-151,-181,0
176,-168,3
185,166,2
1,202,5
177,168,2
2,5,4
-177,178,1
180,-187,3
-170,181,1
174,-178,3
176,-175,3
-1,8,4
-7,205,5
179,-194,3
-181,175,1
179,-164,3
178,-184,3
174,196,2
-2,-2,4
182,-192,3
-179,179,1
1,196,5
0,203,5
-177,180,1
176,195,2
-185,-184,0
-176,185,1
-169,-177,0
1,191,5
179,-188,3
-174,-184,0
-2,193,5
188,176,2
178,176,2
-3,1,4
172,163,2
185,180,2
-187,-173,0
3,206,5
175,174,2
183,174,2
188,-175,3
-1,196,5
-2,8,4
-5,200,5
0,198,5
1,-4,4
183,-170,3
5,1,4
181,166,2
-185,176,1
-3,201,5
-2,200,5
178,-162,3
4,0,4
171,178,2
5,206,5
-171,-182,0
188,-176,3
-185,-184,0
-181,182,1
-179,-185,0
4,-10,4
-5,189,5
9,-7,4
5,-4,4
-5,-7,4
7,3,4
-7,-6,4
2,205,5
1,3,4
170,174,2
-182,172,1
-176,178,1
174,-174,3
175,191,2
175,-178,3
181,176,2
-6,5,4
189,171,2
-187,-183,0
184,196,2
-183,177,1
14,3,4
171,-171,3
6,0,4
3,-4,4
-187,177,1
179,200,2
185,174,2
-3,-3,4
-182,-179,0
1,-5,4
183,183,2
-185,-172,0
-178,176,1
-183,181,1
184,-160,3
-180,178,1
-177,-174,0
-3,-6,4
-176,193,1
-188,-177,0
-2,193,5
-11,202,5
-165,-182,0
6,-6,4
-178,179,1
-172,-174,0
-177,176,1
-179,183,1
-1,198,5
182,171,2
-181,179,1
1,200,5
177,186,2
-3,-1,4
174,-159,3
-183,179,1
173,198,2
181,-168,3
176,-192,3
6,197,5
184,-179,3
-172,-187,0
-183,184,1
-179,-180,0
177,-168,3
0,4,4
-3,4,4
-163,-180,0
181,-165,3
-3,201,5
-181,-187,0
-4,199,5
182,-189,3
169,-178,3
186,166,2
173,182,2
-183,176,1
181,-181,3
-3,197,5
-6,-7,4
182,187,2
5,203,5
175,-175,3
180,188,2
3,-1,4
187,184,2
171,178,2
-180,184,1
7,210,5
174,-183,3
187,-193,3
186,-161,3
185,174,2
2,4,4
-174,183,1
185,-186,3
184,166,2
-182,-174,0
2,202,5
-179,181,1
-7,197,5
-5,205,5
179,-203,3
10,194,5
-189,-173,0
-178,174,1
171,-192,3
178,162,2
-181,184,1
0,194,5
176,-175,3
-189,-185,0
-1,194,5
-191,-172,0
-170,-186,0
185,-188,3
-7,3,4
173,-192,3
3,208,5
179,178,2
-4,208,5
184,197,2
-193,-181,0
6,197,5
174,170,2
-3,196,5
182,-181,3
-175,187,1
-183,188,1
178,-175,3
-191,-177,0
-174,-185,0
11,191,5
5,-9,4
184,175,2
180,-180,3
183,187,2
-3,213,5
-174,175,1
-181,179,1
-3,204,5
-184,173,1
6,-6,4
-178,184,1
-199,-173,0
-183,178,1
5,194,5
185,191,2
-176,-175,0
2,190,5
-189,183,1
5,199,5
-188,-170,0
-175,181,1
-187,182,1
12,0,4
180,173,2
-177,186,1
-3,199,5
182,183,2
-177,182,1
172,174,2
180,179,2
9,-4,4
-189,-186,0
178,181,2
-173,177,1
179,-168,3
171,188,2
-5,-6,4
0,198,5
-168,-179,0
180,-174,3
-4,202,5
182,-186,3
-173,-180,0
176,177,2
182,-180,3
172,-185,3
-181,-168,0
180,-170,3
-4,205,5
4,-1,4
193,177,2
185,197,2
5,-3,4
171,-180,3
-176,-179,0
-8,5,4
-3,197,5
-185,-173,0
0,202,5
2,-7,4
3,-4,4
-175,174,1
-11,-1,4
0,199,5
-171,-179,0
-181,177,1
8,199,5
-172,-177,0
-2,1,4
-6,-1,4
183,177,2
186,179,2
-181,-174,0
178,187,2
175,-163,3
178,193,2
182,-182,3
-179,183,1
6,8,4
3,-10,4
-180,-187,0
1,5,4
-4,197,5
180,-179,3
-5,-3,4
183,-168,3
176,-183,3
-179,-173,0
-183,-180,0
-2,-7,4
-176,183,1
-4,1,4
-3,5,4
-189,-186,0
-5,-4,4
-177,172,1
-3,-5,4
-9,203,5
1,4,4
179,154,2
-177,174,1
-180,-177,0
-187,-179,0
177,185,2
-175,-184,0
1,200,5
178,-172,3
-180,182,1
186,-167,3
-184,181,1
-183,-177,0
187,168,2
-5,1,4
-172,-181,0
5,6,4
-181,-179,0
-175,-183,0
-180,181,1
177,181,2
-2,-4,4
180,199,2
185,176,2
6,0,4
0,201,5
177,163,2
-178,182,1
-185,-183,0
-184,176,1
2,-6,4
-187,-188,0
-7,2,4
173,159,2
174,188,2
193,166,2
-7,199,5
-7,206,5
179,-155,3
179,179,2
187,181,2
-180,-178,0
1,199,5
-183,-186,0
-175,-174,0
1,-9,4
-3,200,5
169,186,2
172,-182,3
188,188,2
-184,172,1
-1,1,4
-181,181,1
176,180,2
-170,-185,0
187,189,2
-181,-177,0
183,184,2
13,198,5
183,-180,3
8,-6,4
183,181,2
187,178,2
-185,-182,0
4,0,4
177,176,2
187,173,2
-160,-174,0
7,-4,4
2,-11,4
-176,-174,0
173,-191,3
187,180,2
181,-184,3
186,-185,3
180,-184,3
182,189,2
-176,-182,0
-9,201,5
-2,-5,4
-6,-3,4
6,195,5
-193,-182,0
180,167,2
-5,2,4
2,-7,4
-5,199,5
-180,-180,0
181,152,2
-177,181,1
-1,206,5
-183,-177,0
-188,-172,0
177,166,2
-182,-176,0
-179,186,1
-188,187,1
6,-1,4
-2,198,5
184,-177,3
1,-3,4
186,184,2
-181,173,1
176,-175,3
-3,9,4
189,-190,3
-7,200,5
179,-170,3
-186,-184,0
-176,-171,0
-183,180,1
-175,174,1
181,-167,3
-199,-187,0
-185,-176,0
186,195,2
180,173,2
-175,-180,0
188,-185,3
-179,-177,0
180,175,2
184,-186,3
178,195,2
181,177,2
0,194,5
-190,177,1
-5,199,5
-178,178,1
10,193,5
-175,184,1
-185,-186,0
-175,-184,0
180,185,2
-183,-175,0
183,-180,3
-183,177,1
-3,205,5
-179,-184,0
-4,9,4
-2,198,5
-178,-179,0
3,2,4
-10,-2,4
-6,203,5
0,194,5
-182,180,1
182,187,2
-178,-184,0
-6,4,4
1,6,4
3,1,4
1,194,5
6,198,5
182,188,2
4,10,4
-184,180,1
175,179,2
6,196,5
-8,12,4
178,187,2
-6,-9,4
177,-195,3
183,-177,3
171,-178,3
-194,177,1
-181,182,1
-183,180,1
-187,180,1
3,4,4
185,-174,3
5,196,5
177,185,2
4,6,4
-202,-181,0
174,183,2
176,-167,3
-180,185,1
-2,0,4
-184,-179,0
178,176,2
-184,-179,0
178,-187,3
180,-187,3
184,176,2
-186,183,1
181,-165,3
182,-169,3
-2,194,5
182,171,2
181,176,2
6,4,4
7,2,4
8,7,4
6,2,4
189,163,2
-186,180,1
182,-170,3
2,210,5
-6,-1,4
-171,-168,0
2,203,5
-171,-174,0
-200,-181,0
180,-175,3
178,159,2
176,-185,3
-189,187,1
-178,179,1
-3,199,5
-182,183,1
-2,2,4
0,189,5
-182,180,1
-6,6,4
169,181,2
173,188,2
-183,-192,0
-164,-185,0
7,5,4
-2,-6,4
-181,177,1
-7,200,5
1,207,5
3,203,5
7,2,4
-171,-173,0
177,-178,3
-190,-186,0
184,-164,3
181,-177,3
3,14,4
-4,3,4
-191,-181,0
-9,-8,4
-177,182,1
2,0,4
190,182,2
-8,202,5
4,2,4
179,-167,3
183,-180,3
-176,174,1
0,5,4
178,173,2
175,191,2
3,1,4
-187,-178,0
10,-4,4
184,-156,3
-176,182,1
171,-163,3
-6,11,4
-1,207,5
-185,178,1
-175,-185,0
179,-188,3
187,182,2
-1,6,4
-185,-186,0
-173,-183,0
188,179,2
-179,-184,0
-164,-181,0
185,193,2
-4,2,4
176,-173,3
183,-200,3
4,-4,4
179,172,2
185,179,2
-188,180,1
183,-182,3
179,178,2
-177,179,1
180,-194,3
-4,2,4
5,193,5
-1,202,5
-181,178,1
-189,-181,0
176,-186,3
182,-201,3
190,-179,3
9,206,5
179,-170,3
-6,207,5
-5,-1,4
-195,-178,0
-178,-177,0
-196,-176,0
182,-167,3
-173,172,1
-174,-179,0
184,181,2
180,178,2
-192,-179,0
-185,-179,0
0,0,4
-189,-182,0
176,179,2
-181,186,1
-182,-187,0
1,201,5
-9,1,4
-4,0,4
180,-186,3
-4,200,5
-1,196,5
-4,-2,4
0,192,5
2,-4,4
176,-173,3
9,200,5
2,203,5
-7,-7,4
9,-6,4
-188,176,1
-1,0,4
-193,-187,0
1,201,5
-4,-4,4
-1,195,5
-184,186,1
-191,-180,0
179,177,2
176,-185,3
-188,177,1
-184,177,1
-4,204,5
-176,184,1
183,187,2
180,-180,3
-159,-185,0
-179,-178,0
6,7,4
183,189,2
176,166,2
-198,-180,0
3,-2,4
184,190,2
2,196,5
186,174,2
-180,-167,0
176,-169,3
-10,-5,4
179,-189,3
4,4,4
181,184,2
-174,-185,0
-5,9,4
-1,-5,4
182,178,2
182,173,2
-186,-179,0
177,178,2
-1,-3,4
-182,-189,0
184,169,2
-182,-177,0
177,180,2
-184,180,1
-175,-187,0
0,4,4
-176,-181,0
-178,183,1
-183,180,1
-185,184,1
-182,-178,0
184,-178,3
-5,206,5
178,-183,3
182,-182,3
-189,180,1
180,174,2
-1,-1,4
-185,181,1
174,174,2
-177,-186,0
-171,174,1
176,-177,3
177,-173,3
181,-179,3
178,-187,3
0,192,5
11,213,5
-2,6,4
185,-175,3
-3,-1,4
-175,186,1
-194,-179,0
184,178,2
0,3,4
2,-1,4
183,-186,3
-5,12,4
175,194,2
173,205,2
8,-6,4
-177,179,1
-187,184,1
-175,-184,0
186,-207,3
-177,184,1
11,-5,4
-183,178,1
-177,-170,0
-3,201,5
-169,178,1
2,197,5
-3,-2,4
3,-5,4
1,2,4
179,-186,3
-8,201,5
180,174,2
1,6,4
-5,198,5
176,-203,3
178,174,2
-19,199,5
180,-185,3
174,185,2
188,167,2
-179,184,1
5,196,5
1,205,5
-1,204,5
-174,181,1
-196,-174,0
3,205,5
179,190,2
-3,201,5
180,169,2
-190,-178,0
176,200,2
-2,197,5
182,-194,3
181,176,2
-171,-182,0
-186,-178,0
-179,-186,0
7,205,5
176,197,2
181,196,2
184,173,2
190,195,2
-190,-180,0
174,200,2
-179,188,1
-2,198,5
178,-198,3
-3,-1,4
-192,177,1
-174,-174,0
177,-194,3
-167,-188,0
-176,177,1
-174,-178,0
9,197,5
185,174,2
183,191,2
-182,183,1
186,165,2
-8,-2,4
-8,-7,4
182,170,2
188,190,2
-175,-182,0
184,-171,3
175,-185,3
-4,-4,4
3,201,5
185,-185,3
190,-169,3
183,-184,3
-180,179,1
-185,178,1
-162,-189,0
-194,-178,0
182,-209,3
175,-181,3
-183,-179,0
1,199,5
-2,201,5
176,181,2
-9,2,4
174,184,2
-165,-177,0
184,-188,3
-166,-178,0
-179,178,1
-7,-2,4
183,-150,3
180,-188,3
1,-1,4
180,181,2
185,-180,3
-8,-8,4
-178,-175,0
178,-196,3
-12,1,4
-186,-174,0
183,-173,3
-182,180,1
-194,-186,0
-185,-177,0
-4,-2,4
3,0,4
183,-183,3
-2,2,4
-176,174,1
8,-6,4
-185,-181,0
2,193,5
7,206,5
3,0,4
-2,208,5
-175,172,1
172,-169,3
-1,199,5
-186,179,1
-181,-181,0
7,-4,4
-151,-187,0
-182,-178,0
3,-1,4
-4,194,5
179,-158,3
-3,203,5
185,-186,3
183,-181,3
2,201,5
-175,184,1
-9,3,4
182,-178,3
-1,198,5
4,199,5
-184,184,1
174,-179,3
-166,-183,0
-198,-174,0
-183,-178,0
-182,182,1
-3,209,5
-180,177,1
8,195,5
185,-181,3
2,196,5
4,-4,4
3,197,5
184,188,2
-185,179,1
179,-182,3
176,-185,3
-4,0,4
-202,-182,0
-183,-182,0
7,3,4
-173,-177,0
178,-170,3
180,178,2
177,-146,3
-186,179,1
-164,-182,0
-5,204,5
-183,-180,0
178,-187,3
-2,201,5
-180,-175,0
-177,-172,0
183,178,2
1,3,4
-181,186,1
183,175,2
183,-167,3
-187,-176,0
185,188,2
182,-162,3
-175,183,1
-178,179,1
-176,179,1
174,-168,3
179,-173,3
-3,6,4
-1,195,5
3,191,5
170,186,2
-5,201,5
-175,-183,0
182,-173,3
-192,-182,0
-1,-3,4
191,173,2
-185,186,1
6,2,4
178,-172,3
174,178,2
182,177,2
180,167,2
-184,179,1
-178,183,1
-180,-182,0
-189,-186,0
186,-183,3
-173,179,1
-177,179,1
175,161,2
180,-169,3
-172,-177,0
187,-193,3
184,187,2
183,-174,3
-181,-177,0
175,159,2
9,8,4
-178,178,1
-1,-3,4
8,197,5
178,169,2
-177,-175,0
0,0,4
-167,-178,0
-6,-7,4
0,192,5
1,-2,4
183,-162,3
-182,179,1
179,197,2
-5,-9,4
181,-170,3
185,-184,3
5,-2,4
-187,187,1
-4,200,5
172,177,2
188,183,2
3,203,5
3,2,4
-176,174,1
185,185,2
185,198,2
188,-187,3
-186,176,1
-186,184,1
-171,-187,0
-1,-3,4
-164,-182,0
-2,0,4
186,176,2
4,1,4
-3,0,4
-6,197,5
195,177,2
2,191,5
-158,-178,0
183,-197,3
175,-181,3
177,-169,3
183,-201,3
183,183,2
171,176,2
-179,181,1
4,3,4
-179,176,1
176,170,2
-190,-181,0
184,-189,3
-2,206,5
-179,181,1
180,202,2
178,-174,3
181,-198,3
-185,-185,0
-7,3,4
-171,-185,0
-8,-8,4
180,178,2
9,206,5
194,188,2
-181,181,1
3,0,4
-187,183,1
178,-181,3
190,192,2
-6,0,4
-5,192,5
181,169,2
-172,174,1
-4,203,5
-2,187,5
9,198,5
178,197,2
2,1,4
176,174,2
183,183,2
-4,1,4
184,-176,3
5,4,4
182,-178,3
-8,6,4
6,200,5
-178,172,1
175,178,2
-4,7,4
183,154,2
-172,177,1
179,174,2
-180,-183,0
-2,199,5
-178,-185,0
181,155,2
178,-176,3
-184,-188,0
-173,183,1
2,0,4
176,-188,3
-173,-179,0
-180,172,1
182,-174,3
-190,-187,0
-3,-2,4
187,-205,3
-182,176,1
-4,201,5
-168,-181,0
175,-175,3
-183,183,1
-174,181,1
-177,182,1
180,-198,3
-149,-187,0
-181,-172,0
-175,-178,0
-163,-176,0
177,-164,3
186,-177,3
175,173,2
-184,-176,0
181,-174,3
178,187,2
4,3,4
-3,-7,4
-4,206,5
-8,191,5
179,185,2
180,-183,3
-6,191,5
7,204,5
173,-179,3
182,-164,3
-181,-187,0
181,-177,3
-9,5,4
3,196,5
-169,-185,0
180,166,2
-171,-184,0
4,205,5
-177,176,1
-5,1,4
179,175,2
-190,-176,0
-7,197,5
-185,-180,0
5,194,5
179,169,2
-4,0,4
182,-171,3
173,-189,3
183,168,2
-3,204,5
1,211,5
180,-180,3
-184,181,1
-191,-171,0
-7,212,5
-179,179,1
3,197,5
-179,178,1
182,-151,3
176,176,2
184,-183,3
-8,-7,4
-3,4,4
-175,180,1
5,204,5
3,-7,4
-1,198,5
-183,186,1
-192,-180,0
-175,188,1
180,191,2
178,168,2
175,192,2
177,-168,3
8,-12,4
177,-192,3
-8,-1,4
163,163,2
181,-180,3
-185,178,1
187,181,2
-172,180,1
-176,180,1
-180,-175,0
-2,203,5
-174,-181,0
180,-188,3
-182,183,1
-2,3,4
185,185,2
-3,-5,4
-187,182,1
-5,4,4
0,5,4
-182,173,1
180,-168,3
180,190,2
-3,196,5
13,202,5
181,186,2
-3,7,4
-181,-191,0
183,-185,3
-9,197,5
-3,193,5
188,-170,3
179,176,2
-171,-175,0
170,-189,3
182,-184,3
5,196,5
187,-183,3
-3,-3,4
184,186,2
2,1,4
4,194,5
-2,206,5
-179,184,1
178,-171,3
1,196,5
-168,-173,0
-197,-181,0
-163,-181,0
173,168,2
-4,-7,4
187,-179,3
186,176,2
-187,-173,0
-179,177,1
-175,-182,0
186,182,2
-4,195,5
-194,-178,0
1,-3,4
6,192,5
-6,203,5
5,205,5
-9,191,5
-172,183,1
8,5,4
180,183,2
-182,-183,0
181,-176,3
-177,182,1
178,184,2
179,-165,3
180,-195,3
-183,-181,0
-4,-3,4
178,-174,3
174,-168,3
185,-185,3
-5,201,5
179,-181,3
-3,6,4
-2,190,5
-181,-171,0
-5,-12,4
-3,201,5
178,-193,3
-167,-171,0
-6,211,5
0,197,5
179,-169,3
180,-176,3
-8,-2,4
7,193,5
-188,-175,0
-184,-185,0
-178,176,1
-171,-178,0
-1,5,4
171,-177,3
-7,-3,4
-10,197,5
6,208,5
-185,183,1
-160,-183,0
3,209,5
-169,175,1
8,-5,4
-189,179,1
183,-164,3
-196,-179,0
3,202,5
182,-178,3
184,-176,3
179,185,2
-188,-183,0
174,166,2
-3,193,5
184,-187,3
-2,209,5
-190,175,1
178,182,2
-8,192,5
-180,181,1
180,194,2
-177,184,1
-185,186,1
176,164,2
-174,185,1
188,-190,3
185,-165,3
-2,206,5
-4,205,5
5,200,5
-173,-183,0
-11,-8,4
-181,176,1
-174,185,1
3,4,4
179,-203,3
181,169,2
183,200,2
-183,183,1
-179,-186,0
-5,195,5
-5,10,4
4,-3,4
5,5,4
166,191,2
175,180,2
5,197,5
-190,179,1
184,-175,3
-183,-181,0
-173,188,1
-185,-182,0
-175,-166,0
176,-168,3
-181,183,1
-178,180,1
-6,208,5
6,7,4
-190,-180,0
11,197,5
-178,191,1
179,-180,3
-5,193,5
1,2,4
-179,185,1
179,185,2
176,-199,3
-192,184,1
175,-182,3
0,-5,4
-1,-3,4
4,195,5
180,169,2
175,-174,3
179,157,2
-177,-180,0
-189,-177,0
-172,-175,0
-159,-183,0
-168,-173,0
-186,-173,0
180,-177,3
2,-8,4
185,-193,3
-185,180,1
179,182,2
-186,-184,0
-3,210,5
181,-188,3
181,-173,3
-181,-182,0
-159,-178,0
187,181,2
-179,176,1
185,-175,3
186,-168,3
-179,-174,0
-2,4,4
174,-185,3
-169,-182,0
176,-174,3
-205,-174,0
-189,176,1
-176,182,1
173,184,2
176,172,2
182,-181,3
193,189,2
-3,202,5
3,200,5
174,-186,3
-185,178,1
8,196,5
8,-8,4
-159,-183,0
-171,178,1
-4,202,5
-179,184,1
-191,-176,0
175,-176,3
180,180,2
-4,2,4
-178,175,1
-169,-180,0
-173,178,1
180,-182,3
185,189,2
4,211,5
1,191,5
183,-182,3
164,196,2
173,179,2
9,0,4
179,-197,3
179,179,2
-7,-5,4
-177,-179,0
-176,171,1
15,203,5
2,-3,4
-174,181,1
-204,-184,0
192,163,2
-2,190,5
-190,-181,0
-170,-183,0
-182,185,1
-176,182,1
176,176,2
181,-184,3
-4,-3,4
182,159,2
-8,195,5
7,202,5
1,200,5
9,203,5
181,179,2
178,179,2
-180,-180,0
185,181,2
-178,-177,0
-193,-177,0
185,176,2
-190,-184,0
-182,183,1
-182,-170,0
175,189,2
180,-177,3
181,194,2
0,3,4
181,-169,3
-182,187,1
-1,207,5
8,1,4
-183,182,1
177,-198,3
185,172,2
-191,182,1
179,176,2
-182,180,1
185,164,2
183,191,2
182,167,2
-9,207,5
171,174,2
2,205,5
177,180,2
182,-175,3
3,193,5
8,203,5
-177,175,1
-177,176,1
-3,203,5
6,4,4
186,183,2
184,-172,3
-184,-178,0
177,193,2
-9,4,4
-190,-185,0
-3,1,4
-175,181,1
179,174,2
178,-178,3
7,-8,4
1,194,5
-2,193,5
-179,-172,0
2,196,5
1,198,5
-175,185,1
-177,181,1
180,-184,3
1,202,5
-2,197,5
182,-184,3
4,202,5
184,-167,3
-202,-188,0
191,186,2
178,173,2
180,-177,3
2,-4,4
2,7,4
183,185,2
177,-180,3
-175,177,1
-1,208,5
2,-1,4
-180,183,1
-174,-184,0
-176,176,1
-181,-182,0
10,2,4
179,184,2
2,-6,4
175,168,2
-189,183,1
179,181,2
4,9,4
-2,7,4
177,-182,3
184,-177,3
2,193,5
0,189,5
-196,-173,0
-1,194,5
-184,181,1
-2,-7,4
-158,-184,0
-165,-174,0
-6,196,5
5,13,4
2,196,5
-180,180,1
190,-186,3
187,-167,3
7,-2,4
7,-4,4
-2,5,4
-164,-183,0
-1,-8,4
-198,-175,0
189,203,2
190,183,2
-174,-179,0
-177,-188,0
181,-174,3
7,3,4
173,190,2
4,200,5
181,179,2
7,207,5
-175,-181,0
-178,175,1
3,204,5
-189,172,1
7,-10,4
183,-195,3
-6,191,5
-173,-174,0
-3,203,5
179,-173,3
5,196,5
181,-175,3
-6,-1,4
-4,2,4
177,-173,3
180,-184,3
7,201,5
185,-176,3
-182,183,1
181,-187,3
-189,-179,0
184,-181,3
180,-192,3
1,1,4
175,148,2
-183,181,1
179,-172,3
-1,200,5
180,177,2
-1,199,5
-181,-174,0
-176,180,1
0,-1,4
-5,3,4
-12,192,5
-180,188,1
-1,4,4
-4,205,5
177,-196,3
180,190,2
-174,-181,0
2,0,4
1,0,4
175,165,2
-178,179,1
-5,-13,4
184,-201,3
-7,192,5
187,-176,3
-3,-5,4
-157,-184,0
184,212,2
178,185,2
-183,190,1
178,-181,3
-175,187,1
-6,214,5
183,-180,3
-181,-177,0
-163,-185,0
-184,178,1
-191,-175,0
-179,-182,0
-189,-181,0
-167,-177,0
177,186,2
184,180,2
6,189,5
3,194,5
5,205,5
-183,181,1
176,-196,3
172,173,2
-152,-178,0
186,187,2
179,182,2
176,167,2
-1,6,4
180,-189,3
184,-179,3
-184,179,1
173,-181,3
10,194,5
179,-182,3
-1,205,5
5,6,4
172,196,2
1,-2,4
169,-183,3
174,-168,3
-174,185,1
-175,-176,0
9,198,5
-171,184,1
176,-188,3
-172,-180,0
-176,182,1
-180,170,1
177,189,2
179,-193,3
-183,-177,0
183,-179,3
-6,9,4
4,205,5
-184,-184,0
-165,-180,0
-4,198,5
178,-176,3
-178,178,1
-190,182,1
178,187,2
-188,178,1
179,-177,3
179,-201,3
0,-10,4
2,208,5
-7,185,5
187,163,2
175,-181,3
180,163,2
180,-180,3
176,162,2
-187,176,1
5,206,5
185,-169,3
5,-2,4
-8,205,5
179,175,2
179,-175,3
-181,174,1
-176,186,1
-2,0,4
179,175,2
-2,195,5
180,178,2
0,203,5
2,199,5
1,210,5
-177,176,1
-184,-183,0
-6,5,4
6,-5,4
-183,180,1
5,197,5
173,-173,3
0,206,5
176,-177,3
8,7,4
184,-166,3
181,187,2
-178,-184,0
-2,191,5
-178,183,1
174,-202,3
-180,179,1
184,-166,3
-183,-172,0
176,195,2
-178,179,1
183,-190,3
-171,-189,0
-158,-188,0
-179,183,1
-6,196,5
-179,180,1
184,184,2
-1,199,5
-178,178,1
-5,-5,4
1,-2,4
182,172,2
-181,-175,0
190,168,2
-178,183,1
182,-168,3
190,-169,3
180,-185,3
-179,-177,0
6,204,5
184,-184,3
-179,-172,0
176,-178,3
0,199,5
-177,186,1
-178,-190,0
-184,-178,0
171,180,2
185,-176,3
174,184,2
0,196,5
-181,176,1
-174,-178,0
-1,201,5
181,-193,3
-1,198,5
-6,6,4
-176,184,1
-189,-183,0
-180,181,1
-3,206,5
1,209,5
-178,-175,0
-4,197,5
-197,-182,0
3,6,4
-176,-186,0
174,-189,3
-176,179,1
-188,-180,0
0,2,4
-178,-179,0
-175,-174,0
190,154,2
-176,-179,0
-180,-180,0
178,-201,3
184,-175,3
181,-180,3
176,-178,3
-6,-4,4
-175,183,1
178,164,2
-176,186,1
4,0,4
-4,5,4
-176,182,1
-170,183,1
181,170,2
-3,3,4
-179,-182,0
-180,184,1
176,-182,3
-7,200,5
177,-179,3
2,198,5
174,-186,3
-178,174,1
178,186,2
-8,203,5
180,-189,3
-179,184,1
190,-169,3
185,-178,3
-177,-180,0
177,182,2
180,-188,3
1,200,5
-194,-175,0
-2,3,4
176,191,2
0,202,5
183,191,2
178,-188,3
183,186,2
182,-174,3
-179,175,1
-164,-178,0
187,183,2
-10,197,5
180,171,2
2,198,5
7,198,5
178,188,2
-170,183,1
-173,-176,0
179,-187,3
170,180,2
-4,-6,4
-177,188,1
-188,183,1
-186,-176,0
-179,181,1
8,5,4
177,187,2
-182,186,1
176,174,2
-175,182,1
-186,-176,0
-180,183,1
183,178,2
-176,182,1
2,203,5
183,-181,3
-176,-179,0
-177,186,1
184,177,2
180,166,2
3,201,5
182,176,2
186,195,2
-173,179,1
-187,172,1
5,-3,4
185,173,2
181,-183,3
0,199,5
-200,-170,0
-2,-6,4
-184,181,1
-183,-176,0
2,-7,4
-178,-176,0
-171,186,1
-173,-174,0
184,-183,3
-178,175,1
-1,-9,4
-175,-175,0
177,185,2
-175,177,1
-192,-172,0
-181,-180,0
178,179,2
-183,184,1
-196,-175,0
180,172,2
-3,201,5
9,196,5
-178,-185,0
181,-176,3
176,170,2
2,202,5
0,2,4
188,-179,3
9,208,5
178,177,2
185,-181,3
-173,181,1
-178,179,1
-4,-2,4
0,196,5
-2,-5,4
-177,181,1
-7,-2,4
177,-185,3
183,-186,3
-1,197,5
-188,181,1
1,201,5
-186,184,1
11,3,4
171,-183,3
4,-6,4
3,199,5
9,-4,4
176,185,2
-2,203,5
174,175,2
181,182,2
-182,-184,0
185,171,2
-3,0,4
183,-167,3
7,3,4
-169,-188,0
-189,181,1
173,168,2
-189,-178,0
-3,202,5
-5,-7,4
182,-186,3
-2,1,4
5,-2,4
183,-207,3
186,172,2
-180,180,1
-186,185,1
-192,-187,0
-183,171,1
180,-175,3
-2,-4,4
-2,-10,4
-180,178,1
176,-188,3
180,-170,3
2,205,5
176,-192,3
-187,176,1
-161,-182,0
-6,195,5
-172,170,1
-187,182,1
181,-178,3
182,185,2
12,198,5
184,-182,3
1,-6,4
0,199,5
6,-2,4
2,2,4
184,176,2
177,-171,3
183,189,2
-189,-178,0
183,-174,3
-185,180,1
-166,-180,0
-164,-183,0
174,-191,3
0,204,5
-185,181,1
-176,177,1
-181,-185,0
3,-3,4
173,193,2
187,-174,3
-5,206,5
12,199,5
-184,184,1
180,173,2
-187,183,1
-12,195,5
-6,204,5
-3,5,4
-171,181,1
-177,-182,0
183,-187,3
-188,-182,0
2,-1,4
-8,5,4
1,-1,4
181,-152,3
9,197,5
-182,-178,0
184,-171,3
-179,-179,0
-189,177,1
-188,-179,0
-1,199,5
-181,181,1
-170,181,1
-178,-185,0
-6,208,5
-177,-183,0
-178,178,1
3,206,5
-183,176,1
-177,182,1
1,194,5
-4,204,5
-189,-188,0
-3,-1,4
-180,181,1
-168,-178,0
183,-180,3
-8,188,5
178,-173,3
184,187,2
-177,178,1
186,184,2
3,202,5
3,-2,4
180,-193,3
-193,-188,0
-181,-172,0
189,-175,3
-3,198,5
4,2,4
180,-167,3
0,0,4
185,-186,3
-186,182,1
6,-1,4
-200,-172,0
15,199,5
182,-175,3
-168,-178,0
0,195,5
172,-169,3
178,171,2
-186,181,1
-4,-4,4
179,-180,3
174,-188,3
2,7,4
3,-5,4
-2,7,4
-178,178,1
177,-173,3
-194,-186,0
182,181,2
-194,-178,0
3,206,5
2,1,4
-180,182,1
-6,197,5
-176,179,1
182,-184,3
-178,176,1
-188,186,1
-3,197,5
4,8,4
-4,206,5
-184,190,1
-183,-181,0
-7,5,4
184,187,2
179,-170,3
-180,-180,0
-1,-4,4
177,-172,3
-183,-178,0
171,189,2
-174,-178,0
-5,199,5
-2,-1,4
-177,-189,0
182,192,2
2,2,4
-180,-174,0
-5,14,4
-176,183,1
181,-170,3
187,185,2
-190,-178,0
180,177,2
182,-180,3
-176,-187,0
177,-186,3
-187,178,1
190,161,2
-179,185,1
-5,2,4
0,202,5
174,190,2
-4,192,5
-186,-172,0
2,0,4
-1,201,5
8,200,5
-8,2,4
177,172,2
-194,-175,0
-5,199,5
-184,-174,0
-5,201,5
-180,-183,0
8,-10,4
-171,180,1
-177,183,1
176,-172,3
-177,178,1
-176,184,1
1,-4,4
181,-186,3
6,-4,4
-172,-184,0
176,197,2
185,176,2
-173,183,1
184,188,2
-185,-183,0
-186,183,1
-185,-176,0
-173,179,1
2,191,5
-4,-3,4
178,-177,3
-182,-181,0
187,185,2
180,-171,3
-177,-174,0
-182,175,1
-194,-181,0
3,4,4
172,179,2
183,163,2
-185,-185,0
179,184,2
178,174,2
176,178,2
188,175,2
-193,186,1
-173,180,1
-166,-181,0
-8,1,4
-188,-179,0
-178,-186,0
-195,-178,0
182,181,2
-3,193,5
5,195,5
177,191,2
-184,-180,0
175,-175,3
-183,176,1
6,2,4
177,-170,3
5,1,4
-169,-180,0
-182,175,1
-8,6,4
-2,205,5
-184,174,1
-5,207,5
-179,176,1
1,200,5
-178,-187,0
-3,197,5
176,-187,3
-3,-5,4
-179,-185,0
-193,-182,0
-186,179,1
-187,183,1
175,-178,3
6,198,5
-181,176,1
188,-179,3
-182,179,1
-165,181,1
-173,181,1
0,201,5
-166,-175,0
-190,186,1
182,181,2
2,-2,4
-1,202,5
182,173,2
173,-172,3
-3,-5,4
-2,197,5
4,-7,4
-176,177,1
-186,183,1
-179,176,1
2,2,4
-3,210,5
2,198,5
-175,180,1
4,210,5
176,-184,3
-10,2,4
-162,-184,0
-176,-177,0
-168,180,1
181,-192,3
6,0,4
-177,176,1
-198,-184,0
1,203,5
4,-2,4
-3,-2,4
-10,-2,4
-178,177,1
187,183,2
-192,175,1
-3,-3,4
1,-7,4
181,-188,3
184,-175,3
189,169,2
-173,-178,0
178,177,2
189,173,2
178,191,2
181,-180,3
182,-168,3
0,3,4
-176,179,1
-185,-174,0
-206,-177,0
177,171,2
176,177,2
175,-174,3
-168,-179,0
1,3,4
-1,195,5
0,-12,4
-177,179,1
-10,1,4
180,172,2
1,206,5
0,203,5
-176,-175,0
-195,-178,0
-171,175,1
-4,199,5
4,4,4
181,-188,3
-186,180,1
0,203,5
-182,183,1
183,-177,3
185,175,2
-5,193,5
6,-4,4
1,196,5
1,201,5
-6,1,4
-192,-187,0
176,-185,3
-186,-173,0
183,-180,3
-181,181,1
3,-2,4
-183,-188,0
-150,-183,0
5,198,5
-2,-7,4
-181,175,1
-2,199,5
180,182,2
-179,-174,0
183,187,2
-7,194,5
175,174,2
173,-170,3
179,178,2
171,-174,3
186,-166,3
182,173,2
-165,-183,0
-179,181,1
-183,182,1
-200,-172,0
183,-181,3
-159,-179,0
184,-197,3
183,166,2
3,5,4
5,199,5
-190,-183,0
4,9,4
178,177,2
2,197,5
181,176,2
172,166,2
186,-187,3
-179,181,1
-181,183,1
183,-183,3
-165,-178,0
175,182,2
-189,-182,0
178,-172,3
-177,184,1
-5,210,5
185,-165,3
-181,183,1
-184,-174,0
-185,181,1
191,-193,3
172,-188,3
-178,-176,0
-182,-186,0
-185,178,1
186,176,2
172,193,2
-184,176,1
5,202,5
187,183,2
-190,177,1
-188,-178,0
-175,182,1
184,177,2
3,204,5
1,-2,4
4,-7,4
1,202,5
180,-188,3
1,0,4
-1,-2,4
-179,182,1
-2,-4,4
184,-175,3
-183,174,1
3,3,4
-177,178,1
-180,175,1
-174,-189,0
-172,-182,0
175,-170,3
169,181,2
-174,-186,0
4,-11,4
183,174,2
4,1,4
-173,181,1
-181,176,1
185,-176,3
-184,-194,0
-176,-177,0
176,-179,3
182,163,2
179,-171,3
178,190,2
-5,-6,4
-184,174,1
-193,179,1
176,197,2
5,198,5
-204,-179,0
182,192,2
183,-197,3
-6,195,5
-189,-189,0
-180,-177,0
-4,205,5
-2,-7,4
1,201,5
175,181,2
-197,-181,0
-182,-182,0
181,188,2
-171,187,1
-175,-183,0
185,193,2
180,190,2
180,170,2
8,195,5
182,-188,3
-165,-185,0
-3,208,5
185,-175,3
5,-16,4
-6,-5,4
-182,178,1
15,198,5
-186,-176,0
6,199,5
-183,-181,0
176,-185,3
177,171,2
-2,3,4
-184,179,1
-179,-181,0
0,196,5
9,201,5
-181,183,1
-184,187,1
174,169,2
183,165,2
-164,-177,0
183,-186,3
-5,-4,4
-2,195,5
4,4,4
182,187,2
5,197,5
-5,-2,4
1,198,5
166,167,2
-4,196,5
-183,-178,0
-1,203,5
186,-190,3
0,-6,4
-179,179,1
177,-165,3
-180,188,1
-182,174,1
-171,183,1
-190,178,1
-4,208,5
-193,-174,0
-174,180,1
174,-191,3
-181,180,1
2,7,4
6,4,4
3,-5,4
-169,-181,0
6,200,5
-3,12,4
-183,183,1
-2,208,5
10,206,5
182,-176,3
-164,-185,0
1,207,5
-178,182,1
178,-180,3
13,198,5
-161,-172,0
-4,207,5
-3,202,5
178,173,2
-1,196,5
180,158,2
-159,-180,0
-2,197,5
-179,-181,0
-1,-4,4
183,186,2
196,195,2
5,204,5
-174,175,1
-178,178,1
185,172,2
-185,180,1
181,186,2
2,5,4
166,187,2
-174,185,1
181,-179,3
-194,-179,0
4,195,5
-179,179,1
178,-181,3
179,-180,3
13,200,5
-178,184,1
3,3,4
-175,181,1
-179,184,1
-184,-185,0
180,189,2
-160,-183,0
4,199,5
-182,-181,0
-186,-179,0
183,186,2
9,-6,4
175,185,2
174,-176,3
4,203,5
-161,-175,0
175,-184,3
-2,206,5
-173,-170,0
-172,-177,0
-2,2,4
-176,191,1
1,5,4
-179,179,1
183,-177,3
-177,182,1
185,189,2
1,186,5
-188,-173,0
-3,196,5
5,197,5
186,-164,3
4,-6,4
-185,178,1
-10,0,4
-1,-8,4
-184,-178,0
-185,-182,0
2,199,5
-191,181,1
176,-180,3
-162,-181,0
-187,179,1
182,180,2
-184,182,1
6,204,5
183,-174,3
-179,-172,0
-174,-183,0
-6,3,4
181,-188,3
1,198,5
-181,-184,0
7,-5,4
180,175,2
181,164,2
-179,187,1
-199,-182,0
3,3,4
-185,-177,0
-7,0,4
-2,198,5
188,-172,3
-3,200,5
-1,0,4
-13,200,5
181,167,2
177,-181,3
176,-181,3
-3,-9,4
-3,201,5
180,181,2
182,-168,3
176,-179,3
5,200,5
-185,174,1
181,-156,3
-8,18,4
184,185,2
-179,178,1
6,204,5
-5,196,5
181,-178,3
5,202,5
-177,177,1
181,172,2
180,-187,3
-14,204,5
-12,-1,4
-3,-2,4
180,-180,3
182,-184,3
176,181,2
1,201,5
-166,-178,0
2,193,5
-188,190,1
-1,12,4
-183,179,1
177,189,2
185,192,2
-182,180,1
-175,-183,0
-1,-3,4
0,199,5
184,-167,3
181,170,2
-5,-6,4
184,182,2
3,201,5
-185,178,1
-170,180,1
-6,202,5
-177,-184,0
-6,-3,4
5,-4,4
-185,186,1
-2,-2,4
183,-173,3
-179,179,1
-3,-4,4
182,-169,3
179,-175,3
-184,180,1
5,3,4
8,204,5
181,-185,3
-180,182,1
178,182,2
-181,-169,0
-4,0,4
2,199,5
-2,1,4
12,212,5
-6,202,5
-170,180,1
169,192,2
-182,-189,0
176,-171,3
178,186,2
185,204,2
-161,-177,0
-7,7,4
-167,-181,0
-190,185,1
-176,-185,0
182,177,2
182,-183,3
-179,175,1
-183,178,1
-185,185,1
3,7,4
174,-180,3
176,193,2
9,1,4
177,184,2
-185,-180,0
-10,204,5
-182,-174,0
-5,-4,4
-3,192,5
182,170,2
190,-184,3
177,-184,3
-1,-1,4
182,170,2
184,-171,3
-4,197,5
5,-1,4
175,-190,3
182,180,2
-5,-5,4
-6,194,5
0,-3,4
-8,193,5
2,8,4
-179,-181,0
-180,-178,0
9,-8,4
-183,-183,0
-182,177,1
-2,7,4
-179,-180,0
181,-183,3
-183,-178,0
-7,-10,4
-189,-180,0
178,-166,3
173,-200,3
174,178,2
0,5,4
3,11,4
-182,-179,0
-187,190,1
3,2,4
-188,181,1
184,-181,3
4,4,4
1,200,5
-184,180,1
-12,-8,4
-180,185,1
10,-7,4
181,186,2
-195,-178,0
-6,1,4
182,-176,3
-180,180,1
178,-179,3
-10,-2,4
3,202,5
0,0,4
2,2,4
0,-8,4
177,-194,3
4,2,4
-2,-2,4
-5,201,5
3,-5,4
181,-193,3
-175,-182,0
1,5,4
-4,-8,4
-8,3,4
186,-171,3
176,189,2
175,164,2
-12,201,5
-193,-187,0
-185,179,1
175,176,2
-4,194,5
0,3,4
178,-168,3
-193,-184,0
184,-182,3
183,178,2
6,195,5
183,182,2
177,-170,3
176,189,2
175,-190,3
-181,179,1
-6,196,5
-2,191,5
-170,-175,0
175,159,2
-176,-182,0
-183,182,1
172,203,2
-173,181,1
-182,189,1
179,194,2
172,-170,3
-171,180,1
-185,175,1
178,197,2
175,-172,3
-179,180,1
2,199,5
-184,-177,0
8,5,4
2,3,4
-167,-177,0
-176,172,1
186,-172,3
12,207,5
172,186,2
-178,187,1
179,-159,3
-1,197,5
177,200,2
184,-191,3
-176,-179,0
178,189,2
2,7,4
-175,-181,0
-169,-179,0
-185,-180,0
6,197,5
-182,179,1
179,-162,3
-182,185,1
176,-183,3
10,204,5
176,-182,3
-3,197,5
180,-170,3
6,193,5
-184,-171,0
3,-2,4
-180,178,1
3,0,4
-178,182,1
175,168,2
-9,201,5
173,180,2
-6,4,4
11,5,4
180,-180,3
-176,182,1
182,189,2
184,181,2
-3,-5,4
-184,179,1
-180,175,1
4,202,5
-183,170,1
2,192,5
-182,178,1
-5,205,5
-175,-177,0
187,-158,3
3,203,5
174,-192,3
177,-190,3
-186,178,1
-178,179,1
-5,197,5
180,177,2
-175,-172,0
-175,182,1
-5,8,4
-183,184,1
-174,176,1
182,-176,3
-176,-182,0
188,177,2
-186,184,1
-181,-183,0
-170,-179,0
-186,179,1
180,185,2
-181,185,1
-178,-182,0
-181,176,1
-178,-178,0
4,197,5
-172,180,1
-179,-173,0
-186,182,1
0,198,5
176,173,2
179,-169,3
-175,187,1
-166,-189,0
172,190,2
-177,177,1
-186,178,1
10,202,5
-194,-189,0
182,184,2
0,201,5
-4,203,5
184,-165,3
3,199,5
182,194,2
1,0,4
184,-168,3
178,168,2
-180,182,1
-187,-182,0
-184,179,1
3,6,4
184,-194,3
179,182,2
-155,-181,0
-171,182,1
-7,205,5
192,177,2
-189,-191,0
182,197,2
1,7,4
-179,185,1
-184,179,1
1,5,4
176,-170,3
-167,-179,0
184,176,2
-188,175,1
-7,202,5
178,181,2
3,198,5
189,192,2
-181,-189,0
178,-157,3
175,-190,3
0,194,5
5,5,4
177,-185,3
3,205,5
5,-2,4
179,192,2
-184,178,1
-176,-176,0
185,-184,3
180,167,2
-180,-173,0
-1,8,4
-172,177,1
183,-197,3
181,-199,3
-192,-171,0
179,-187,3
-153,-187,0
-192,182,1
-188,-179,0
173,165,2
1,199,5
-184,-184,0
0,-9,4
-169,184,1
-169,-188,0
186,176,2
-1,5,4
-205,-173,0
11,3,4
-186,176,1
-201,-174,0
-184,-177,0
181,-172,3
-181,-180,0
182,-174,3
2,195,5
-2,4,4
0,200,5
-174,169,1
-6,202,5
-177,182,1
181,-180,3
177,190,2
-180,179,1
3,200,5
173,-181,3
1,205,5
189,179,2
-10,203,5
-185,178,1
181,177,2
1,-8,4
-186,183,1
-178,-190,0
-5,-4,4
183,168,2
12,-1,4
178,206,2
-179,-177,0
177,190,2
183,-178,3
-179,182,1
176,181,2
173,-178,3
-7,-3,4
188,180,2
-4,5,4
178,183,2
-1,1,4
-1,6,4
181,-179,3
-174,182,1
180,-177,3
-181,180,1
178,189,2
-3,200,5
-4,200,5
9,204,5
-197,-178,0
185,-174,3
-177,180,1
183,-175,3
-183,181,1
174,193,2
186,-181,3
-1,204,5
175,174,2
-2,5,4
180,-189,3
-3,210,5
180,181,2
179,194,2
-5,0,4
174,-180,3
181,-194,3
-8,-3,4
-198,-184,0
-178,176,1
178,193,2
179,172,2
-187,-180,0
186,185,2
-174,178,1
-182,-180,0
180,-194,3
183,-184,3
180,-193,3
-185,-182,0
-174,176,1
181,197,2
175,-199,3
175,-186,3
-176,177,1
-180,185,1
-179,182,1
0,-1,4
-3,198,5
4,-7,4
175,-184,3
4,200,5
-4,6,4
185,-181,3
-183,-181,0
-174,184,1
3,200,5
-7,10,4
-179,184,1
-185,184,1
181,186,2
-170,-189,0
-1,192,5
173,181,2
-169,-180,0
189,176,2
178,-183,3
178,-185,3
181,-166,3
0,197,5
183,160,2
-189,-178,0
-171,180,1
179,169,2
185,179,2
-6,202,5
0,0,4
-174,-181,0
179,-186,3
186,-183,3
-3,-2,4
-172,-184,0
-183,180,1
0,195,5
-5,203,5
-180,-181,0
1,2,4
2,-5,4
179,161,2
-181,184,1
175,181,2
-168,-186,0
-188,181,1
-173,176,1
-189,-171,0
-3,193,5
179,165,2
-7,8,4
1,-1,4
-173,-180,0
-181,-179,0
-177,183,1
-175,-179,0
-195,-177,0
-11,6,4
172,182,2
-176,177,1
-178,183,1
181,-198,3
0,4,4
-3,1,4
-169,-180,0
-196,-180,0
-14,197,5
-179,-182,0
-183,-176,0
-194,-182,0
-3,203,5
-4,203,5
-5,207,5
180,-183,3
-192,183,1
6,196,5
170,-191,3
-185,180,1
185,-197,3
-182,182,1
-180,-178,0
177,-172,3
180,-157,3
177,185,2
19,213,5
-177,183,1
-5,198,5
187,187,2
-2,196,5
-177,-179,0
176,-172,3
-180,177,1
-185,180,1
176,-175,3
-176,-182,0
177,180,2
6,197,5
192,-154,3
-169,-179,0
185,-200,3
182,-182,3
3,195,5
-176,174,1
10,-4,4
173,-186,3
-181,176,1
-14,0,4
173,194,2
-188,-174,0
2,203,5
180,197,2
-179,178,1
0,186,5
189,-172,3
-178,181,1
-185,180,1
-179,177,1
-10,207,5
182,180,2
-6,193,5
3,199,5
-5,-4,4
9,198,5
1,204,5
-4,199,5
185,-176,3
-187,167,1
-181,-175,0
186,156,2
-1,202,5
-184,180,1
-181,179,1
-192,-184,0
172,-195,3
175,187,2
178,181,2
3,200,5
-5,4,4
-190,179,1
176,183,2
-181,173,1
181,187,2
0,6,4
183,-181,3
-2,-6,4
176,188,2
-2,205,5
-186,-187,0
-5,197,5
-175,182,1
-10,-1,4
5,212,5
-183,184,1
-178,-188,0
11,201,5
-166,-174,0
4,-2,4
182,-176,3
179,180,2
-1,-4,4
-2,-5,4
-178,177,1
-162,-172,0
7,5,4
177,-173,3
177,175,2
-176,182,1
181,164,2
-180,183,1
175,-178,3
188,-164,3
0,205,5
171,168,2
182,178,2
-178,180,1
-6,0,4
180,169,2
180,162,2
-1,198,5
-196,-191,0
177,183,2
1,0,4
9,205,5
-4,202,5
173,176,2
-7,195,5
184,-179,3
-4,-3,4
-182,-179,0
-5,3,4
-183,172,1
177,-184,3
181,162,2
177,189,2
-5,201,5
-1,203,5
-5,192,5
182,-179,3
180,182,2
184,-200,3
-184,-172,0
-178,183,1
11,7,4
-180,176,1
-183,183,1
-17,1,4
0,208,5
6,-4,4
180,193,2
3,-2,4
-7,203,5
179,169,2
2,-7,4
4,194,5
-195,-173,0
2,-3,4
-158,-177,0
179,-167,3
1,195,5
-5,3,4
-191,-181,0
6,-3,4
179,-196,3
178,-185,3
5,200,5
1,197,5
-187,-180,0
4,198,5
4,195,5
-174,-178,0
-2,8,4
-194,-183,0
-176,-185,0
-1,197,5
-1,5,4
182,186,2
189,189,2
181,184,2
-201,-172,0
-184,180,1
-185,179,1
9,0,4
-183,176,1
174,178,2
-182,180,1
7,3,4
176,-175,3
3,203,5
-9,-3,4
-180,173,1
181,180,2
-176,178,1
-178,-183,0
-165,-185,0
-9,-1,4
-176,-181,0
-175,181,1
-1,208,5
-181,-188,0
-2,9,4
0,198,5
175,-169,3
171,174,2
-4,3,4
8,2,4
7,11,4
0,3,4
4,204,5
-1,205,5
-180,181,1
-3,4,4
9,-2,4
2,194,5
181,174,2
178,174,2
-179,181,1
-186,173,1
-181,184,1
-195,-181,0
171,175,2
179,-176,3
2,197,5
-186,179,1
-154,-177,0
179,-194,3
180,-195,3
4,-1,4
184,185,2
186,179,2
-181,179,1
2,202,5
-3,1,4
170,177,2
178,-199,3
190,-170,3
0,196,5
9,199,5
-179,177,1
-1,195,5
179,-184,3
-5,193,5
-1,-2,4
-1,203,5
-4,-2,4
-182,-176,0
179,177,2
-7,1,4
-178,181,1
185,189,2
188,163,2
-200,-175,0
178,161,2
190,164,2
176,184,2
3,193,5
-179,-190,0
8,210,5
-175,180,1
1,201,5
1,199,5
185,-181,3
-178,-182,0
181,179,2
180,-165,3
7,6,4
180,186,2
-4,199,5
175,-188,3
171,-186,3
-191,-178,0
187,-161,3
1,196,5
172,-179,3
5,3,4
-180,176,1
175,165,2
181,171,2
185,171,2
184,184,2
6,203,5
177,-197,3
-180,176,1
-171,-175,0
-187,178,1
-180,-181,0
1,6,4
-172,182,1
-182,-182,0
184,-174,3
180,177,2
-181,180,1
187,-184,3
0,203,5
-189,-181,0
180,-183,3
5,1,4
187,178,2
-200,-180,0
-175,181,1
-7,0,4
-180,181,1
-175,180,1
187,177,2
-1,203,5
183,179,2
-181,-176,0
-186,-171,0
-192,-188,0
-179,179,1
3,-7,4
177,-181,3
5,201,5
-2,201,5
187,164,2
-2,201,5
-174,178,1
177,-180,3
-179,-178,0
183,-189,3
1,-1,4
182,-196,3
182,174,2
-179,174,1
172,180,2
184,191,2
-175,182,1
6,-6,4
1,-3,4
3,0,4
-4,2,4
179,-175,3
-170,-182,0
185,173,2
183,168,2
-2,194,5
181,184,2
179,-182,3
180,-184,3
186,193,2
-7,9,4
1,-3,4
-192,-176,0
177,-173,3
-2,202,5
172,188,2
177,-180,3
2,204,5
180,-185,3
4,-5,4
171,175,2
-6,197,5
-179,-185,0
170,190,2
-158,-175,0
-184,-187,0
-184,-174,0
-2,194,5
-4,200,5
-184,-178,0
186,179,2
8,201,5
-190,181,1
-187,-189,0
179,-181,3
8,196,5
175,168,2
-172,186,1
7,-4,4
171,171,2
-167,-176,0
-2,4,4
5,196,5
2,192,5
190,-180,3
-1,5,4
178,-172,3
-1,200,5
-178,186,1
186,181,2
185,183,2
177,-179,3
6,196,5
-4,5,4
3,9,4
-182,179,1
-173,-175,0
-181,178,1
-2,208,5
182,182,2
-188,-185,0
-173,-177,0
178,187,2
-191,-180,0
-184,-186,0
182,162,2
-171,181,1
-197,-173,0
178,180,2
-1,198,5
11,-10,4
-4,-1,4
-4,-2,4
-189,-180,0
188,-189,3
-177,-171,0
-185,-176,0
-182,184,1
5,192,5
-183,-173,0
2,4,4
-175,-162,0
170,173,2
177,156,2
169,178,2
185,170,2
-178,-183,0
-175,176,1
-4,-1,4
4,7,4
1,185,5
-173,-187,0
-173,-177,0
-7,2,4
-182,182,1
178,188,2
-2,1,4
-177,177,1
183,169,2
181,168,2
189,182,2
177,178,2
-3,4,4
182,180,2
0,208,5
-165,-179,0
-5,11,4
175,-192,3
-174,180,1
3,-2,4
-1,4,4
183,-176,3
180,171,2
4,-3,4
-187,-187,0
4,0,4
183,-180,3
182,184,2
186,-195,3
12,199,5
0,195,5
-186,-181,0
-177,175,1
-170,-180,0
-7,214,5
189,189,2
1,3,4
4,-3,4
1,2,4
-177,180,1
7,193,5
-181,-173,0
-182,-187,0
-182,177,1
-199,-171,0
179,-174,3
172,197,2
-3,9,4
7,195,5
172,197,2
180,-171,3
7,1,4
1,202,5
179,-174,3
-181,-181,0
-9,1,4
177,189,2
-6,11,4
6,-3,4
-1,-6,4
184,181,2
187,188,2
-195,-173,0
-2,204,5
181,177,2
-177,174,1
187,176,2
183,-177,3
178,-192,3
183,177,2
178,179,2
-184,184,1
-11,-1,4
-190,183,1
175,177,2
-185,-176,0
-205,-179,0
-4,-1,4
183,-185,3
2,3,4
183,-181,3
3,4,4
-2,207,5
175,-171,3
0,199,5
-177,-173,0
179,203,2
-187,-183,0
180,-177,3
169,179,2
-174,-177,0
1,-10,4
-171,-186,0
170,178,2
181,179,2
-185,-181,0
2,8,4
-179,-187,0
-2,197,5
-182,174,1
-177,-182,0
-2,199,5
-171,-177,0
10,-6,4
183,-199,3
0,1,4
6,3,4
1,199,5
0,-8,4
-181,180,1
-178,175,1
9,194,5
182,-194,3
-7,1,4
180,176,2
182,186,2
-181,183,1
-2,198,5
177,179,2
-169,-179,0
-181,174,1
169,165,2
178,174,2
1,202,5
-177,182,1
186,194,2
-5,193,5
-9,203,5
-175,183,1
-1,6,4
-167,-172,0
2,206,5
-3,-2,4
179,162,2
193,163,2
175,-179,3
-6,1,4
3,204,5
-173,-177,0
183,-185,3
-8,-1,4
182,192,2
185,-175,3
-1,-9,4
0,203,5
193,169,2
12,194,5
-173,-187,0
183,-176,3
9,8,4
-173,-173,0
-3,0,4
184,-170,3
6,193,5
182,-184,3
179,-195,3
187,173,2
-158,-185,0
183,-187,3
179,-183,3
190,-187,3
-178,178,1
-2,205,5
-185,-184,0
184,-187,3
-173,181,1
178,175,2
187,-175,3
5,202,5
-172,175,1
-176,181,1
177,-193,3
1,9,4
-189,-180,0
-6,200,5
178,-180,3
186,-195,3
176,170,2
175,196,2
-180,179,1
-3,197,5
183,-174,3
-1,5,4
-180,175,1
1,192,5
-3,-7,4
175,176,2
173,-155,3
183,-186,3
-181,178,1
-211,-187,0
-194,-178,0
176,-158,3
-185,186,1
171,199,2
-182,-183,0
180,-180,3
175,-181,3
-7,1,4
-178,179,1
4,-6,4
7,1,4
-173,181,1
180,178,2
173,-177,3
-195,-177,0
-180,-187,0
176,-181,3
-164,-183,0
-183,188,1
-182,-179,0
176,165,2
182,-164,3
-6,-2,4
-175,177,1
-162,-190,0
0,2,4
185,165,2
4,194,5
2,9,4
-173,-184,0
188,177,2
-1,-8,4
175,-186,3
3,206,5
178,163,2
179,-182,3
-6,9,4
174,-178,3
-1,209,5
169,174,2
180,181,2
8,207,5
185,195,2
4,16,4
-172,183,1
178,-170,3
169,194,2
-3,-10,4
5,204,5
-181,183,1
-5,208,5
-7,-3,4
-5,200,5
174,-181,3
177,180,2
-9,11,4
-9,3,4
2,195,5
-178,-175,0
178,187,2
3,-4,4
-184,181,1
182,-196,3
-4,-1,4
-183,189,1
178,179,2
-169,-188,0
179,-170,3
184,-187,3
-6,201,5
-182,-183,0
179,182,2
181,187,2
-6,198,5
181,180,2
182,-166,3
-5,203,5
-2,0,4
175,189,2
183,-182,3
184,196,2
-170,-180,0
176,182,2
-181,178,1
7,204,5
-181,175,1
182,-193,3
-6,201,5
178,170,2
2,9,4
179,164,2
173,-182,3
176,-182,3
-178,-179,0
6,6,4
2,205,5
-10,204,5
-183,179,1
174,-159,3
181,-180,3
-174,183,1
-179,-180,0
-4,202,5
178,178,2
-181,177,1
177,-182,3
-185,178,1
184,-166,3
-6,208,5
-175,186,1
-180,175,1
3,205,5
8,200,5
185,-185,3
177,177,2
-200,-183,0
-4,204,5
-180,185,1
-175,176,1
175,-165,3
10,-1,4
174,-180,3
11,201,5
-184,184,1
-171,-179,0
-193,-175,0
-184,178,1
-3,208,5
-171,-176,0
185,-180,3
178,-192,3
182,-172,3
-187,-181,0
179,-172,3
175,210,2
3,195,5
1,190,5
178,-174,3
-176,-175,0
-174,179,1
-184,190,1
177,174,2
179,-176,3
-181,-177,0
3,-3,4
-180,174,1
8,207,5
173,191,2
-194,-182,0
-6,-5,4
-178,181,1
-3,7,4
182,190,2
-179,-179,0
0,-6,4
-177,180,1
-184,177,1
184,183,2
-168,-181,0
-177,184,1
10,202,5
4,-8,4
-190,-183,0
-171,179,1
-7,-7,4
-1,4,4
-184,-179,0
-1,-4,4
175,-190,3
172,172,2
181,-183,3
-167,-176,0
-183,186,1
-185,181,1
-14,200,5
189,183,2
-177,181,1
-175,-182,0
-185,183,1
180,-199,3
0,197,5
185,-177,3
183,198,2
0,11,4
-169,-182,0
-178,185,1
2,206,5
-181,171,1
1,198,5
4,-5,4
-5,195,5
-172,-183,0
-179,179,1
-203,-180,0
1,-3,4
181,-185,3
169,173,2
-6,0,4
175,194,2
182,192,2
177,184,2
4,201,5
-188,175,1
192,171,2
186,-197,3
180,-192,3
180,-173,3
1,0,4
182,193,2
2,-1,4
9,193,5
-173,-185,0
186,174,2
-174,179,1
-2,-4,4
-176,-185,0
-178,-177,0
8,0,4
-1,1,4
-178,178,1
184,168,2
182,179,2
176,-172,3
177,179,2
179,178,2
-9,199,5
-176,181,1
186,170,2
188,-159,3
-6,194,5
-187,-180,0
-165,-179,0
-2,-6,4
-5,195,5
8,6,4
2,2,4
2,203,5
170,173,2
45,205,5
6,4,4
182,-191,3
1,1,4
-182,185,1
-179,188,1
180,185,2
-1,5,4
178,191,2
-172,-176,0
-174,178,1
10,11,4
1,195,5
-184,-186,0
3,-5,4
173,-178,3
2,198,5
175,186,2
-186,179,1
181,201,2
-1,193,5
181,-191,3
177,160,2
-177,180,1
-180,183,1
-176,-176,0
2,201,5
184,-176,3
-198,-190,0
14,203,5
-181,175,1
-173,-175,0
183,185,2
-3,198,5
3,197,5
4,197,5
178,-177,3
-184,180,1
-1,209,5
-2,208,5
176,-179,3
181,-158,3
2,205,5
-186,-169,0
3,-2,4
179,-179,3
-175,175,1
-181,173,1
3,197,5
-180,179,1
191,183,2
-1,201,5
1,199,5
8,-2,4
9,200,5
-176,184,1
-1,201,5
-168,180,1
2,9,4
-169,-180,0
185,-174,3
-3,6,4
177,168,2
177,192,2
-167,-187,0
10,197,5
180,188,2
-5,6,4
-184,179,1
2,-3,4
-3,200,5
-168,186,1
-202,-173,0
-6,198,5
-5,204,5
181,-187,3
185,-172,3
-172,-174,0
-2,5,4
181,-197,3
9,-2,4
-178,184,1
184,183,2
194,-195,3
178,-187,3
-182,-178,0
-1,4,4
181,-174,3
-179,188,1
179,188,2
9,2,4
-181,188,1
-194,-182,0
-5,-3,4
-166,-188,0
0,204,5
-179,177,1
182,190,2
179,-164,3
179,-185,3
-178,181,1
-175,-188,0
8,-2,4
2,205,5
186,171,2
174,177,2
-179,176,1
-10,2,4
-1,205,5
-195,-179,0
-182,174,1
176,191,2
-160,-175,0
3,-2,4
-184,-184,0
-6,3,4
-171,-171,0
-180,183,1
175,-158,3
-191,-177,0
-187,-167,0
-165,-189,0
184,169,2
-192,182,1
-171,177,1
-179,186,1
186,172,2
183,-190,3
181,192,2
184,182,2
-177,183,1
-3,5,4
3,-3,4
-178,181,1
-3,-12,4
187,157,2
178,-177,3
3,201,5
-168,-177,0
178,-183,3
-179,178,1
187,184,2
-170,-172,0
-181,179,1
-172,174,1
175,168,2
-6,4,4
175,166,2
-2,200,5
-191,-189,0
180,186,2
-175,176,1
-179,183,1
-4,3,4
-179,-180,0
5,200,5
-195,-179,0
3,202,5
-179,-179,0
2,0,4
-5,-3,4
-175,-178,0
-190,177,1
3,201,5
-185,-181,0
-4,205,5
184,-178,3
6,214,5
-6,204,5
-3,193,5
1,7,4
171,-180,3
-180,183,1
178,-188,3
-191,-182,0
187,172,2
6,204,5
-171,182,1
-183,179,1
4,205,5
-10,196,5
-174,-179,0
180,190,2
-169,-177,0
175,-200,3
6,-8,4
181,161,2
-4,194,5
-182,-185,0
-174,185,1
171,-167,3
-2,198,5
180,-181,3
-183,178,1
188,174,2
-2,6,4
-12,2,4
-163,-178,0
182,183,2
181,-181,3
-187,-177,0
-180,176,1
-198,-177,0
-180,174,1
-175,183,1
-8,5,4
-1,3,4
178,-190,3
185,-184,3
182,-189,3
-187,183,1
182,198,2
-179,-180,0
1,0,4
178,181,2
9,194,5
173,-196,3
-178,-184,0
1,210,5
-187,-180,0
-1,1,4
1,4,4
183,169,2
177,-199,3
-180,179,1
-6,2,4
184,-182,3
-188,-182,0
-187,-175,0
7,206,5
183,184,2
-186,179,1
179,-178,3
191,180,2
-9,-6,4
178,205,2
1,199,5
-172,-179,0
177,186,2
182,164,2
-177,182,1
-184,-175,0
1,4,4
-3,6,4
-171,-182,0
5,0,4
188,-171,3
-5,8,4
184,180,2
-178,188,1
176,171,2
176,190,2
183,175,2
1,201,5
-1,194,5
178,178,2
182,-176,3
180,180,2
178,174,2
180,184,2
-5,-1,4
0,195,5
177,-174,3
5,-2,4
179,180,2
180,168,2
-184,-178,0
11,2,4
171,177,2
7,207,5
-4,-2,4
-182,181,1
185,169,2
-182,178,1
185,-196,3
-178,-177,0
-2,197,5
-177,-182,0
180,184,2
184,187,2
-179,-183,0
-6,3,4
-189,180,1
-179,183,1
-176,182,1
-181,183,1
-173,-176,0
2,200,5
1,199,5
-180,175,1
-185,179,1
-179,182,1
187,197,2
175,179,2
177,174,2
-7,-4,4
-178,184,1
-13,198,5
-7,-6,4
177,188,2
-2,193,5
173,-171,3
176,176,2
-2,197,5
-171,177,1
-3,205,5
-174,182,1
181,-195,3
-5,-3,4
-3,204,5
1,0,4
0,203,5
-175,-173,0
182,-180,3
-172,-184,0
6,200,5
2,197,5
-189,180,1
187,-179,3
-7,207,5
8,205,5
-175,174,1
176,-183,3
3,212,5
1,199,5
1,6,4
180,-165,3
-170,175,1
178,173,2
181,-180,3
-1,205,5
3,1,4
-187,177,1
-190,-181,0
-188,-181,0
3,202,5
-179,185,1
181,-186,3
0,207,5
182,-193,3
-2,3,4
-184,183,1
4,205,5
-10,204,5
-2,201,5
177,191,2
191,187,2
178,175,2
-1,2,4
174,-174,3
7,198,5
-4,-2,4
-189,-174,0
187,171,2
-184,180,1
1,-4,4
8,1,4
-187,172,1
-5,-1,4
-172,-181,0
181,-181,3
2,-3,4
-183,176,1
-169,-176,0
170,-196,3
-1,-2,4
-3,197,5
-173,183,1
-4,1,4
174,-192,3
1,193,5
-173,-191,0
173,179,2
187,177,2
175,-168,3
182,-180,3
183,185,2
-3,-7,4
181,204,2
-3,7,4
177,-177,3
-177,175,1
-186,178,1
-8,201,5
3,-3,4
-196,-186,0
-174,-176,0
169,189,2
180,-186,3
180,-172,3
5,210,5
-2,-5,4
-166,-174,0
187,185,2
180,-185,3
-5,202,5
-5,195,5
-190,-177,0
178,-178,3
1,198,5
-7,212,5
176,170,2
180,186,2
179,-182,3
-176,177,1
-1,190,5
-1,208,5
179,-171,3
-177,177,1
-193,171,1
-176,-178,0
-2,5,4
180,186,2
-2,1,4
182,-171,3
0,196,5
-2,193,5
-179,181,1
-183,-178,0
-166,-178,0
-190,-187,0
5,199,5
-178,178,1
-178,-175,0
-177,-183,0
184,190,2
177,-181,3
-1,-2,4
9,209,5
-185,171,1
-178,176,1
7,-7,4
180,-182,3
-183,175,1
-4,199,5
-186,-176,0
-176,-183,0
-180,183,1
-184,-176,0
6,-8,4
-1,3,4
-6,-2,4
-191,177,1
181,194,2
0,8,4
-1,199,5
-174,179,1
181,164,2
-176,177,1
-3,-3,4
187,186,2
176,187,2
-178,-184,0
-183,183,1
-181,186,1
178,-183,3
2,192,5
179,179,2
-1,-5,4
178,-178,3
-11,-2,4
-180,183,1
170,178,2
-175,-171,0
181,-184,3
-5,200,5
176,185,2
-186,181,1
1,195,5
-181,-184,0
8,201,5
180,-171,3
2,0,4
-185,-184,0
3,205,5
-170,177,1
-3,-2,4
0,3,4
-5,0,4
5,-4,4
175,-197,3
-182,-186,0
-1,3,4
-174,-180,0
-165,-187,0
175,-189,3
177,-169,3
-169,-181,0
188,168,2
3,5,4
-181,-181,0
-190,-174,0
-7,207,5
-179,-181,0
183,-182,3
-5,199,5
0,-2,4
178,188,2
-178,-172,0
-1,206,5
179,-177,3
-176,-189,0
-172,-180,0
-4,0,4
4,206,5
-9,-2,4
-167,-176,0
180,184,2
-2,198,5
-4,208,5
-182,175,1
-185,182,1
179,162,3
176,191,2
-3,207,5
-178,-174,0
-176,-182,0
7,205,5
-175,184,1
-174,-187,0
-178,-181,0
-182,-182,0
-181,176,1
179,-204,3
10,11,4
-187,-180,0
4,200,5
-169,-181,0
-181,180,1
-5,194,5
175,192,2
-7,199,5
-11,-6,4
177,-173,3
-192,-186,0
-191,-180,0
-176,-180,0
-167,-190,0
-176,-178,0
-6,-3,4
181,-185,3
-185,180,1
190,174,2
-176,184,1
-205,-182,0
175,-184,3
-199,-179,0
-3,5,4
-177,-177,0
180,-180,3
-166,-178,0
2,0,4
11,1,4
12,7,4
-178,174,1
182,-169,3
-175,-176,0
183,164,2
-2,-5,4
-180,182,1
10,200,5
9,199,5
-176,183,1
180,-195,3
179,-189,3
5,6,4
0,3,4
177,177,2
-4,-3,4
181,188,2
179,-191,3
-1,6,4
-183,-176,0
1,203,5
-182,-179,0
180,168,2
178,-197,3
175,-186,3
-173,175,1
-2,205,5
174,167,2
2,199,5
-181,179,1
-181,-179,0
4,8,4
-176,183,1
-1,3,4
181,181,2
-167,-180,0
178,-195,3
0,201,5
-10,2,4
181,-198,3
-175,179,1
175,190,2
11,-4,4
-170,-179,0
-7,4,4
-173,183,1
-176,178,1
-171,-181,0
-179,-183,0
-179,181,1
5,-2,4
181,-174,3
-2,-6,4
-180,179,1
-2,202,5
182,165,2
-164,-182,0
177,197,2
-8,196,5
-1,6,4
1,-10,4
186,174,2
-5,6,4
175,-186,3
179,-133,3
-184,182,1
179,181,2
-1,205,5
-185,179,1
180,193,2
0,199,5
184,-168,3
-195,-184,0
184,-177,3
177,-194,3
175,185,2
-6,204,5
183,-182,3
176,-186,3
-184,175,1
178,169,2
1,9,4
179,-178,3
186,171,2
-3,203,5
179,164,2
178,178,2
7,194,5
182,-180,3
179,-187,3
-177,-179,0
2,203,5
-179,-179,0
-179,-180,0
180,-173,3
-175,-179,0
175,186,2
180,-159,3
-8,198,5
-179,-173,0
-1,-1,4
-175,179,1
175,-199,3
-1,0,4
-7,198,5
4,193,5
180,-194,3
0,200,5
175,205,2
-183,177,1
-1,-6,4
174,-180,3
181,-185,3
-5,199,5
-2,204,5
177,194,2
177,149,2
1,196,5
181,176,2
-189,-181,0
1,196,5
174,-176,3
0,195,5
1,199,5
-185,-184,0
-9,-7,4
2,4,4
-8,198,5
185,174,2
-180,-179,0
5,7,4
-168,180,1
-2,207,5
-177,179,1
181,171,2
-1,210,5
171,186,2
-5,201,5
-1,-1,4
183,180,2
-5,2,4
184,184,2
-2,198,5
183,-171,3
-1,198,5
-180,184,1
-187,-184,0
-6,205,5
185,-176,3
8,-10,4
169,-179,3
178,176,2
173,-175,3
-172,-181,0
183,166,2
-184,173,1
-188,179,1
1,201,5
-2,-2,4
178,190,2
-1,206,5
184,171,2
175,-172,3
5,-2,4
179,-179,3
186,-174,3
-179,183,1
-184,180,1
0,-8,4
-180,-181,0
175,-175,3
4,197,5
-4,3,4
-173,184,1
184,175,2
-184,182,1
-178,-188,0
186,189,2
185,182,2
0,199,5
173,170,2
182,178,2
-175,180,1
-192,-172,0
177,-185,3
-181,174,1
-184,-182,0
175,190,2
-174,179,1
183,-181,3
188,-172,3
189,-189,3
-189,180,1
-1,-3,4
187,186,2
2,1,4
2,-1,4
6,0,4
184,181,2
180,-184,3
4,5,4
1,1,4
177,177,2
-12,1,4
-174,177,1
6,-1,4
184,177,2
176,-188,3
186,171,2
177,185,2
2,-8,4
180,-204,3
5,204,5
-9,0,4
177,-178,3
-179,177,1
182,-175,3
-4,-5,4
-176,181,1
1,198,5
-183,177,1
5,206,5
2,-11,4
0,203,5
6,199,5
-180,176,1
4,0,4
175,-170,3
-165,-180,0
-179,186,1
-185,-175,0
-7,2,4
180,168,2
-185,-176,0
180,-185,3
181,-183,3
-176,-176,0
187,197,2
-189,-190,0
-3,-4,4
2,-8,4
-184,181,1
13,5,4
-4,0,4
-185,184,1
177,195,2
183,-181,3
-184,177,1
-9,-1,4
5,-7,4
187,187,2
-173,178,1
186,-155,3
176,-172,3
178,182,2
183,170,2
-2,4,4
-2,207,5
173,-169,3
0,-3,4
-185,183,1
-205,-186,0
-2,5,4
-169,177,1
-181,184,1
176,-182,3
-167,-178,0
-5,205,5
-187,-179,0
-4,203,5
-7,-6,4
-3,-10,4
-192,-181,0
-183,184,1
-190,-169,0
-167,-182,0
13,200,5
-5,196,5
-180,-183,0
-188,184,1
181,-167,3
-173,-192,0
5,-1,4
-171,180,1
-181,177,1
-2,191,5
-183,180,1
-178,-179,0
-171,171,1
182,182,2
-179,188,1
-175,-179,0
-183,183,1
-183,184,1
184,-181,3
185,-168,3
-3,6,4
183,179,2
181,-185,3
5,206,5
-187,187,1
9,6,4
-179,178,1
173,179,2
180,173,2
-173,-192,0
-182,186,1
-3,197,5
185,189,2
-10,-6,4
-4,-5,4
181,182,2
187,-161,3
-7,199,5
-170,-179,0
189,167,2
184,-157,3
-169,-182,0
179,181,2
186,169,2
3,-4,4
-1,-9,4
177,179,2
-173,178,1
185,182,2
-177,181,1
-177,182,1
-2,-2,4
184,-186,3
-188,181,1
183,-176,3
-4,0,4
-183,183,1
-188,-174,0
-175,-165,0
-2,-4,4
-188,-176,0
-2,5,4
178,184,2
-183,-176,0
-178,183,1
178,171,2
0,197,5
-196,-168,0
172,-178,3
-5,2,4
-2,5,4
8,210,5
-183,-174,0
-2,2,4
177,-169,3
7,6,4
-6,4,4
187,162,2
-1,195,5
-184,180,1
179,180,2
-179,-184,0
-191,177,1
0,200,5
-8,-4,4
181,-190,3
-180,-181,0
-172,180,1
-183,-184,0
-179,176,1
-1,-1,4
2,193,5
6,197,5
179,179,2
1,-9,4
-159,-183,0
-172,-168,0
-178,177,1
180,170,2
-3,-1,4
0,3,4
-191,170,1
-2,201,5
-4,-1,4
176,-169,3
-8,198,5
12,0,4
183,188,2
-191,-179,0
-182,178,1
-182,176,1
-193,-185,0
-3,192,5
-180,-175,0
-173,-177,0
-7,195,5
-174,187,1
184,-208,3
2,3,4
1,2,4
0,-4,4
11,-4,4
1,207,5
-2,-4,4
190,179,2
-181,-183,0
184,185,2
177,180,2
-170,-186,0
2,206,5
-186,181,1
184,-169,3
-180,180,1
185,-174,3
4,-3,4
181,174,2
-3,196,5
-186,-172,0
173,-184,3
181,-183,3
178,-190,3
179,-175,3
-177,180,1
180,167,2
0,205,5
-154,-178,0
10,201,5
6,198,5
-7,202,5
-182,176,1
167,170,2
182,-200,3
5,190,5
180,181,2
-2,1,4
182,183,2
181,-183,3
-187,-176,0
184,-193,3
12,2,4
-183,181,1
178,164,2
-184,-174,0
-183,178,1
-186,179,1
185,185,2
-173,-175,0
186,186,2
179,170,2
-188,-188,0
-183,186,1
-9,200,5
0,-8,4
-180,180,1
-190,183,1
180,185,2
1,189,5
182,-192,3
-2,-1,4
186,-171,3
-186,185,1
182,190,2
175,-181,3
185,180,2
183,-172,3
179,-182,3
-183,179,1
-1,201,5
-195,-182,0
-181,179,1
179,-192,3
-173,-186,0
-195,-185,0
177,-184,3
168,194,2
178,186,2
-3,-5,4
1,203,5
-176,181,1
182,197,2
181,-179,3
4,-9,4
-174,179,1
-175,-186,0
-1,2,4
-191,182,1
184,-172,3
-178,184,1
-185,174,1
3,-6,4
3,5,4
8,202,5
177,171,2
-187,178,1
-179,183,1
177,-194,3
174,185,2
164,-180,3
180,-177,3
-155,-180,0
-174,181,1
-3,205,5
-3,205,5
-191,175,1
-183,176,1
0,197,5
-176,-182,0
181,190,2
5,205,5
180,-190,3
3,0,4
176,-168,3
0,204,5
-175,178,1
186,-193,3
-4,-3,4
-186,181,1
175,167,2
188,171,2
-191,182,1
-190,-176,0
-177,179,1
9,4,4
-176,-186,0
-1,3,4
-164,-185,0
174,-167,3
181,-175,3
178,170,2
-5,8,4
-181,-173,0
-4,9,4
1,-1,4
181,191,2
-190,-171,0
-181,-183,0
-175,189,1
-178,-181,0
-179,174,1
-174,-179,0
-178,176,1
197,168,2
-7,204,5
-1,201,5
-189,184,1
6,0,4
178,-161,3
182,-184,3
-171,-186,0
-178,187,1
0,200,5
-2,2,4
169,176,2
0,198,5
1,-4,4
-183,185,1
-6,8,4
177,183,2
-180,179,1
7,187,5
188,-182,3
-172,179,1
189,181,2
1,193,5
181,172,2
177,174,2
2,-4,4
-7,195,5
-174,178,1
177,-160,3
-7,7,4
177,-181,3
-2,190,5
4,-4,4
180,-182,3
174,-178,3
178,199,2
0,204,5
-185,182,1
182,192,2
-185,179,1
189,176,2
12,193,5
175,198,2
-187,-185,0
3,-6,4
178,-168,3
177,-181,3
186,176,2
182,-180,3
-1,201,5
-164,-183,0
1,196,5
1,4,4
174,185,2
-181,179,1
2,190,5
178,-153,3
-2,192,5
-182,-185,0
-183,180,1
177,-184,3
-179,182,1
176,189,2
182,-202,3
-181,175,1
183,-188,3
179,194,2
177,172,2
181,176,2
6,202,5
-5,-3,4
186,176,2
183,-180,3
179,-190,3
173,-192,3
-173,-176,0
5,-11,4
181,190,2
186,-162,3
176,190,2
177,184,2
2,7,4
-2,1,4
-188,175,1
-176,180,1
-3,196,5
185,168,2
183,-164,3
178,162,2
0,198,5
-5,208,5
174,176,2
-183,-183,0
-176,182,1
-173,-183,0
0,-3,4
-173,180,1
180,-173,3
9,197,5
175,192,2
183,-202,3
-181,174,1
-179,181,1
0,198,5
-2,7,4
-183,-176,0
177,-159,3
184,199,2
179,-189,3
179,-199,3
178,191,2
-187,-188,0
184,-184,3
4,199,5
179,-195,3
179,-176,3
-180,183,1
8,193,5
-178,183,1
182,-181,3
174,194,2
-181,179,1
179,-167,3
-172,184,1
176,-192,3
-4,-5,4
-3,205,5
187,176,2
-178,179,1
1,-2,4
0,189,5
-198,-178,0
-178,182,1
-181,-172,0
-181,172,1
-179,184,1
3,209,5
-161,-184,0
-3,-4,4
1,6,4
-1,0,4
-190,-182,0
174,-176,3
-175,174,1
-173,179,1
177,-178,3
173,-167,3
180,-171,3
181,-186,3
-178,178,1
172,185,2
175,182,2
-7,202,5
186,186,2
180,198,2
-3,197,5
-2,-8,4
177,-178,3
-177,-186,0
-191,-179,0
-2,-1,4
-178,179,1
6,206,5
-1,0,4
-184,-184,0
170,-191,3
178,-177,3
-180,181,1
-182,181,1
-5,5,4
173,-174,3
183,179,2
-181,182,1
-173,181,1
-183,-182,0
-180,-183,0
-192,187,1
181,171,2
3,199,5
-194,-191,0
-203,-187,0
174,183,2
186,-179,3
177,191,2
-186,173,1
-184,176,1
0,203,5
-178,183,1
-150,-183,0
182,158,2
-174,-184,0
-177,183,1
182,-175,3
-176,177,1
3,-5,4
-173,188,1
177,-172,3
183,174,2
1,1,4
4,-2,4
-175,177,1
-181,-186,0
0,1,4
-177,181,1
-182,190,1
-181,-176,0
-197,-180,0
0,207,5
182,174,2
185,-182,3
0,193,5
-175,176,1
180,-191,3
183,176,2
175,178,2
-178,183,1
-184,-176,0
175,176,2
184,-183,3
2,5,4
-3,-4,4
5,201,5
-2,-4,4
175,-188,3
194,-188,3
-191,-178,0
1,199,5
184,188,2
-172,178,1
-183,-188,0
-7,198,5
183,173,2
184,-181,3
7,197,5
0,204,5
-170,-174,0
180,-172,3
0,8,4
-185,191,1
174,-165,3
182,-204,3
176,184,2
-160,-186,0
-185,183,1
-178,-185,0
-183,177,1
-191,-177,0
-5,-2,4
-182,179,1
1,8,4
183,-180,3
8,-2,4
4,197,5
180,163,2
5,198,5
-176,171,1
186,-159,3
4,197,5
-186,-182,0
178,190,2
6,204,5
-193,-174,0
-192,-191,0
-171,178,1
-2,197,5
186,174,2
-196,-183,0
-179,-177,0
175,-176,3
177,-179,3
5,-6,4
-7,202,5
178,-186,3
-187,-182,0
178,168,2
-4,207,5
-188,177,1
-4,201,5
-4,190,5
182,182,2
177,178,2
177,181,2
185,190,2
-183,-181,0
-162,-186,0
182,184,2
-184,174,1
-172,-185,0
6,205,5
179,184,2
173,179,2
179,-164,3
178,179,2
-173,180,1
-3,206,5
182,-196,3
0,205,5
177,165,2
-177,-185,0
184,-175,3
175,-167,3
-194,-181,0
-186,184,1
185,159,2
1,-2,4
1,193,5
174,177,2
178,-190,3
10,202,5
-3,-7,4
184,186,2
179,153,2
183,175,2
-186,178,1
183,168,2
4,-3,4
182,184,2
183,-188,3
-189,-177,0
-179,182,1
2,210,5
0,208,5
-2,197,5
178,185,2
178,182,2
3,0,4
180,-188,3
182,-186,3
174,-183,3
178,188,2
8,206,5
180,-195,3
-173,185,1
-172,-180,0
-179,179,1
-170,-180,0
182,181,2
176,189,2
-185,178,1
186,198,2
-173,182,1
176,171,2
184,185,2
181,198,2
-173,-182,0
178,194,2
188,187,2
-1,-8,4
-181,177,1
-179,180,1
-186,179,1
177,181,2
-158,-183,0
-184,-186,0
-4,194,5
-3,4,4
4,-7,4
-7,199,5
-9,-1,4
-171,-175,0
175,-174,3
-2,0,4
6,191,5
183,186,2
-189,-180,0
-180,183,1
-178,-184,0
-178,182,1
-191,-184,0
-178,178,1
1,9,4
-188,-179,0
180,187,2
0,201,5
6,193,5
2,4,4
183,-192,3
-205,-183,0
177,-193,3
-190,-184,0
8,-3,4
-184,180,1
10,3,4
177,174,2
188,165,2
-178,178,1
-5,6,4
2,9,4
-177,-178,0
-9,-3,4
3,203,5
-2,-5,4
3,204,5
182,177,2
180,-179,3
6,6,4
-162,-185,0
5,-3,4
171,173,2
181,-188,3
1,-3,4
-7,203,5
175,-166,3
184,190,2
6,10,4
-184,171,1
181,171,2
-1,-1,4
2,-5,4
6,2,4
173,172,2
182,186,2
-172,-184,0
-6,196,5
-5,5,4
-6,2,4
186,174,2
177,-180,3
-165,-178,0
-181,-179,0
-6,-3,4
178,-187,3
-189,-175,0
179,178,2
177,185,2
185,163,2
-184,180,1
-168,-183,0
185,-185,3
186,169,2
-185,181,1
-204,-185,0
177,-193,3
178,189,2
-1,208,5
182,-186,3
-177,-169,0
-1,-7,4
181,184,2
-7,214,5
-5,194,5
-184,183,1
4,0,4
180,188,2
-174,-184,0
-1,-3,4
5,201,5
-177,-187,0
183,163,2
-2,3,4
-173,180,1
2,196,5
-8,-6,4
-178,179,1
-5,6,4
186,175,2
182,183,2
-182,-184,0
-8,209,5
181,-192,3
-182,179,1
179,177,2
176,-178,3
6,199,5
-176,178,1
-185,-180,0
-2,201,5
-170,181,1
-3,196,5
-7,210,5
5,199,5
-5,201,5
-1,1,4
-177,178,1
-177,181,1
-179,-184,0
-192,-175,0
-187,183,1
-181,-175,0
-4,213,5
185,-184,3
-179,173,1
177,-180,3
2,-3,4
-172,177,1
188,-153,3
182,162,2
179,-184,3
175,-181,3
-4,205,5
-173,176,1
177,-172,3
1,206,5
-182,-189,0
179,184,2
-175,-178,0
-174,-179,0
-3,0,4
-176,177,1
3,202,5
-2,5,4
179,185,2
-186,177,1
183,178,2
0,195,5
-183,-178,0
13,193,5
-184,-181,0
-191,-181,0
173,175,2
176,-180,3
-178,178,1
-6,-2,4
183,168,2
-177,-186,0
-189,178,1
-9,5,4
177,-186,3
-1,203,5
-179,176,1
0,4,4
-3,-1,4
-9,1,4
8,199,5
171,172,2
181,-191,3
-174,182,1
-176,-180,0
5,-4,4
-5,200,5
-205,-180,0
1,200,5
-171,180,1
2,6,4
-2,208,5
-179,183,1
176,203,2
-1,2,4
179,179,2
-180,175,1
-5,202,5
0,207,5
-3,205,5
-7,3,4
181,-170,3
-166,-181,0
173,-172,3
180,177,2
-176,-181,0
-191,-178,0
178,168,2
179,190,2
-176,-182,0
-173,183,1
177,184,2
-188,186,1
189,-182,3
177,177,2
0,203,5
-178,182,1
174,181,2
184,-186,3
178,188,2
1,-3,4
185,173,2
-9,198,5
-1,191,5
1,208,5
175,-185,3
177,-187,3
176,-171,3
13,202,5
185,-184,3
-176,180,1
-182,179,1
-1,186,5
-2,196,5
182,-166,3
-5,-4,4
188,184,2
176,177,2
179,182,2
175,-183,3
0,6,4
2,0,4
-184,176,1
178,-161,3
176,-170,3
-187,184,1
-7,204,5
177,161,2
-170,-177,0
5,-9,4
-168,184,1
181,192,2
-3,6,4
-4,195,5
183,187,2
-178,184,1
182,-166,3
-169,-184,0
-183,-173,0
-174,-183,0
-187,181,1
-3,-3,4
3,199,5
1,-4,4
183,-180,3
182,-171,3
4,198,5
178,-176,3
-9,204,5
181,167,2
8,11,4
176,186,2
-175,-183,0
-164,-185,0
-2,206,5
187,175,2
180,179,2
183,-175,3
-3,2,4
186,-177,3
184,-187,3
-176,179,1
-4,-4,4
185,-182,3
-183,-188,0
-1,204,5
182,-172,3
171,174,2
-2,203,5
-190,-190,0
-170,-178,0
171,165,2
-187,-184,0
0,195,5
-2,1,4
182,203,2
182,-188,3
-173,172,1
1,1,4
182,179,2
-170,174,1
-2,195,5
0,200,5
-182,-193,0
184,-196,3
1,0,4
1,-7,4
-188,176,1
-179,175,1
180,182,2
-174,-180,0
6,6,4
179,154,2
180,163,2
174,165,2
6,1,4
-182,174,1
184,-180,3
-3,-4,4
-9,201,5
-171,-181,0
-175,177,1
1,-4,4
-184,178,1
-176,176,1
1,196,5
2,205,5
-174,180,1
188,175,2
181,159,2
181,179,2
-183,181,1
180,-177,3
181,196,2
3,2,4
9,201,5
181,-187,3
2,201,5
-2,209,5
184,-189,3
180,-170,3
189,172,2
-2,-2,4
-184,-178,0
-159,-186,0
-179,-177,0
182,-182,3
3,1,4
180,195,2
186,-148,3
172,-187,3
-180,186,1
3,201,5
-182,183,1
177,195,2
-5,1,4
181,-174,3
-176,-180,0
-1,-3,4
-5,3,4
4,3,4
-184,185,1
-3,200,5
-10,4,4
-3,206,5
-10,-3,4
180,-183,3
-165,-175,0
185,-169,3
1,-3,4
174,186,2
182,165,2
6,203,5
-2,-2,4
-179,-182,0
-175,178,1
-177,-186,0
-1,0,4
-1,190,5
178,177,2
183,177,2
4,6,4
-187,179,1
-1,203,5
6,0,4
-173,187,1
-1,11,4
-7,197,5
-1,3,4
178,167,2
2,206,5
179,176,2
-179,175,1
-175,180,1
178,-188,3
0,208,5
181,-181,3
184,-186,3
-178,-179,0
4,196,5
-177,181,1
-187,-181,0
-182,183,1
-179,183,1
170,176,2
-185,176,1
186,-175,3
-4,4,4
-176,180,1
0,197,5
184,189,2
180,-193,3
182,-188,3
6,-1,4
-4,198,5
2,-4,4
-196,-177,0
-192,-197,0
183,185,2
2,1,4
-176,172,1
3,202,5
0,-11,4
174,187,2
180,-170,3
7,4,4
179,177,2
-172,174,1
-1,202,5
13,0,4
-182,-187,0
-186,179,1
-6,-11,4
177,182,2
188,181,2
-189,-178,0
-166,-180,0
187,-176,3
6,6,4
-170,182,1
176,-184,3
-192,-185,0
-180,-179,0
-185,175,1
186,-195,3
-1,198,5
-197,-178,0
184,-194,3
-180,180,1
7,1,4
4,186,5
-188,-191,0
179,169,2
179,-180,3
1,203,5
179,199,2
180,197,2
-168,-171,0
-2,8,4
179,171,2
-2,192,5
-190,-176,0
-1,195,5
186,187,2
-184,177,1
-174,175,1
175,174,2
1,202,5
175,176,2
178,175,2
184,-184,3
-3,-3,4
9,-7,4
-181,181,1
-181,-182,0
181,-170,3
186,-164,3
4,201,5
-179,-180,0
7,198,5
-13,199,5
-7,5,4
179,176,2
3,0,4
182,180,2
176,161,2
177,-190,3
177,164,2
177,192,2
-9,204,5
-200,-192,0
-4,1,4
5,-3,4
5,-3,4
-2,8,4
-5,208,5
-179,-176,0
182,178,2
3,1,4
184,175,2
184,164,2
1,198,5
176,-178,3
177,-178,3
183,174,2
2,195,5
182,170,2
-180,186,1
179,-183,3
-5,203,5
-183,-179,0
179,173,2
177,178,2
2,195,5
1,187,5
182,180,2
-171,-176,0
6,198,5
185,167,2
-170,-178,0
178,165,2
-2,2,4
-3,206,5
188,187,2
180,-163,3
172,184,2
2,1,4
187,-194,3
1,0,4
-2,4,4
-179,-185,0
-3,-3,4
-182,180,1
187,187,2
3,-1,4
-182,182,1
-6,198,5
174,179,2
-181,-176,0
-185,-181,0
188,183,2
-2,204,5
4,215,5
192,172,2
187,-182,3
8,9,4
-173,182,1
-182,184,1
176,193,2
4,-12,4
-186,-186,0
182,186,2
0,206,5
4,-2,4
-180,185,1
3,208,5
-182,185,1
-5,3,4
0,211,5
179,181,2
-180,179,1
-176,183,1
186,173,2
-1,4,4
185,-183,3
4,193,5
182,163,2
-180,178,1
-198,-184,0
180,180,2
-174,-177,0
178,-165,3
-188,-184,0
-3,201,5
182,-182,3
-179,186,1
11,-1,4
0,-6,4
-189,-188,0
177,-171,3
180,-174,3
187,-174,3
175,177,2
-1,195,5
184,-186,3
3,208,5
182,192,2
-181,-188,0
8,1,4
-186,-180,0
-185,176,1
186,172,2
175,-169,3
-3,201,5
179,-171,3
-4,-4,4
-10,201,5
-4,207,5
0,0,4
186,170,2
4,196,5
6,197,5
185,175,2
183,-168,3
-173,-182,0
-178,-186,0
178,174,2
-185,-184,0
182,184,2
0,198,5
10,7,4
-4,201,5
188,-183,3
-199,-181,0
-162,-182,0
-170,-174,0
-7,204,5
182,179,2
-178,182,1
-183,-180,0
5,-5,4
179,-172,3
3,203,5
175,-162,3
180,179,2
-195,-175,0
-182,-179,0
-185,-172,0
3,9,4
-184,181,1
-185,176,1
175,184,2
-182,-171,0
188,182,2
0,4,4
177,-180,3
174,173,2
-189,181,1
184,198,2
5,9,4
-187,-179,0
-173,-183,0
7,-2,4
183,-187,3
-8,193,5
-175,177,1
-12,201,5
181,-182,3
181,194,2
0,-3,4
-184,189,1
-188,183,1
178,-155,3
180,-181,3
188,178,2
184,-154,3
-3,204,5
-177,-181,0
7,201,5
-175,177,1
-185,-185,0
-187,-182,0
176,191,2
-179,178,1
176,185,2
192,182,2
180,177,2
-3,196,5
-174,-175,0
5,3,4
-183,176,1
184,-165,3
-184,178,1
183,-184,3
8,0,4
178,188,2
-190,177,1
178,-189,3
1,188,5
-177,186,1
183,190,2
-189,-176,0
178,176,2
-6,203,5
-180,180,1
182,-165,3
176,178,2
-1,5,4
-182,175,1
3,6,4
-182,180,1
185,-202,3
-170,181,1
-4,2,4
3,198,5
5,199,5
174,198,2
6,198,5
180,-172,3
-186,183,1
6,197,5
182,168,2
182,-190,3
177,179,2
175,-180,3
177,174,2
-182,-182,0
-175,171,1
-182,170,1
-179,179,1
-176,171,1
-178,-180,0
-7,-4,4
172,185,2
-183,178,1
185,175,2
178,-184,3
10,194,5
-166,182,1
174,-185,3
181,168,2
1,197,5
178,-200,3
3,190,5
-178,186,1
-184,181,1
-185,-175,0
-180,183,1
-3,-2,4
185,178,2
-187,-180,0
7,201,5
-4,4,4
177,178,2
5,203,5
-187,173,1
179,-195,3
3,0,4
-4,199,5
-178,174,1
-4,6,4
7,198,5
172,166,2
4,1,4
-7,-2,4
-177,-196,0
-173,-184,0
180,-185,3
182,163,2
-190,180,1
-182,-182,0
-177,181,1
7,5,4
179,173,2
5,5,4
-177,185,1
182,-165,3
-5,196,5
9,204,5
-175,-185,0
-5,-6,4
1,0,4
-3,-2,4
181,184,2
178,-156,3
175,-168,3
182,201,2
-171,180,1
-5,204,5
0,-5,4
-191,-185,0
-188,186,1
-173,185,1
3,-3,4
181,-180,3
-186,-177,0
-3,205,5
-170,-185,0
-185,180,1
185,-189,3
183,-167,3
-9,1,4
-177,175,1
176,177,2
-4,1,4
-1,-3,4
173,176,2
-171,-190,0
-175,-185,0
-172,174,1
178,-189,3
-169,-189,0
3,2,4
-2,3,4
-171,-183,0
-183,-175,0
-172,-175,0
0,203,5
4,202,5
178,-169,3
-176,-187,0
179,179,2
-174,-184,0
3,-4,4
-4,-5,4
5,1,4
-186,-173,0
-182,176,1
-184,177,1
2,200,5
2,196,5
-182,-176,0
2,198,5
181,174,2
179,-194,3
173,168,2
-180,-189,0
-2,198,5
-7,-4,4
-9,3,4
-181,175,1
180,-170,3
184,166,2
177,190,2
184,-184,3
-9,202,5
6,203,5
2,-5,4
-181,182,1
-167,-192,0
-4,2,4
8,190,5
188,-183,3
-6,204,5
-180,179,1
3,3,4
183,167,2
3,198,5
191,-185,3
10,200,5
1,-9,4
175,179,2
175,-194,3
7,190,5
0,202,5
-3,-3,4
-187,-184,0
-176,-177,0
179,-152,3
-3,0,4
-191,184,1
3,0,4
0,202,5
185,-175,3
6,196,5
175,-184,3
185,-193,3
182,-169,3
-4,198,5
-175,-178,0
-181,182,1
1,0,4
-9,211,5
-186,180,1
182,196,2
-202,-184,0
184,-181,3
184,-192,3
1,2,4
-3,206,5
-2,204,5
-184,187,1
4,-4,4
10,-7,4
9,-5,4
184,-204,3
-179,180,1
-191,-185,0
5,200,5
-199,-181,0
-181,181,1
-8,196,5
180,-170,3
181,192,2
-176,175,1
179,175,2
-182,178,1
176,200,2
184,187,2
3,-2,4
-1,1,4
179,170,2
-184,178,1
-175,-169,0
181,-177,3
2,-5,4
-180,-177,0
-186,174,1
-1,-3,4
177,184,2
-179,-187,0
187,175,2
175,-178,3
184,164,2
-178,182,1
178,-171,3
-182,180,1
-7,-7,4
188,185,2
183,175,2
3,203,5
-5,3,4
173,177,2
-187,-177,0
171,173,2
184,181,2
5,205,5
0,202,5
184,168,2
-180,185,1
-178,-180,0
-178,-171,0
-1,1,4
184,-193,3
-202,-181,0
-186,180,1
-173,180,1
-10,207,5
-2,10,4
175,192,2
175,185,2
-188,-173,0
-187,179,1
2,5,4
-186,-177,0
-180,-182,0
-186,176,1
-4,5,4
-186,-181,0
-183,182,1
-182,-174,0
-193,-175,0
175,184,2
-5,-2,4
183,-179,3
182,-196,3
184,186,2
5,201,5
-180,181,1
-3,205,5
-1,211,5
-168,-182,0
-8,-4,4
-11,199,5
0,3,4
2,4,4
6,-2,4
-6,-3,4
181,-177,3
-178,-176,0
-176,175,1
4,4,4
174,-184,3
-169,181,1
179,-168,3
188,-171,3
-8,186,5
177,-185,3
2,4,4
3,201,5
-174,-185,0
3,2,4
179,-180,3
-2,191,5
-174,182,1
-6,200,5
179,-171,3
-182,-181,0
2,-3,4
177,188,2
182,186,2
175,-179,3
174,193,2
11,198,5
180,157,2
3,2,4
-186,179,1
-182,-164,0
-174,175,1
177,-180,3
-2,-8,4
-176,189,1
-1,-9,4
182,181,2
179,191,2
-1,-11,4
174,190,2
189,-187,3
-145,-180,0
-182,186,1
-181,-185,0
185,-176,3
182,-184,3
178,-174,3
177,-176,3
181,-188,3
183,-177,3
182,182,2
-3,7,4
-177,185,1
-191,176,1
-2,1,4
-3,189,5
1,208,5
-1,4,4
180,-197,3
182,-180,3
185,180,2
177,-178,3
-185,-176,0
2,202,5
-1,198,5
176,167,2
0,2,4
-174,-178,0
3,-2,4
2,-1,4
-180,177,1
-182,182,1
-190,185,1
188,164,2
5,1,4
-180,174,1
182,188,2
-1,0,4
180,-178,3
182,-172,3
-184,-186,0
184,178,2
3,1,4
-7,198,5
-184,184,1
-177,180,1
175,-168,3
-183,176,1
-176,-177,0
-174,-186,0
181,-185,3
185,-184,3
174,186,2
-167,-181,0
-6,-2,4
-193,-177,0
0,5,4
-172,179,1
-191,-184,0
187,-161,3
-182,184,1
177,-172,3
-180,176,1
10,4,4
-1,202,5
172,-185,3
-185,-173,0
-175,-178,0
-4,200,5
-1,-4,4
182,-179,3
-181,179,1
-172,-188,0
190,-177,3
2,198,5
183,-187,3
-180,181,1
-174,-185,0
-179,-187,0
-175,-184,0
187,-174,3
180,170,2
-176,179,1
3,202,5
2,10,4
-186,176,1
2,205,5
-173,-182,0
177,189,2
-173,180,1
-173,-181,0
2,5,4
0,200,5
-184,176,1
-174,-177,0
-180,-176,0
-183,178,1
-189,-180,0
183,174,2
-170,177,1
-4,203,5
182,171,2
-187,-180,0
-171,-176,0
5,199,5
-8,200,5
1,202,5
179,-183,3
184,180,2
-183,182,1
179,195,2
-185,185,1
186,-196,3
-2,202,5
179,187,2
189,-178,3
7,-3,4
183,-192,3
-182,-196,0
176,-163,3
176,-193,3
-195,-182,0
4,-3,4
-178,-169,0
180,183,2
5,-4,4
-181,184,1
179,-178,3
-4,-3,4
0,202,5
-2,-15,4
4,5,4
1,201,5
5,197,5
-3,203,5
-197,-181,0
182,190,2
-2,195,5
-177,176,1
-199,-177,0
178,-188,3
-179,-179,0
-2,202,5
5,208,5
182,-187,3
182,-175,3
179,190,2
183,-177,3
179,-187,3
-1,198,5
-175,181,1
-180,178,1
-158,-189,0
-3,0,4
178,-187,3
184,187,2
-173,179,1
-172,177,1
189,-175,3
-3,194,5
-3,2,4
-6,202,5
177,-177,3
-183,-183,0
-186,170,1
175,181,2
-187,182,1
186,167,2
178,184,2
8,204,5
-187,-183,0
-3,201,5
181,187,2
-182,184,1
-189,-182,0
2,-1,4
-176,187,1
-175,-177,0
-182,183,1
-176,-182,0
171,186,2
-4,187,5
179,-181,3
-174,-179,0
-178,183,1
7,199,5
176,-178,3
187,-185,3
174,188,2
-2,203,5
-168,-185,0
-184,181,1
0,2,4
-182,173,1
177,-175,3
2,5,4
-177,181,1
178,-190,3
-181,183,1
187,165,2
172,186,2
185,-182,3
-1,195,5
1,0,4
-5,199,5
-171,175,1
-178,-179,0
183,200,2
174,-198,3
-166,-181,0
-12,199,5
-184,-176,0
6,204,5
-166,-188,0
179,176,2
177,162,2
-181,181,1
184,-174,3
173,183,2
-1,198,5
3,-2,4
-1,-4,4
-169,-173,0
-175,187,1
-176,185,1
4,-3,4
-200,-178,0
-174,185,1
-4,203,5
-203,-180,0
9,0,4
-3,197,5
177,-179,3
-4,194,5
1,197,5
-177,180,1
1,-3,4
184,184,2
179,-180,3
-189,-183,0
-186,182,1
181,181,2
-177,180,1
7,0,4
-2,198,5
187,-182,3
-164,-187,0
183,183,2
-180,172,1
-6,-3,4
180,-174,3
173,-168,3
186,-173,3
-1,197,5
184,-177,3
181,-184,3
-1,199,5
-179,184,1
-5,203,5
177,182,2
-167,-175,0
-179,-181,0
-171,-186,0
-173,-190,0
182,-164,3
179,-175,3
-177,175,1
-180,-175,0
181,-175,3
3,201,5
-197,-172,0
-192,-180,0
1,2,4
-179,183,1
7,198,5
-1,199,5
182,-184,3
-10,204,5
-180,181,1
-184,181,1
-177,-186,0
-170,187,1
181,-197,3
185,192,2
188,-180,3
-175,179,1
4,211,5
182,-177,3
185,-172,3
-188,-192,0
178,-169,3
-168,-173,0
-178,-176,0
-190,-180,0
-7,2,4
-4,200,5
-178,177,1
191,-189,3
-186,179,1
-192,-182,0
4,5,4
186,183,2
180,174,2
4,0,4
179,-172,3
6,204,5
-172,-177,0
-182,178,1
185,190,2
-182,-179,0
-6,10,4
-190,-184,0
178,-179,3
185,193,2
179,169,2
-184,-170,0
-176,-187,0
-176,-188,0
1,197,5
178,180,2
0,195,5
-167,-175,0
-170,-171,0
-174,-186,0
2,206,5
-182,-183,0
2,198,5
-181,172,1
-179,184,1
-182,179,1
185,177,2
0,0,4
178,-200,3
-181,-176,0
180,-192,3
-4,16,4
-180,-180,0
179,196,2
0,198,5
181,-176,3
181,-188,3
-4,4,4
-170,-182,0
4,199,5
167,178,2
177,173,2
-181,-178,0
-191,179,1
1,199,5
0,-6,4
-6,-2,4
-3,202,5
-186,-185,0
9,8,4
-2,193,5
-180,-179,0
-1,197,5
-181,-184,0
182,-180,3
192,-171,3
-187,-184,0
8,208,5
-8,8,4
-3,4,4
3,-4,4
-182,182,1
182,-170,3
177,192,2
1,194,5
-182,189,1
182,-193,3
-180,-174,0
3,201,5
175,-190,3
177,184,2
186,-182,3
-176,-182,0
184,-168,3
182,-176,3
5,213,5
176,167,2
-171,-179,0
-1,-2,4
-182,188,1
-174,-180,0
178,163,2
185,-198,3
178,-174,3
-3,6,4
179,187,2
182,-194,3
176,-174,3
7,202,5
184,-165,3
181,-192,3
9,7,4
185,-177,3
-1,192,5
183,168,2
181,176,2
-175,174,1
-179,182,1
-192,177,1
-205,-182,0
-5,193,5
181,-179,3
-199,-175,0
-176,180,1
-181,171,1
170,180,2
-8,2,4
180,-186,3
177,-192,3
-175,177,1
-178,169,1
-174,185,1
183,-177,3
-3,203,5
2,198,5
193,181,2
-1,196,5
174,-171,3
4,201,5
-185,182,1
174,199,2
3,201,5
176,189,2
-7,200,5
-169,-181,0
-3,209,5
-176,-178,0
-7,195,5
-2,6,4
182,174,2
-4,-5,4
-208,196,5
-8,-9,4
-2,196,5
-6,1,4
-3,190,5
179,-166,3
171,177,2
-186,-181,0
185,-163,3
-187,178,1
176,191,2
-177,176,1
182,167,2
179,175,2
184,-178,3
-173,-180,0
-175,-182,0
-182,-179,0
-188,-185,0
177,-174,3
-184,176,1
-2,200,5
178,-181,3
185,181,2
-5,195,5
-172,178,1
4,201,5
-3,193,5
-178,176,1
-176,179,1
-177,176,1
183,181,2
9,195,5
-5,7,4
-174,-175,0
183,-179,3
-3,8,4
184,-187,3
-178,172,1
-9,0,4
-177,-176,0
0,-4,4
5,-2,4
-7,-5,4
0,8,4
-171,-176,0
-190,-179,0
180,-157,3
-189,183,1
175,-184,3
1,206,5
171,193,2
-187,181,1
178,181,2
-3,194,5
-2,198,5
183,-178,3
4,3,4
174,179,2
-179,181,1
-174,171,1
177,168,2
-182,180,1
-1,-6,4
-198,-175,0
-2,191,5
184,-182,3
-182,179,1
-169,-174,0
-5,201,5
-4,202,5
174,166,2
-188,-177,0
0,-8,4
182,-183,3
-180,176,1
190,184,2
-6,-8,4
180,-169,3
-176,179,1
7,195,5
-176,-183,0
-3,200,5
-196,-186,0
-3,-1,4
181,-202,3
2,-6,4
-6,-8,4
181,-181,3
-176,-173,0
189,187,2
-194,-180,0
180,-170,3
173,169,2
-167,-176,0
7,5,4
177,187,2
181,178,2
185,176,2
-4,0,4
-192,-186,0
175,-182,3
178,170,2
-184,180,1
181,-178,3
-184,-188,0
180,-182,3
-7,2,4
177,177,2
183,197,2
-181,176,1
-176,184,1
0,6,4
-181,177,1
181,182,2
-170,-178,0
-191,-180,0
-176,-179,0
-3,5,4
177,-186,3
0,0,4
-180,178,1
-182,185,1
179,189,2
5,-2,4
2,10,4
-176,178,1
170,-152,3
176,-190,3
182,181,2
179,163,2
-177,184,1
-1,199,5
-189,-184,0
179,-183,3
-184,178,1
-180,-178,0
6,-3,4
-175,-173,0
-183,175,1
181,-185,3
-174,177,1
-179,182,1
173,-159,3
-183,172,1
-176,-179,0
1,-2,4
-184,179,1
-183,-181,0
179,188,2
184,-174,3
0,202,5
180,167,2
177,-205,3
-5,-2,4
180,183,2
-185,180,1
0,201,5
-174,-174,0
177,-176,3
186,-184,3
177,186,2
-2,6,4
6,-7,4
177,-177,3
-3,204,5
2,203,5
188,-164,3
-179,-187,0
3,-2,4
174,159,2
-181,-176,0
179,182,2
176,189,2
180,-177,3
-183,186,1
180,-201,3
-6,192,5
178,170,2
-185,183,1
-174,178,1
-7,194,5
178,190,2
183,-196,3
2,200,5
-177,179,1
-174,-174,0
3,4,4
185,-173,3
1,205,5
0,199,5
-185,183,1
-182,-180,0
0,8,4
10,-2,4
186,183,2
8,0,4
181,177,2
-5,199,5
0,1,4
180,195,2
-175,186,1
179,-184,3
174,173,2
-188,-184,0
-4,212,5
8,-4,4
185,-184,3
183,-183,3
-166,-174,0
9,191,5
176,-172,3
180,174,2
-181,-179,0
0,210,5
175,188,2
-3,4,4
183,-184,3
4,199,5
9,211,5
-3,208,5
186,-190,3
3,1,4
-190,185,1
-10,204,5
0,-5,4
-175,185,1
-189,-181,0
-177,182,1
183,187,2
-174,-178,0
4,214,5
-6,1,4
-8,-2,4
183,-193,3
-10,200,5
182,173,2
7,191,5
-167,-182,0
174,183,2
-176,-188,0
-3,197,5
191,-185,3
3,-5,4
-6,195,5
3,200,5
182,185,2
180,181,2
179,168,2
176,-182,3
-180,184,1
-169,-177,0
0,-4,4
184,185,2
185,-188,3
178,-174,3
174,-194,3
177,170,2
3,209,5
4,-1,4
-190,-182,0
-10,12,4
-171,181,1
-1,202,5
182,-182,3
185,-160,3
4,-7,4
176,160,2
180,175,2
-176,182,1
185,-155,3
-171,-169,0
9,197,5
-180,178,1
186,175,2
4,-2,4
176,-186,3
-186,185,1
-169,-180,0
-178,183,1
183,181,2
-179,183,1
1,-13,4
-185,176,1
6,196,5
185,191,2
176,-159,3
179,-163,3
3,8,4
176,186,2
176,204,2
-183,180,1
-180,-173,0
182,-174,3
-182,-179,0
-2,195,5
-175,178,1
-179,-177,0
3,201,5
-179,178,1
185,-179,3
-189,-178,0
187,-155,3
-176,-178,0
-183,186,1
5,212,5
4,186,5
-1,-5,4
5,210,5
-175,181,1
-184,180,1
-177,180,1
186,174,2
178,175,2
-1,205,5
-175,185,1
-184,188,1
169,180,2
175,184,2
-1,207,5
-181,178,1
4,208,5
182,-179,3
2,1,4
180,193,2
2,12,4
182,175,2
-1,211,5
181,-169,3
0,10,4
0,1,4
-3,202,5
-2,198,5
-11,-8,4
2,204,5
-3,191,5
-182,-169,0
-4,-1,4
0,200,5
-171,-188,0
177,-172,3
-177,182,1
-195,-182,0
-194,-177,0
180,179,2
-178,182,1
9,203,5
-175,173,1
179,189,2
178,-169,3
179,-174,3
-176,178,1
184,-176,3
179,-172,3
-183,192,1
4,2,4
182,167,2
-183,-192,0
6,198,5
186,191,2
178,173,2
3,4,4
187,-182,3
-173,-185,0
-5,207,5
7,202,5
182,200,2
184,-170,3
180,-172,3
171,178,2
177,197,2
-197,179,1
184,-173,3
-195,-179,0
-182,175,1
180,-177,3
10,-1,4
-174,179,1
-183,187,1
-175,-174,0
176,-176,3
-1,202,5
-180,-192,0
1,202,5
-180,-183,0
-183,176,1
2,194,5
184,176,2
-169,179,1
185,182,2
-180,-185,0
-184,-187,0
4,-2,4
171,190,2
177,-186,3
-2,200,5
5,-7,4
-186,-178,0
8,5,4
-6,-2,4
-176,179,1
-187,179,1
5,206,5
-2,199,5
2,-2,4
175,-178,3
-3,-6,4
2,199,5
186,-161,3
-183,183,1
172,-169,3
182,183,2
179,-180,3
6,5,4
0,193,5
186,181,2
184,195,2
-179,-177,0
3,-3,4
4,215,5
176,174,2
-2,196,5
-3,200,5
0,205,5
2,205,5
0,198,5
181,-167,3
-178,177,1
-7,5,4
-170,-186,0
0,212,5
179,-174,3
180,-164,3
-169,-178,0
-177,191,1
4,-2,4
-5,202,5
0,1,4
183,173,2
2,196,5
14,8,4
170,-178,3
185,195,2
0,-2,4
-2,-3,4
-8,194,5
171,-171,3
183,-189,3
183,175,2
173,-162,3
181,-167,3
187,-192,3
-3,2,4
174,-182,3
-187,-171,0
173,-188,3
0,4,4
7,199,5
12,-1,4
181,-189,3
2,201,5
177,-188,3
185,-187,3
1,200,5
-6,-1,4
185,200,2
8,202,5
-172,181,1
-1,9,4
-182,181,1
189,-176,3
174,193,2
-181,178,1
-180,177,1
182,-179,3
-5,-10,4
3,1,4
-175,186,1
177,170,2
-5,194,5
-179,-184,0
-185,180,1
-4,4,4
-177,-173,0
-5,207,5
-4,200,5
0,208,5
0,-2,4
8,200,5
-172,-178,0
-1,0,4
-1,-4,4
-13,196,5
-184,180,1
-1,-2,4
174,-184,3
-183,184,1
2,204,5
185,190,2
-179,-186,0
-2,200,5
177,-203,3
-178,174,1
-162,-180,0
178,-188,3
179,-180,3
-7,-3,4
177,-185,3
-173,-185,0
186,-174,3
175,194,2
178,-176,3
-6,-5,4
180,-162,3
-167,-177,0
179,176,2
-2,193,5
191,-194,3
182,-186,3
0,-3,4
176,-177,3
-2,-6,4
-188,176,1
-5,2,4
-184,181,1
181,-163,3
-181,182,1
-7,-9,4
177,173,2
186,191,2
175,186,2
176,-172,3
-171,189,1
183,-164,3
172,188,2
-183,174,1
-183,189,1
179,-204,3
-184,-186,0
168,-166,3
0,6,4
178,-183,3
0,8,4
-179,178,1
-2,204,5
-176,175,1
-4,196,5
5,1,4
-7,-2,4
-182,180,1
177,-206,3
-183,176,1
-1,206,5
-183,-171,0
-179,185,1
-7,199,5
174,-185,3
176,-180,3
-180,-181,0
8,-1,4
8,1,4
-191,178,1
-1,5,4
-179,174,1
5,1,4
-176,176,1
-3,197,5
184,-180,3
177,-175,3
-172,175,1
-11,201,5
187,170,2
-5,197,5
-156,-182,0
178,181,2
-177,185,1
-4,193,5
183,187,2
178,-193,3
184,184,2
177,-187,3
-2,197,5
180,193,2
177,177,2
179,-185,3
-183,178,1
186,181,2
-197,-171,0
4,202,5
187,-191,3
-174,179,1
-3,-1,4
-5,8,4
172,180,2
-2,-4,4
-187,-188,0
-4,-2,4
-180,178,1
181,185,2
-190,174,1
1,195,5
-185,181,1
179,-163,3
0,4,4
175,-180,3
10,207,5
-179,-173,0
176,180,2
-183,184,1
179,-184,3
182,184,2
0,202,5
-3,7,4
0,193,5
-181,185,1
-180,-186,0
179,-163,3
-4,-3,4
-176,186,1
-185,177,1
4,2,4
-178,179,1
0,202,5
179,-196,3
172,166,2
-184,177,1
-184,186,1
167,-184,3
-180,-178,0
-188,-177,0
0,192,5
9,-6,4
178,166,2
-184,-191,0
-185,-184,0
8,202,5
-168,-173,0
169,185,2
178,-167,3
-1,1,4
-176,-183,0
-186,-184,0
-183,-174,0
-3,2,4
5,197,5
186,-195,3
185,179,2
-176,177,1
-190,-185,0
175,-191,3
-164,-178,0
-2,-9,4
-4,2,4
-182,-176,0
-194,-179,0
177,196,2
-183,-188,0
183,-173,3
-1,-5,4
182,181,2
-176,-179,0
-3,206,5
182,178,2
5,210,5
178,-183,3
180,190,2
-176,183,1
-184,180,1
178,-187,3
-6,-1,4
7,-5,4
-4,-6,4
-186,185,1
183,-180,3
-188,176,1
-1,-5,4
180,-167,3
177,-171,3
-3,204,5
3,199,5
169,174,2
172,166,2
-6,0,4
2,1,4
-174,-179,0
-1,5,4
-183,185,1
5,9,4
177,179,2
2,-2,4
-183,179,1
190,176,2
-175,182,1
-178,-172,0
179,193,2
-2,195,5
-4,-4,4
179,184,2
-155,-179,0
174,198,2
-6,-5,4
-176,179,1
-172,-175,0
-5,3,4
-183,-175,0
182,-165,3
5,-4,4
-5,-3,4
-189,178,1
184,-194,3
-184,-179,0
-1,-7,4
-185,-181,0
0,205,5
3,-2,4
-9,204,5
-6,196,5
193,-180,3
-4,208,5
175,-183,3
176,186,2
-178,183,1
-13,-1,4
175,-172,3
-3,195,5
-5,198,5
180,-165,3
179,-175,3
-179,-174,0
1,-1,4
-182,190,1
-179,-183,0
183,-189,3
178,-202,3
-8,8,4
1,201,5
182,-185,3
5,-1,4
179,-190,3
-180,182,1
-181,175,1
-189,-183,0
182,191,2
12,-5,4
182,-188,3
-4,6,4
-185,181,1
-182,172,1
-175,-179,0
-213,-179,0
180,-182,3
184,-184,3
181,-184,3
-176,-181,0
-185,-182,0
-197,-185,0
-173,-179,0
-174,177,1
176,-188,3
176,-183,3
-5,195,5
-178,182,1
-12,1,4
183,-175,3
-2,-2,4
-185,184,1
-186,175,1
-178,183,1
-177,181,1
181,-168,3
-2,203,5
-194,-183,0
-185,-183,0
177,-194,3
-183,180,1
-2,-4,4
173,195,2
-181,186,1
-5,198,5
-176,175,1
180,164,2
-195,-181,0
-195,-182,0
10,-9,4
-4,-3,4
179,-207,3
183,173,2
178,169,2
176,-180,3
-7,196,5
177,-170,3
-186,-185,0
182,-160,3
-170,-176,0
178,179,2
179,205,2
-161,-185,0
-180,-176,0
5,-2,4
176,168,2
181,-189,3
174,188,2
-174,178,1
-2,203,5
0,1,4
-178,178,1
-189,-181,0
177,189,2
181,178,2
-2,4,4
-182,-179,0
5,3,4
-181,-174,0
-179,-178,0
184,182,2
-180,176,1
-176,178,1
-2,4,4
-174,-187,0
-187,-169,0
-178,-169,0
-182,-173,0
-182,183,1
4,206,5
-1,193,5
187,176,2
-178,181,1
7,206,5
-190,-177,0
-174,-183,0
-177,172,1
-158,-188,0
-3,5,4
-1,2,4
2,4,4
-181,181,1
179,-174,3
-183,184,1
-162,-180,0
180,-183,3
-181,182,1
177,-173,3
5,196,5
-206,-184,0
177,-202,3
176,171,2
1,-3,4
-185,-177,0
-180,177,1
-1,203,5
186,-167,3
-182,179,1
-178,-175,0
181,190,2
176,194,2
-178,178,1
182,162,2
-5,1,4
-167,-176,0
-178,-182,0
-185,182,1
-5,5,4
-4,2,4
-185,179,1
184,184,2
170,187,2
183,-191,3
4,-2,4
0,3,4
-187,-168,0
179,-198,3
178,-191,3
2,3,4
-179,176,1
174,-197,3
-1,202,5
181,184,2
-5,204,5
184,186,2
3,13,4
-175,-185,0
2,195,5
-197,-183,0
181,-169,3
6,4,4
-175,-186,0
-2,-3,4
186,-182,3
177,-181,3
-9,-2,4
-188,-176,0
-1,-3,4
-197,-173,0
-179,178,1
-181,-182,0
183,-189,3
-172,185,1
4,204,5
-4,202,5
182,-195,3
5,196,5
-3,-3,4
-201,-174,0
184,-172,3
-7,201,5
-178,180,1
6,-3,4
-185,-171,0
-187,171,1
176,179,2
-1,-7,4
-186,176,1
-186,-174,0
180,-190,3
181,164,2
-181,-182,0
-186,173,1
176,170,2
-6,-2,4
179,-160,3
181,161,2
-2,-7,4
-171,173,1
175,189,2
-174,182,1
-168,-179,0
-189,-187,0
-181,179,1
-176,182,1
-171,-170,0
7,210,5
-6,203,5
-178,175,1
182,178,2
182,193,2
-2,206,5
-187,177,1
181,176,2
179,-178,3
177,-171,3
-186,-180,0
0,-2,4
6,-5,4
-173,-186,0
-185,-182,0
176,176,2
-3,-4,4
-5,2,4
-190,175,1
178,-184,3
186,176,2
-182,174,1
0,203,5
-2,-2,4
7,-1,4
166,178,2
-198,-182,0
-1,6,4
189,162,2
-4,4,4
182,187,2
3,198,5
-173,183,1
5,200,5
7,-6,4
179,181,2
-177,-184,0
-171,-180,0
-8,-4,4
-5,-3,4
-168,-180,0
-3,-6,4
-182,-175,0
9,3,4
-178,-180,0
176,-194,3
-172,-186,0
-180,175,1
-181,178,1
5,203,5
-183,-182,0
-182,184,1
182,201,2
184,186,2
177,180,2
182,180,2
-181,181,1
173,173,2
181,171,2
14,-7,4
2,-2,4
-188,178,1
5,-5,4
2,2,4
-3,199,5
-183,-190,0
-186,-175,0
-177,-178,0
-183,180,1
178,167,2
187,171,2
0,0,4
6,205,5
3,11,4
-183,178,1
-187,-177,0
187,-191,3
176,186,2
178,-181,3
-183,182,1
-191,175,1
2,1,4
182,167,2
-167,-183,0
-183,-184,0
-177,-179,0
-177,180,1
6,199,5
-4,189,5
0,196,5
182,-180,3
182,-170,3
171,185,2
183,-179,3
-178,178,1
-6,1,4
-181,-185,0
-177,-177,0
184,-191,3
190,171,2
182,-174,3
2,203,5
-189,-180,0
176,173,2
176,-173,3
-179,-183,0
-172,-184,0
-2,208,5
182,191,2
-177,-177,0
-177,189,1
3,200,5
177,191,2
-3,197,5
178,-178,3
15,205,5
185,208,2
3,192,5
6,5,4
177,189,2
3,205,5
184,182,2
-184,-183,0
3,-7,4
179,-196,3
1,204,5
181,191,2
188,-193,3
183,169,2
183,-189,3
175,190,2
189,169,2
-177,-181,0
177,-182,3
-178,183,1
188,-185,3
0,-7,4
-194,-175,0
0,-6,4
3,0,4
-184,177,1
175,-181,3
-7,7,4
-174,-181,0
177,183,2
0,205,5
-177,-179,0
-171,-187,0
182,174,2
2,190,5
3,-7,4
-179,182,1
-5,199,5
-180,182,1
-7,-13,4
4,-3,4
-185,-178,0
182,180,2
-6,1,4
183,182,2
-179,186,1
186,174,2
-1,208,5
173,-181,3
5,207,5
-181,178,1
8,1,4
-177,178,1
1,-2,4
-7,196,5
-182,-174,0
-181,-169,0
178,-172,3
4,6,4
-2,4,4
186,-179,3
177,-171,3
-178,-175,0
-172,-184,0
-184,-183,0
-2,1,4
-5,205,5
4,202,5
-6,3,4
-181,181,1
188,-185,3
185,178,2
-180,183,1
8,205,5
-184,-180,0
-171,-189,0
1,-3,4
-172,176,1
-177,-181,0
-169,-176,0
-179,-182,0
-174,-182,0
-1,6,4
-7,201,5
181,-200,3
-175,-181,0
-3,195,5
183,-173,3
178,176,2
177,185,2
-178,183,1
181,-186,3
185,179,2
10,0,4
-166,-182,0
-4,194,5
-169,-178,0
-186,-172,0
181,-171,3
5,-3,4
-1,-3,4
179,-176,3
-163,-181,0
-180,-183,0
-1,-1,4
-1,3,4
-179,186,1
174,168,2
-187,-177,0
175,194,2
1,206,5
178,165,2
-5,199,5
175,-175,3
-15,-6,4
176,180,2
-5,-8,4
-9,-2,4
10,198,5
174,188,2
177,179,2
181,164,2
181,-189,3
180,179,2
-183,184,1
-178,179,1
-178,183,1
175,169,2
-190,-187,0
-172,180,1
180,-187,3
175,168,2
-2,215,5
-195,-179,0
-179,180,1
0,1,4
178,-184,3
177,171,2
177,-193,3
184,-174,3
1,-3,4
-183,179,1
-181,181,1
-186,181,1
2,5,4
-182,180,1
-1,2,4
4,7,4
-1,203,5
1,3,4
0,191,5
-5,205,5
185,-173,3
176,169,2
-175,172,1
-7,5,4
182,184,2
-10,202,5
186,174,2
181,-165,3
-1,5,4
172,-181,3
-183,-182,0
-10,-6,4
-171,182,1
-178,175,1
187,-173,3
177,178,2
172,162,2
1,207,5
-10,0,4
-1,203,5
4,-6,4
10,199,5
-183,-180,0
-5,208,5
-171,-189,0
-3,207,5
-169,-181,0
2,204,5
181,-182,3
175,-168,3
176,-191,3
187,174,2
-182,-183,0
177,183,2
-181,178,1
-2,205,5
-183,175,1
0,-4,4
180,-182,3
-158,-192,0
0,198,5
-177,187,1
-177,182,1
-174,-189,0
4,202,5
179,-188,3
179,169,2
-179,181,1
7,200,5
2,195,5
0,2,4
-201,-178,0
177,181,2
-176,182,1
-180,179,1
-180,179,1
179,184,2
7,3,4
3,198,5
-174,178,1
177,-183,3
-208,-183,0
-184,182,1
-174,183,1
181,-179,3
-156,-181,0
-184,-180,0
183,-172,3
185,-169,3
188,189,2
-181,179,1
181,-180,3
179,181,2
174,172,2
-179,174,1
5,6,4
-185,-185,0
-170,185,1
-14,198,5
-181,180,1
-8,-6,4
178,182,2
1,201,5
178,-176,3
181,199,2
-2,5,4
-7,199,5
181,165,2
5,0,4
184,-159,3
-181,179,1
0,1,4
9,4,4
184,187,2
-186,-184,0
186,193,2
-179,-177,0
177,-207,3
-174,-170,0
-195,-171,0
183,173,2
2,7,4
-176,-184,0
-171,-187,0
7,193,5
-2,3,4
184,-188,3
-6,5,4
2,198,5
179,183,2
-182,-180,0
173,174,2
-175,-178,0
-5,200,5
1,5,4
-184,178,1
3,198,5
0,-2,4
0,4,4
-164,-184,0
185,-174,3
173,-191,3
-177,-182,0
4,191,5
180,-167,3
-186,-177,0
2,199,5
180,170,2
182,-183,3
188,-189,3
-184,185,1
179,-167,3
-183,-182,0
-175,184,1
180,-176,3
1,0,4
-178,183,1
-177,-189,0
0,-12,4
183,-190,3
182,153,2
-3,-2,4
-5,200,5
3,208,5
183,-175,3
175,171,2
-179,-183,0
175,-191,3
-3,5,4
-151,-175,0
181,-172,3
187,182,2
-192,-174,0
-170,-178,0
8,201,5
-10,196,5
-5,197,5
7,4,4
-5,-6,4
-172,-174,0
184,-188,3
-1,196,5
0,203,5
-187,-176,0
193,189,2
180,177,2
-178,185,1
-176,174,1
1,1,4
174,167,2
6,197,5
-3,202,5
-5,205,5
181,-183,3
12,3,4
2,198,5
-186,-166,0
182,186,2
-174,-169,0
179,175,2
181,-185,3
3,211,5
178,177,2
1,199,5
180,-175,3
-181,180,1
-1,200,5
181,-172,3
12,8,4
-187,182,1
-176,-176,0
-173,179,1
-182,-178,0
-4,7,4
181,-179,3
-180,181,1
-174,-187,0
-192,-179,0
-1,0,4
-181,178,1
-179,176,1
-174,179,1
4,2,4
-182,-178,0
1,2,4
-175,180,1
-1,9,4
181,-177,3
180,-182,3
185,182,2
173,189,2
-1,5,4
176,-186,3
-186,-184,0
-184,179,1
-178,184,1
178,-189,3
-175,-175,0
189,173,2
-181,168,1
-4,193,5
-195,-172,0
-3,-15,4
178,168,2
-5,2,4
177,171,2
184,-173,3
182,-172,3
173,185,2
184,166,2
-5,202,5
-184,179,1
-1,3,4
-185,-181,0
-1,208,5
-2,-5,4
2,0,4
-179,183,1
-164,177,1
0,-12,4
-178,-179,0
-7,200,5
-11,-4,4
173,-176,3
-176,178,1
181,194,2
187,-185,3
1,-3,4
-1,193,5
-171,-180,0
2,194,5
-179,180,1
-182,180,1
-185,173,1
169,191,2
183,180,2
183,167,2
3,-6,4
-1,0,4
176,-179,3
3,-6,4
-189,-184,0
9,201,5
-193,-185,0
181,173,2
4,195,5
-5,-8,4
-173,181,1
169,178,2
2,189,5
-2,5,4
2,208,5
-3,12,4
181,169,2
3,0,4
-189,-192,0
-174,180,1
187,-201,3
-2,192,5
-3,-12,4
11,-3,4
182,-170,3
-170,-176,0
175,-194,3
-183,182,1
-5,206,5
-172,182,1
-4,198,5
-173,-181,0
3,202,5
178,-170,3
-187,-188,0
0,197,5
-170,-188,0
3,205,5
-186,-182,0
-174,179,1
176,-184,3
-185,-188,0
0,197,5
-166,-179,0
-184,179,1
-176,173,1
4,192,5
179,-206,3
5,203,5
-3,198,5
-1,3,4
-3,8,4
-168,181,1
-178,169,1
181,-199,3
177,181,2
189,186,2
180,-168,3
182,-198,3
183,176,2
1,198,5
172,188,2
-199,-179,0
3,8,4
-183,-179,0
2,198,5
-187,178,1
-178,-184,0
184,189,2
-7,198,5
1,210,5
-8,195,5
-6,0,4
177,181,2
-174,-175,0
5,-3,4
-183,182,1
185,176,2
-176,176,1
-179,181,1
-173,181,1
180,-187,3
0,205,5
-179,-179,0
181,-177,3
179,-183,3
0,199,5
170,-176,3
188,-174,3
-2,204,5
-4,203,5
5,203,5
2,202,5
12,1,4
-188,-170,0
-6,0,4
174,173,2
173,163,2
182,169,2
1,196,5
-189,-182,0
-6,196,5
173,168,2
1,-4,4
179,171,2
182,172,2
-175,182,1
-5,198,5
176,-196,3
5,2,4
7,-10,4
-175,176,1
-177,173,1
188,-178,3
-180,-177,0
-179,177,1
9,200,5
8,7,4
-1,197,5
-189,-184,0
-188,-178,0
-173,175,1
-8,195,5
-180,172,1
-174,177,1
184,-172,3
179,-173,3
-182,181,1
180,-184,3
-179,-181,0
175,193,2
187,171,2
-183,-177,0
174,-186,3
179,-183,3
-185,178,1
-3,2,4
-3,194,5
-190,-191,0
-184,184,1
179,189,2
172,172,2
-182,-181,0
178,-189,3
9,196,5
-174,184,1
-186,183,1
183,176,2
-9,199,5
179,-186,3
4,1,4
-1,1,4
185,184,2
-1,199,5
0,196,5
2,3,4
3,198,5
0,203,5
-6,1,4
7,204,5
7,203,5
180,-189,3
5,205,5
0,200,5
179,190,2
-8,2,4
-186,-185,0
187,182,2
-188,-179,0
183,188,2
2,200,5
-3,2,4
-195,-182,0
-165,-181,0
0,0,4
180,-174,3
-174,-172,0
-189,-187,0
179,157,2
-182,181,1
6,192,5
-1,200,5
-5,208,5
2,208,5
187,188,2
184,179,2
-177,179,1
-176,183,1
175,-180,3
-2,-3,4
178,178,2
179,-176,3
-1,1,4
188,181,2
-179,177,1
185,-183,3
-193,-182,0
178,-182,3
-1,204,5
-3,0,4
-169,-171,0
-2,196,5
-175,185,1
180,178,2
-8,-2,4
184,161,2
178,189,2
184,-182,3
188,180,2
3,200,5
-181,178,1
-177,179,1
-8,-1,4
179,-178,3
-177,-182,0
-7,204,5
-189,-189,0
7,206,5
181,181,2
5,206,5
175,-171,3
176,-178,3
185,152,2
-170,180,1
-175,-180,0
-1,202,5
-181,176,1
3,200,5
-189,-182,0
178,196,2
-176,-183,0
177,172,2
-5,8,4
-186,-186,0
-172,175,1
-183,182,1
185,197,2
-185,178,1
-184,189,1
-2,203,5
176,180,2
-171,-177,0
-181,180,1
172,-191,3
4,-3,4
185,179,2
-7,8,4
-178,-182,0
-170,178,1
-182,180,1
-185,178,1
5,-1,4
-9,212,5
-1,204,5
186,164,2
-165,-179,0
-6,-4,4
-163,-185,0
5,205,5
178,-179,3
1,200,5
-9,-3,4
172,-177,3
6,198,5
175,-183,3
4,-7,4
-168,-182,0
180,-176,3
2,202,5
2,4,4
-2,1,4
182,-170,3
183,-175,3
-4,-5,4
-1,197,5
-180,-178,0
-176,182,1
181,-184,3
174,182,2
4,-4,4
-9,201,5
174,-171,3
7,-7,4
-175,183,1
-194,182,1
180,-165,3
10,0,4
179,183,2
0,4,4
-172,-176,0
0,11,4
183,-176,3
2,-1,4
-164,-180,0
178,175,2
4,203,5
-184,-177,0
188,175,2
2,187,5
3,-3,4
179,178,2
-6,201,5
-8,-3,4
183,-195,3
-165,-176,0
3,-3,4
-183,-179,0
185,192,2
-176,181,1
178,196,2
-174,181,1
182,-178,3
188,177,2
-1,207,5
-179,-175,0
-2,-1,4
177,198,2
-178,177,1
-5,0,4
0,2,4
3,0,4
-4,-5,4
180,-169,3
-188,-181,0
9,-3,4
179,180,2
181,185,2
180,168,2
-180,177,1
0,0,4
3,194,5
-180,-182,0
189,187,2
-189,179,1
-178,175,1
179,-190,3
176,161,2
-202,-177,0
-176,185,1
186,187,2
178,-191,3
-1,-3,4
-174,-172,0
193,179,2
0,196,5
-183,179,1
6,198,5
-185,184,1
-182,-177,0
180,-175,3
173,-186,3
185,-177,3
2,200,5
-184,-180,0
-186,174,1
189,178,2
8,196,5
178,166,2
178,-191,3
-182,178,1
193,177,2
-193,183,1
183,-182,3
185,188,2
0,193,5
-178,180,1
2,202,5
-13,-5,4
6,203,5
-195,-176,0
-2,1,4
-168,-182,0
-175,184,1
5,1,4
182,191,2
-189,174,1
-6,199,5
183,-180,3
190,-181,3
-184,175,1
-174,183,1
-177,178,1
8,201,5
-4,-3,4
-182,-184,0
172,190,2
-178,185,1
-5,198,5
0,203,5
-182,-184,0
181,175,2
-184,183,1
181,168,2
-2,199,5
-164,-178,0
2,3,4
178,178,2
181,172,2
-3,199,5
181,177,2
178,192,2
8,190,5
-168,-183,0
180,-160,3
181,-171,3
189,175,2
175,-174,3
1,4,4
-2,200,5
180,178,2
-175,174,1
-4,207,5
-183,185,1
-176,183,1
176,194,2
178,195,2
-2,-1,4
-196,-184,0
5,197,5
-8,-6,4
184,165,2
-189,187,1
186,157,2
-4,204,5
-4,199,5
-201,-190,0
-2,6,4
-172,-184,0
175,-163,3
-173,-179,0
177,173,2
-184,-174,0
-176,-182,0
-177,179,1
5,-2,4
0,-2,4
-183,174,1
-192,-182,0
182,-199,3
180,172,2
-1,-10,4
-183,183,1
-171,-179,0
0,2,4
183,172,2
-186,180,1
181,-176,3
-4,0,4
-182,-171,0
0,0,4
-183,180,1
186,176,2
179,-175,3
180,179,2
2,-7,4
3,209,5
-5,200,5
-175,-178,0
5,201,5
-177,178,1
-184,-187,0
180,193,2
1,198,5
0,-1,4
10,4,4
-7,208,5
-187,174,1
-192,182,1
-4,7,4
181,-170,3
-5,196,5
-189,-169,0
1,-1,4
2,2,4
178,-181,3
11,-8,4
177,175,2
-180,171,1
15,-7,4
173,-179,3
178,-180,3
-180,177,1
-168,-181,0
-3,-3,4
-170,-181,0
-196,-177,0
-9,201,5
0,5,4
-3,204,5
-180,179,1
-2,209,5
182,193,2
-185,-179,0
182,-177,3
-5,198,5
5,203,5
-165,-183,0
6,2,4
-179,181,1
-185,-184,0
-4,-4,4
-174,183,1
-3,2,4
-181,179,1
15,198,5
-183,174,1
0,-10,4
-179,-180,0
-175,185,1
183,180,2
181,-180,3
179,-185,3
178,-181,3
-1,5,4
174,-191,3
180,-179,3
-3,198,5
-6,208,5
-2,0,4
-196,-187,0
2,0,4
-179,-184,0
-3,193,5
-181,-184,0
-174,177,1
2,7,4
-182,-184,0
1,209,5
182,-177,3
-7,7,4
12,198,5
-184,-184,0
181,-192,3
-178,-188,0
-185,182,1
-179,184,1
2,200,5
184,-168,3
179,-173,3
-7,5,4
-189,179,1
181,196,2
183,-174,3
-181,183,1
-4,2,4
179,-177,3
-180,-183,0
182,170,2
-182,180,1
3,202,5
-190,-179,0
180,-178,3
-179,180,1
0,-2,4
-7,207,5
-192,-168,0
5,191,5
0,-2,4
-167,-182,0
3,-1,4
186,211,2
-182,-178,0
-2,198,5
181,179,2
1,194,5
-175,187,1
178,184,2
-7,196,5
179,-196,3
4,10,4
-181,186,1
180,-175,3
182,-172,3
0,0,4
178,-186,3
1,204,5
1,207,5
-182,182,1
176,-174,3
-187,183,1
178,-179,3
-4,3,4
183,180,2
-183,-180,0
192,193,2
-3,199,5
182,-176,3
-174,-184,0
185,160,2
187,205,2
4,-10,4
-175,-177,0
178,173,2
-190,-170,0
-185,191,1
6,1,4
-180,185,1
177,166,2
-186,-166,0
2,-10,4
-170,183,1
4,-7,4
0,9,4
-184,181,1
183,172,2
175,167,2
3,195,5
-201,-177,0
-186,-189,0
-190,-182,0
183,-175,3
-193,-172,0
-174,173,1
-181,189,1
179,-178,3
-3,198,5
-175,-178,0
5,8,4
180,171,2
-1,-5,4
-178,-183,0
183,-170,3
-182,-182,0
183,-170,3
-186,181,1
-182,191,1
-176,-178,0
-173,-175,0
-172,-176,0
-2,-8,4
-11,204,5
-8,4,4
-2,-5,4
-169,181,1
182,159,2
184,165,2
186,188,2
-175,-190,0
-5,201,5
-202,-177,0
178,-190,3
-194,-175,0
-176,-175,0
-197,-184,0
-6,-10,4
187,190,2
188,170,2
-2,203,5
177,179,2
6,191,5
-183,175,1
-174,179,1
177,-163,3
-183,178,1
10,196,5
174,177,2
179,168,2
6,-5,4
-175,-182,0
184,173,2
181,171,2
-178,181,1
-181,174,1
-178,-183,0
-6,205,5
182,180,2
187,173,2
180,-177,3
178,193,2
-2,-3,4
179,174,2
-190,183,1
-188,186,1
179,-188,3
-3,3,4
-4,205,5
-180,176,1
-1,-3,4
173,171,2
-183,-181,0
-6,196,5
4,204,5
-173,-179,0
173,192,2
-176,-171,0
-185,180,1
175,189,2
-177,186,1
4,188,5
-181,-187,0
-166,-179,0
181,-203,3
-179,184,1
-2,193,5
174,169,2
167,175,2
-179,-184,0
5,-6,4
183,168,2
-183,176,1
184,-182,3
-168,-178,0
-184,-175,0
8,1,4
182,-189,3
181,-207,3
4,195,5
-177,179,1
-173,-176,0
183,-178,3
185,-194,3
181,-183,3
-187,-181,0
180,-198,3
183,-183,3
178,189,2
181,176,2
-2,-7,4
180,190,2
181,-178,3
181,-198,3
-4,0,4
190,167,2
178,-183,3
7,-4,4
174,-202,3
180,-191,3
-1,200,5
-175,178,1
-7,200,5
8,1,4
-175,175,1
5,-4,4
182,-168,3
192,199,2
183,-166,3
1,2,4
-180,-182,0
-3,213,5
3,-7,4
-179,-179,0
2,-5,4
-185,-174,0
3,2,4
-4,192,5
5,-5,4
-162,-184,0
-192,-183,0
1,7,4
-162,-184,0
182,180,2
4,207,5
0,-2,4
-189,-178,0
-171,177,1
0,-5,4
-185,177,1
-176,184,1
178,189,2
4,-5,4
7,-7,4
177,-177,3
-176,179,1
-1,-9,4
182,-181,3
-169,-182,0
-1,-2,4
193,178,2
-167,178,1
-1,201,5
-11,198,5
-6,203,5
182,186,2
181,-187,3
1,204,5
-176,-179,0
-178,-172,0
-170,-180,0
-195,-180,0
175,177,2
0,205,5
-177,-184,0
177,185,2
4,189,5
-184,-182,0
177,182,2
1,4,4
2,-5,4
-180,-176,0
-172,180,1
-168,-187,0
177,-177,3
2,9,4
-177,185,1
4,190,5
182,-167,3
-184,179,1
179,171,2
-175,184,1
190,-189,3
173,-181,3
-9,-4,4
-188,-180,0
-185,178,1
-190,180,1
-177,-186,0
1,-8,4
-184,176,1
-4,12,4
177,-167,3
6,198,5
-176,180,1
7,-7,4
177,-194,3
184,189,2
0,200,5
-176,-177,0
-7,-2,4
-179,-175,0
8,198,5
-180,176,1
-12,-9,4
-3,203,5
3,-4,4
-2,204,5
177,179,2
-180,175,1
-166,-181,0
-2,-2,4
182,173,2
5,-3,4
1,4,4
-175,-185,0
-182,-179,0
180,-175,3
186,-191,3
-195,175,1
-177,181,1
-3,203,5
-182,-182,0
-4,193,5
178,180,2
4,208,5
-191,-183,0
8,199,5
8,7,4
181,188,2
-189,-188,0
177,-184,3
-3,-5,4
187,-190,3
-5,200,5
7,-5,4
-184,-182,0
-171,-173,0
176,-188,3
1,-3,4
5,5,4
177,192,2
9,198,5
-3,204,5
0,190,5
-181,-180,0
0,190,5
1,208,5
180,181,2
-7,3,4
-3,-1,4
188,-186,3
-2,0,4
186,-181,3
-184,185,1
-171,-179,0
-177,-179,0
-183,-183,0
-165,-182,0
182,-171,3
187,183,2
-187,-174,0
-167,177,1
-170,-177,0
3,194,5
-181,185,1
-10,2,4
-180,182,1
172,200,2
7,203,5
180,-175,3
182,-181,3
184,-187,3
-197,-184,0
180,196,2
178,-176,3
-182,-186,0
1,205,5
189,190,2
-185,-174,0
186,-194,3
8,2,4
5,198,5
-188,189,1
-194,-182,0
-192,-171,0
-162,-179,0
179,180,2
-177,-181,0
178,-163,3
-4,197,5
-5,-4,4
-7,199,5
167,183,2
185,-163,3
3,7,4
182,-175,3
179,170,2
-164,-182,0
182,-181,3
-170,171,1
181,-165,3
2,207,5
182,190,2
183,173,2
2,199,5
181,-181,3
8,-1,4
-176,-172,0
-187,181,1
181,164,2
-184,179,1
-156,-186,0
0,201,5
-176,-182,0
-185,184,1
-2,204,5
185,-185,3
3,-1,4
181,-172,3
187,-186,3
-175,181,1
175,183,2
165,202,2
-170,184,1
-190,-185,0
175,-177,3
-172,-173,0
-172,-180,0
-1,188,5
4,-2,4
175,-167,3
3,195,5
-194,-176,0
-177,177,1
-182,182,1
-184,178,1
-174,-177,0
-183,185,1
178,189,2
182,-197,3
-182,181,1
-5,203,5
1,-2,4
179,172,2
1,204,5
184,185,2
177,-181,3
184,175,2
182,-185,3
178,201,2
183,-179,3
-186,-180,0
178,181,2
-2,204,5
177,172,2
-197,-183,0
2,196,5
186,-182,3
-6,193,5
171,-176,3
175,-177,3
1,3,4
0,-1,4
176,-174,3
179,-179,3
-186,-186,0
4,-4,4
175,-169,3
180,172,2
-179,178,1
181,161,2
-174,183,1
3,196,5
-6,2,4
-177,169,1
-183,-178,0
178,186,2
-175,177,1
173,-184,3
-170,177,1
184,-170,3
1,9,4
-180,186,1
184,-175,3
1,195,5
187,160,2
-177,181,1
4,-8,4
-182,182,1
177,-188,3
-183,178,1
174,-162,3
179,-172,3
5,202,5
3,195,5
-184,181,1
185,165,2
-4,197,5
-180,178,1
171,180,2
-190,177,1
179,-206,3
177,-177,3
1,189,5
1,196,5
1,207,5
179,-189,3
-4,-7,4
171,179,2
7,198,5
-175,178,1
-183,-177,0
184,-184,3
-1,196,5
-181,183,1
181,-188,3
-187,-181,0
0,-3,4
0,5,4
-1,192,5
-186,181,1
180,173,2
186,191,2
176,195,2
6,200,5
179,-160,3
-174,-183,0
-182,-177,0
0,196,5
-1,196,5
-179,181,1
176,-179,3
0,15,4
-181,184,1
177,-180,3
-196,-171,0
183,-183,3
-175,179,1
-6,6,4
185,183,2
2,10,4
-1,7,4
178,-167,3
-177,182,1
9,199,5
-3,-5,4
-192,-179,0
-2,3,4
179,-189,3
1,8,4
179,-178,3
-1,-3,4
-171,177,1
181,188,2
-180,178,1
177,-188,3
-187,185,1
174,171,2
180,168,2
-191,-175,0
-3,209,5
-172,-175,0
-194,-182,0
-2,196,5
-185,179,1
-173,177,1
185,-194,3
5,206,5
180,175,2
-4,-2,4
14,4,4
-185,-172,0
-193,-169,0
-178,-186,0
-6,-3,4
1,-1,4
-1,-3,4
185,176,2
-182,186,1
179,-173,3
1,5,4
-189,-181,0
3,202,5
-189,-176,0
-179,181,1
-176,181,1
-168,-185,0
-179,184,1
4,-2,4
181,185,2
-3,196,5
185,-169,3
180,-161,3
-189,178,1
173,176,2
4,203,5
-193,-179,0
-180,183,1
182,-170,3
187,176,2
176,198,2
2,-2,4
-175,-183,0
186,-182,3
175,-167,3
177,-180,3
-185,178,1
-172,-183,0
1,-2,4
-2,199,5
173,186,2
0,196,5
184,182,2
-178,178,1
-177,-178,0
-182,-177,0
182,-177,3
-181,177,1
181,-180,3
171,-184,3
5,190,5
3,1,4
-4,189,5
170,-187,3
3,-4,4
-2,0,4
-181,182,1
2,201,5
-3,196,5
-189,183,1
-179,185,1
178,181,2
-180,177,1
4,200,5
-1,-7,4
-179,174,1
170,171,2
-3,3,4
-183,175,1
2,-4,4
-181,183,1
0,6,4
6,3,4
183,-173,3
-179,182,1
-172,-176,0
6,1,4
-174,-185,0
-173,-185,0
-176,179,1
-4,209,5
5,-7,4
-180,174,1
-182,177,1
177,-171,3
-174,-180,0
0,-4,4
-179,181,1
177,-171,3
-184,180,1
172,188,2
177,185,2
179,-168,3
2,-8,4
0,-1,4
-175,181,1
-172,-177,0
-185,183,1
-181,182,1
195,185,2
182,178,2
-3,209,5
-178,180,1
176,172,2
-178,187,1
7,3,4
5,209,5
-179,184,1
-7,2,4
10,199,5
-1,-7,4
185,-190,3
179,-180,3
6,14,4
-6,208,5
183,-202,3
-2,196,5
181,183,2
187,-172,3
179,176,2
-175,185,1
183,182,2
172,179,2
181,-201,3
-163,-180,0
180,-175,3
-4,206,5
4,205,5
-183,172,1
-184,187,1
180,-189,3
174,-193,3
-3,193,5
178,-165,3
4,-6,4
-3,-8,4
-5,-3,4
4,-1,4
-177,-182,0
182,-185,3
-171,-175,0
177,186,2
183,169,2
180,-167,3
-188,-179,0
-177,-186,0
-1,195,5
179,188,2
-205,-178,0
7,202,5
182,164,2
-181,177,1
-6,5,4
175,175,2
-175,-176,0
-177,175,1
-171,184,1
5,205,5
178,-187,3
178,-163,3
1,2,4
-8,205,5
-182,-177,0
188,-176,3
-177,-181,0
186,159,2
-186,193,1
179,-165,3
176,-177,3
183,170,2
176,-197,3
-188,178,1
-4,4,4
181,198,2
1,198,5
-178,181,1
-3,199,5
1,204,5
-201,-178,0
-5,-4,4
-178,-172,0
-169,173,1
183,-189,3
6,4,4
1,209,5
-180,187,1
179,167,2
-181,178,1
-189,178,1
184,-199,3
-7,4,4
-168,-177,0
-172,183,1
-177,181,1
-193,-182,0
-180,183,1
4,194,5
182,-168,3
177,-191,3
-4,210,5
182,173,2
2,191,5
175,166,2
-182,183,1
-177,-180,0
-8,-7,4
188,184,2
1,204,5
-178,176,1
177,-168,3
172,184,2
-179,172,1
4,-6,4
179,166,2
-4,196,5
1,1,4
-9,200,5
179,-169,3
176,-183,3
-1,-2,4
-179,-179,0
-189,-172,0
-172,-180,0
-203,-182,0
0,5,4
-8,1,4
-2,201,5
-186,178,1
-168,-179,0
-190,184,1
179,183,2
-172,-182,0
178,-181,3
-184,186,1
-179,179,1
183,193,2
176,182,2
-183,-179,0
-7,209,5
4,200,5
-173,-177,0
182,-188,3
-3,11,4
183,-199,3
177,-175,3
173,-186,3
6,12,4
4,199,5
-3,205,5
181,-187,3
-5,202,5
179,-181,3
183,170,2
178,173,2
182,188,2
178,173,2
-176,182,1
-172,-182,0
180,183,2
5,202,5
7,8,4
180,-176,3
-187,-179,0
-181,181,1
-1,3,4
-8,199,5
177,162,2
-2,204,5
179,-174,3
-184,178,1
177,-174,3
-183,179,1
183,182,2
-172,-180,0
-9,203,5
-189,-183,0
-3,205,5
1,1,4
-187,179,1
-177,185,1
8,1,4
180,203,2
-9,199,5
181,-189,3
0,4,4
-179,186,1
-183,-175,0
1,4,4
176,183,2
-5,1,4
182,-180,3
178,176,2
-2,1,4
-6,4,4
181,206,2
-183,182,1
1,9,4
-182,-184,0
-1,-5,4
-182,179,1
180,163,2
185,-160,3
-195,-178,0
5,-1,4
-1,205,5
180,-182,3
5,202,5
184,-189,3
-173,-174,0
-2,202,5
181,-198,3
171,183,2
-4,207,5
-6,2,4
-1,-9,4
186,175,2
-1,-2,4
-2,198,5
-4,204,5
-173,179,1
-4,208,5
-176,183,1
-178,-186,0
-3,198,5
6,198,5
-2,1,4
-176,-181,0
-2,199,5
-168,172,1
-192,190,1
-1,204,5
181,189,2
-181,182,1
-180,-185,0
181,-167,3
179,-182,3
184,191,2
-185,181,1
-1,-4,4
5,-2,4
5,0,4
1,4,4
-3,-4,4
-4,207,5
188,188,2
-1,206,5
-183,-181,0
13,-1,4
184,193,2
-176,180,1
173,177,2
-177,178,1
184,180,2
178,-177,3
179,-165,3
180,-190,3
-183,187,1
-6,-5,4
-179,-175,0
-176,-179,0
-179,181,1
-1,199,5
-8,12,4
-192,179,1
179,-169,3
-174,-185,0
-193,-181,0
1,-2,4
6,195,5
183,-186,3
-5,207,5
-174,-186,0
7,4,4
-159,-174,0
182,-178,3
177,194,2
5,197,5
3,204,5
-176,182,1
-183,178,1
184,-158,3
178,-182,3
-171,184,1
-177,176,1
173,193,2
-181,-187,0
-4,-6,4
179,153,2
-195,-180,0
4,197,5
-173,-171,0
177,162,2
-178,174,1
4,202,5
179,-189,3
184,195,2
177,168,2
-181,-194,0
-173,-190,0
10,1,4
-187,179,1
-187,172,1
173,187,2
-175,176,1
182,194,2
178,201,2
6,-5,4
0,197,5
181,-189,3
5,198,5
178,176,2
-181,182,1
0,197,5
5,206,5
-177,-180,0
-173,-173,0
180,-182,3
182,171,2
174,163,2
4,193,5
6,195,5
-180,-179,0
-2,199,5
181,177,2
-1,14,4
179,177,2
-178,182,1
-174,-174,0
182,-163,3
-174,-183,0
-175,181,1
0,200,5
-7,3,4
-182,183,1
7,3,4
184,-189,3
6,198,5
-168,-198,0
-187,187,1
-189,-179,0
-7,0,4
-186,183,1
6,195,5
-179,-177,0
181,-184,3
-3,-4,4
-181,180,1
181,-174,3
2,5,4
178,171,2
5,-9,4
-10,4,4
-3,2,4
-176,178,1
179,-178,3
189,174,2
-171,-183,0
-2,-9,4
0,199,5
176,-173,3
181,-189,3
-4,193,5
-183,-176,0
0,204,5
0,5,4
11,-6,4
-10,-3,4
-10,184,5
-4,-8,4
176,-186,3
-186,-190,0
178,184,2
-165,-177,0
-8,198,5
-176,-185,0
174,171,2
187,-177,3
2,206,5
-187,177,1
-158,-177,0
6,206,5
1,2,4
-184,172,1
-13,-2,4
-187,-172,0
1,203,5
-4,-8,4
176,-171,3
-164,-175,0
-172,177,1
-185,173,1
-174,187,1
-10,2,4
173,-177,3
173,191,2
176,176,2
-5,1,4
181,185,2
178,169,2
180,177,2
-173,180,1
5,198,5
5,-1,4
173,173,2
2,196,5
-178,176,1
179,178,2
-170,-175,0
-173,-174,0
3,0,4
178,-180,3
-2,2,4
3,199,5
-178,184,1
1,194,5
182,187,2
-4,-6,4
1,203,5
180,-168,3
-1,1,4
5,206,5
-6,204,5
-192,-187,0
180,-190,3
-4,-2,4
182,-165,3
181,-180,3
184,-189,3
-185,186,1
-4,200,5
-173,-177,0
3,210,5
184,-170,3
13,1,4
-1,207,5
-175,-178,0
2,199,5
-175,179,1
-180,184,1
-3,-6,4
189,-184,3
6,5,4
172,-190,3
-177,180,1
1,193,5
184,166,2
183,177,2
2,16,4
-177,175,1
-175,183,1
-183,-184,0
182,-174,3
181,-164,3
1,194,5
183,-190,3
-174,-179,0
186,173,2
186,-176,3
-184,180,1
-1,200,5
-8,-1,4
4,202,5
-170,-185,0
-193,187,1
185,-172,3
2,195,5
-174,-178,0
-1,204,5
0,7,4
-5,203,5
-1,201,5
-161,-186,0
-177,193,1
3,191,5
8,194,5
3,5,4
-189,176,1
-177,181,1
176,-168,3
2,202,5
180,175,2
-186,187,1
6,201,5
1,200,5
7,192,5
183,-174,3
-4,198,5
-1,194,5
184,183,2
-1,9,4
184,-184,3
-204,-181,0
173,-178,3
-167,-182,0
-193,-169,0
-9,206,5
172,174,2
-178,-178,0
1,0,4
181,-180,3
175,193,2
-1,195,5
-179,185,1
178,184,2
-8,-4,4
-172,179,1
-3,201,5
-1,6,4
-172,180,1
185,172,2
184,185,2
0,-1,4
-2,194,5
-179,180,1
-3,-9,4
5,211,5
-10,207,5
181,-156,3
-167,-181,0
186,-190,3
-188,180,1
182,-185,3
6,-11,4
0,199,5
-174,-176,0
-4,-1,4
-4,7,4
-179,180,1
-185,179,1
-178,185,1
185,172,2
185,-198,3
-4,3,4
172,-167,3
181,176,2
7,-9,4
180,-188,3
-182,184,1
179,171,2
176,198,2
174,182,2
183,194,2
-180,184,1
5,191,5
3,197,5
-4,193,5
188,-191,3
3,-4,4
9,198,5
4,-2,4
183,190,2
186,-180,3
-180,183,1
188,180,2
-179,178,1
184,186,2
-176,175,1
-192,-186,0
-10,4,4
0,203,5
188,-175,3
175,162,2
-182,178,1
193,176,2
-182,178,1
-167,-183,0
176,-190,3
-1,6,4
-182,-182,0
8,203,5
-183,176,1
181,167,2
-176,-181,0
-173,-181,0
178,193,2
176,-198,3
-177,182,1
1,4,4
-4,195,5
-171,174,1
176,-176,3
173,183,2
-1,-13,4
-2,0,4
181,177,2
6,202,5
2,201,5
-5,200,5
-181,179,1
177,188,2
182,178,2
-184,183,1
-4,-3,4
-185,187,1
1,204,5
0,189,5
-5,203,5
0,200,5
-179,178,1
181,-174,3
178,-171,3
-11,-1,4
10,200,5
-179,-186,0
181,183,2
-173,-183,0
-187,-182,0
-181,180,1
180,164,2
179,191,2
-170,182,1
183,180,2
-1,202,5
-180,177,1
-170,178,1
180,179,2
187,184,2
-1,202,5
6,201,5
-5,197,5
-188,176,1
5,6,4
3,193,5
173,-171,3
-3,7,4
5,3,4
-177,175,1
-1,202,5
179,183,2
-7,-3,4
179,174,2
6,-1,4
180,-174,3
184,167,2
181,170,2
0,200,5
-177,-184,0
-175,185,1
-181,179,1
182,174,2
173,-171,3
-171,-178,0
176,170,2
1,206,5
-186,177,1
1,200,5
182,184,2
-1,-3,4
179,-185,3
-180,181,1
187,183,2
182,175,2
6,-2,4
0,1,4
169,-175,3
-2,202,5
184,-174,3
188,192,2
183,197,2
4,194,5
-1,0,4
177,-191,3
187,-161,3
-4,200,5
2,205,5
-7,199,5
-182,177,1
2,-4,4
-181,-186,0
182,172,2
-3,198,5
4,5,4
172,-190,3
177,197,2
179,-160,3
177,-180,3
180,-192,3
186,175,2
-181,180,1
182,-191,3
184,-177,3
-191,-189,0
-191,-176,0
177,174,2
-2,211,5
178,185,2
185,-157,3
1,207,5
-189,-177,0
180,-175,3
179,-190,3
-6,-3,4
-5,6,4
180,-169,3
177,185,2
3,199,5
174,191,2
172,163,2
3,189,5
184,-182,3
2,3,4
-175,179,1
